# Blender 5.1.2
# www.blender.org
mtllib boggie_full.mtl
o body
v 0.202010 -0.681245 -0.094839
v 0.160611 -0.681712 -0.136912
v 0.148904 -0.434100 -0.123704
v 0.196581 -0.434100 -0.084930
v 0.115659 -0.685445 -0.133694
v 0.105266 -0.435610 -0.107131
v 0.084740 -0.685279 -0.097203
v 0.066086 -0.434100 -0.074838
v 0.069397 -0.684008 -0.040209
v 0.036016 -0.434100 -0.032872
v 0.082193 -0.676183 0.006731
v 0.064478 -0.434100 0.021412
v 0.100107 -0.593695 0.050405
v 0.104780 -0.667369 0.046042
v 0.148506 -0.625752 0.056508
v 0.176658 -0.764392 0.031886
v 0.202360 -0.776485 0.013489
v 0.177148 -0.711150 0.032731
v 0.228779 -0.679998 -0.029489
v 0.227932 -0.761978 -0.058921
v 0.219828 -0.681198 -0.057591
v 0.206903 -0.785639 -0.105313
v 0.220732 -0.868839 -0.017792
v 0.212830 -0.877806 -0.063701
v 0.210174 -0.852383 -0.060361
v 0.219774 -0.837939 -0.013957
v 0.206969 -0.876359 -0.110208
v 0.207620 -0.852295 -0.106964
v 0.172660 -0.873539 -0.147530
v 0.172784 -0.852142 -0.142606
v 0.141025 -0.877563 -0.152524
v 0.116050 -0.880740 -0.147700
v 0.114404 -0.855083 -0.143951
v 0.143922 -0.857045 -0.149154
v 0.082670 -0.881541 -0.114780
v 0.087968 -0.861821 -0.111568
v 0.065835 -0.879084 -0.041913
v 0.075572 -0.838717 -0.045839
v 0.092353 -0.913585 -0.046631
v 0.098547 -0.891539 0.015022
v 0.079692 -0.868340 0.007183
v 0.119869 -0.875099 0.044940
v 0.102643 -0.851261 0.040156
v 0.143606 -0.860865 0.053144
v 0.140262 -0.838750 0.053906
v 0.176551 -0.863178 0.044623
v 0.198399 -0.881720 0.021750
v 0.198211 -0.852099 0.018814
v 0.176037 -0.843285 0.044495
v 0.095672 -0.434100 0.062846
v 0.155155 -0.555659 0.070407
v 0.143085 -0.434100 0.070255
v 0.183943 -0.665867 0.039860
v 0.202250 -0.826022 0.014857
v 0.142161 -0.757501 0.042377
v 0.208563 -0.891241 -0.010517
v 0.211050 -0.905275 -0.043552
v 0.176201 -0.811431 0.035023
v 0.139329 -0.806786 0.043869
v 0.105336 -0.813836 0.032929
v 0.082987 -0.822890 0.001741
v 0.201985 -0.905600 -0.108284
v 0.171310 -0.908011 -0.145581
v 0.142968 -0.910759 -0.153014
v 0.118465 -0.913136 -0.150306
v 0.085510 -0.907834 -0.113564
v 0.203490 -0.767933 -0.019979
v 0.165742 -0.790239 -0.137312
v 0.109436 -0.790522 -0.138519
v 0.089752 -0.792418 -0.109433
v 0.073846 -0.820271 -0.044589
v 0.079235 -0.800646 0.002445
v 0.105236 -0.786828 0.027972
v 0.105156 -0.766329 0.037182
v 0.083341 -0.777138 -0.000004
v 0.140692 -0.784724 0.035834
v 0.210876 -0.434100 -0.032872
v 0.203121 -0.434100 0.030864
v 0.202772 -0.590988 0.030559
v 0.201958 -0.672289 0.011670
v 0.076596 -0.787845 -0.051500
v 0.176446 -0.787889 0.026025
v 0.177535 -0.893567 -0.045091
v 0.173002 -0.893730 -0.077458
v 0.143813 -0.869368 0.003256
v 0.171209 -0.881790 -0.012441
v 0.123826 -0.871790 -0.000247
v 0.121312 -0.881991 -0.015805
v 0.117520 -0.892305 -0.046631
v 0.114765 -0.894847 -0.080097
v 0.131242 -0.897498 -0.098469
v 0.157665 -0.894935 -0.096106
v -0.085330 -0.826420 -0.105653
v -0.119002 -0.852118 -0.139048
v -0.085269 -0.803375 -0.094929
v -0.152488 -0.849147 -0.147920
v -0.174778 -0.855938 -0.144839
v -0.186062 -0.821351 -0.146341
v -0.150020 -0.819916 -0.162318
v -0.178527 -0.803064 -0.149868
v -0.209527 -0.771913 -0.119152
v -0.204408 -0.732460 -0.112189
v -0.163332 -0.786083 -0.132204
v -0.222362 -0.730816 -0.091699
v -0.222772 -0.696568 -0.069193
v -0.207895 -0.691589 -0.032398
v -0.218638 -0.621328 -0.024589
v -0.221075 -0.646222 -0.063932
v -0.197856 -0.608570 0.032320
v -0.203562 -0.429594 0.026171
v -0.214239 -0.426402 -0.002924
v -0.170804 -0.603330 0.050511
v -0.174949 -0.428643 0.051963
v -0.144180 -0.782551 0.023835
v -0.123493 -0.795751 0.018694
v -0.115954 -0.742954 0.043908
v -0.099377 -0.820013 0.002151
v -0.097631 -0.784960 0.003344
v -0.073860 -0.799039 -0.052703
v -0.087769 -0.779676 -0.052025
v -0.206182 -0.910933 -0.065911
v -0.199824 -0.899670 -0.021118
v -0.216677 -0.868373 -0.019289
v -0.220374 -0.880338 -0.065016
v -0.191852 -0.880408 0.017370
v -0.183409 -0.845238 0.014354
v -0.163784 -0.863076 0.039322
v -0.167854 -0.830079 0.038256
v -0.139037 -0.861820 0.048391
v -0.113284 -0.869695 0.035605
v -0.117186 -0.826352 0.034955
v -0.141806 -0.819867 0.050479
v -0.100059 -0.879491 0.003473
v -0.103168 -0.847604 0.002300
v -0.089669 -0.889551 -0.026413
v -0.079633 -0.903628 -0.056014
v -0.078740 -0.873452 -0.055059
v -0.084495 -0.861574 -0.027667
v -0.087884 -0.909287 -0.113908
v -0.087307 -0.875806 -0.112765
v -0.120959 -0.908431 -0.152962
v -0.120775 -0.883647 -0.152090
v -0.175674 -0.906968 -0.149484
v -0.175155 -0.882965 -0.147942
v -0.206690 -0.906021 -0.114453
v -0.207513 -0.880528 -0.115106
v -0.187119 -0.814953 0.016805
v -0.214362 -0.829271 -0.017321
v -0.223206 -0.837552 -0.033565
v -0.218521 -0.853480 -0.086817
v -0.212162 -0.840544 -0.053843
v -0.189179 -0.855893 -0.131962
v -0.086848 -0.849167 -0.111855
v -0.081108 -0.841914 -0.054061
v -0.091358 -0.828155 -0.018747
v -0.117839 -0.811326 0.026403
v -0.140942 -0.806479 0.040609
v -0.165779 -0.807606 0.037870
v -0.163599 -0.805478 0.033831
v -0.142099 -0.802841 0.032040
v -0.169071 -0.769268 0.024982
v -0.151352 -0.802481 -0.155585
v -0.095303 -0.757513 -0.108912
v -0.120149 -0.799453 -0.139022
v -0.119999 -0.768231 -0.135958
v -0.066490 -0.678879 -0.048768
v -0.079314 -0.428447 -0.096922
v -0.065171 -0.432650 -0.040534
v -0.071041 -0.623536 0.007527
v -0.079314 -0.432237 0.015854
v -0.116552 -0.599562 0.048036
v -0.117250 -0.432208 0.054340
v -0.141540 -0.599828 0.058446
v -0.142515 -0.424806 0.064655
v -0.086900 -0.690462 0.004614
v -0.119039 -0.809502 0.021478
v -0.207947 -0.855349 -0.115152
v -0.204327 -0.800425 -0.110925
v -0.213137 -0.783193 -0.065674
v -0.205567 -0.667538 -0.117128
v -0.171616 -0.691725 -0.146526
v -0.119835 -0.733970 -0.132596
v -0.117250 -0.435004 -0.135408
v -0.209291 -0.757736 -0.008444
v -0.191644 -0.751471 0.017862
v -0.204948 -0.762873 -0.027111
v -0.195263 -0.689883 0.025547
v -0.168620 -0.695381 0.039702
v -0.140972 -0.701742 0.044423
v -0.077402 -0.746732 -0.051336
v -0.155903 -0.430764 -0.127266
v -0.116129 -0.701042 0.033647
v -0.089138 -0.653272 0.006233
v -0.079641 -0.703899 -0.049863
v -0.213770 -0.429509 -0.041288
v -0.201564 -0.431958 -0.091074
v -0.116929 -0.895579 -0.051738
v -0.121055 -0.898408 -0.080685
v -0.127143 -0.881880 -0.021995
v -0.133755 -0.873208 -0.003784
v -0.159005 -0.874376 -0.004070
v -0.168824 -0.882675 -0.015046
v -0.173267 -0.894777 -0.034290
v -0.180204 -0.899231 -0.056687
v -0.180458 -0.896775 -0.080958
v -0.164950 -0.897249 -0.098473
v -0.137593 -0.897981 -0.100213
v 0.376657 0.231272 -0.122078
v 0.346438 0.199040 -0.155135
v 0.332959 0.239442 -0.160611
v 0.371493 0.248560 -0.129141
v 0.310328 0.174742 -0.155540
v 0.293032 0.226433 -0.167129
v 0.266299 0.175768 -0.115623
v 0.261098 0.213190 -0.128870
v 0.260394 0.188988 -0.069930
v 0.250781 0.218018 -0.084001
v 0.264141 0.221373 -0.036791
v 0.343274 -0.017774 0.062090
v 0.376176 0.001159 0.087066
v 0.359598 0.053778 0.065102
v 0.326379 0.031303 0.041622
v 0.414658 0.012495 0.073978
v 0.397304 0.068439 0.057355
v 0.441434 0.012993 0.050452
v 0.426775 0.069458 0.032875
v 0.461454 0.000522 0.015850
v 0.441110 0.054114 -0.003743
v 0.390690 0.253152 -0.084001
v 0.317876 0.296230 -0.163037
v 0.360265 0.299964 -0.123807
v 0.276944 0.276891 -0.169537
v 0.244157 0.255512 -0.132255
v 0.242883 0.245357 -0.074084
v 0.255047 0.252313 -0.030793
v 0.295111 0.234427 -0.001085
v 0.291696 0.271142 -0.006138
v 0.339864 0.251648 -0.008246
v 0.328570 0.285887 -0.017583
v 0.371858 0.252779 -0.037872
v 0.360029 0.294482 -0.034623
v 0.374675 0.300843 -0.074242
v 0.427711 -0.037484 -0.038806
v 0.458398 -0.019195 -0.014469
v 0.447203 -0.019382 -0.007627
v 0.422195 -0.034286 -0.027460
v 0.384955 -0.049358 -0.038240
v 0.387351 -0.043963 -0.026999
v 0.352403 -0.047603 -0.018763
v 0.360823 -0.042533 -0.011126
v 0.336582 -0.035975 0.021673
v 0.347930 -0.033057 0.021827
v 0.353383 -0.018224 0.054765
v 0.380197 -0.002794 0.075118
v 0.411558 0.006444 0.064453
v 0.433378 0.006849 0.045280
v 0.449694 -0.003314 0.017081
v 0.225431 0.338285 -0.102015
v 0.244849 0.379139 -0.149821
v 0.286614 0.399958 -0.152407
v 0.323311 0.422773 -0.123730
v 0.337849 0.424396 -0.058632
v 0.326372 0.416648 -0.017405
v 0.297398 0.403089 0.020294
v 0.261379 0.381776 0.036111
v 0.242039 0.338932 0.005526
v 0.222831 0.320777 -0.039749
v 0.435592 0.039013 -0.038660
v 0.403633 0.020547 -0.065882
v 0.389537 0.018042 -0.069751
v 0.329954 0.004414 -0.041638
v 0.368272 0.004172 -0.068484
v 0.316976 0.015559 0.001818
v 0.071443 0.192152 -0.079796
v 0.002646 0.188642 -0.081216
v 0.002646 0.241540 -0.080278
v 0.071884 0.242492 -0.079625
v 0.002646 0.192349 0.189630
v 0.085107 0.192349 0.172378
v 0.085533 0.241336 0.165761
v 0.002646 0.240378 0.184045
v 0.179952 0.193328 0.096943
v 0.195528 0.195542 0.032703
v 0.191154 0.250672 0.032703
v 0.176244 0.248203 0.100952
v 0.179181 0.198261 -0.010919
v 0.140239 0.194621 -0.057955
v 0.139077 0.241857 -0.062495
v 0.178418 0.248574 -0.012464
v 0.070818 0.673691 -0.078385
v 0.002646 0.667666 -0.083432
v 0.002646 0.720657 -0.045780
v 0.036087 0.718395 -0.044426
v 0.060746 0.543807 -0.139636
v 0.055427 0.477237 -0.146539
v 0.002646 0.454158 -0.149298
v 0.002646 0.542976 -0.142712
v 0.252181 0.528917 -0.112566
v 0.236224 0.479705 -0.120485
v 0.153434 0.463810 -0.136502
v 0.192874 0.540891 -0.124450
v 0.190598 0.328584 0.100977
v 0.211292 0.325655 0.036466
v 0.227331 0.391552 0.039756
v 0.203151 0.397044 0.100998
v 0.079099 0.619072 -0.110966
v 0.002646 0.619075 -0.113608
v 0.277005 0.590341 -0.090733
v 0.214725 0.607807 -0.090134
v 0.226836 0.644935 -0.050488
v 0.280116 0.616222 -0.047241
v 0.220537 0.552349 0.091418
v 0.261964 0.535880 0.068572
v 0.273824 0.593369 0.036951
v 0.216768 0.624355 0.060445
v 0.003084 0.631644 0.131410
v 0.002646 0.593129 0.145668
v 0.018869 0.595137 0.142493
v 0.012999 0.628518 0.125986
v 0.080516 0.073239 -0.121323
v 0.002646 0.062735 -0.117716
v 0.002646 0.104618 0.194745
v 0.096105 0.104618 0.182314
v 0.213191 0.104618 0.099026
v 0.225962 0.104618 0.027189
v 0.218829 0.106247 -0.028448
v 0.171733 0.088943 -0.084370
v 0.084617 -0.024993 -0.135223
v 0.002646 -0.027750 -0.139299
v 0.002646 -0.010408 0.201185
v 0.099271 -0.010408 0.186798
v 0.231738 -0.010408 0.096460
v 0.252715 -0.010408 0.016180
v 0.231573 -0.012964 -0.053301
v 0.183063 -0.014840 -0.098515
v 0.007343 -0.152800 -0.160969
v 0.089158 -0.152373 -0.150822
v 0.091732 -0.276148 -0.162700
v 0.002646 -0.279366 -0.170705
v 0.105438 -0.286088 0.196427
v 0.002646 -0.286088 0.212418
v 0.002646 -0.434424 0.225147
v 0.108102 -0.434425 0.207282
v 0.257585 -0.137752 0.015843
v 0.236368 -0.137752 0.095596
v 0.246852 -0.279366 0.088985
v 0.264098 -0.279366 0.011773
v 0.195606 -0.129738 -0.114174
v 0.237337 -0.133852 -0.064962
v 0.248812 -0.276234 -0.069022
v 0.191521 -0.278276 -0.142662
v 0.004483 0.370779 0.195312
v 0.037415 0.401047 0.188736
v 0.014370 0.394453 0.204433
v 0.056839 0.673834 0.117191
v 0.049276 0.626110 0.148783
v 0.101380 0.626475 0.153183
v 0.100892 0.671757 0.113309
v 0.223356 0.650161 0.011464
v 0.278848 0.627162 -0.006965
v 0.097943 0.697215 0.007639
v 0.146432 0.684194 0.013067
v 0.147100 0.667150 -0.064962
v 0.084412 0.713776 -0.031775
v 0.087109 0.727876 0.057411
v 0.068100 0.719723 0.060239
v 0.060910 0.699117 0.086721
v 0.098881 0.705888 0.079525
v 0.030516 0.738101 -0.041878
v 0.002646 0.740018 -0.046410
v 0.002646 0.767910 -0.052945
v 0.030113 0.768058 -0.040832
v 0.079337 0.724262 0.008538
v 0.058386 0.736184 -0.029164
v 0.066831 0.768255 -0.024638
v 0.090968 0.752001 0.022152
v 0.192022 0.308227 -0.015880
v 0.175323 0.312367 -0.075245
v 0.205232 0.372744 -0.086395
v 0.203920 0.361778 -0.018867
v 0.149754 0.313851 -0.084112
v 0.159094 0.385877 -0.107502
v 0.028233 0.559668 0.151435
v 0.042914 0.583849 0.137138
v 0.022094 0.571380 0.142228
v 0.051201 0.616407 0.121286
v 0.062839 0.692999 0.071560
v 0.037659 0.632786 0.107384
v 0.031949 0.623888 0.122405
v 0.015952 0.631469 0.126090
v 0.017409 0.633579 0.116749
v 0.024717 0.647292 0.107895
v 0.019268 0.650260 0.120862
v 0.025417 0.600940 0.134722
v 0.019185 0.617501 0.124999
v 0.039660 0.689452 0.077918
v 0.045173 0.689568 0.088100
v 0.061051 0.692508 0.073220
v 0.063888 0.660105 0.085496
v 0.007839 0.673033 0.112053
v 0.018387 0.664405 0.115163
v 0.023671 0.680571 0.100396
v 0.051838 0.680125 0.091670
v 0.002646 0.781721 -0.050445
v 0.041545 0.779566 -0.044906
v 0.087203 0.756905 0.028459
v 0.064008 0.777047 -0.022062
v 0.108334 0.719014 0.048158
v 0.118185 0.694789 0.062833
v 0.095163 0.671568 0.065255
v 0.088504 0.693907 0.044933
v 0.147882 0.654436 0.087117
v 0.100589 0.727365 0.052342
v 0.118891 0.699856 0.068567
v 0.146431 0.659649 0.093055
v 0.107293 0.641846 0.086326
v 0.176348 0.607198 0.110042
v 0.143339 0.605593 0.103414
v 0.148716 0.612013 0.132236
v 0.171235 0.609895 0.123127
v 0.119923 0.544817 -0.135128
v 0.102575 0.476115 -0.139600
v 0.146178 0.618012 -0.102248
v 0.052086 0.770664 -0.012652
v 0.002646 0.775881 -0.031664
v 0.031263 0.773431 -0.029943
v 0.090934 0.382945 -0.122323
v 0.081149 0.311101 -0.104699
v 0.036731 0.381146 -0.118124
v 0.002679 0.308559 -0.096766
v 0.002646 0.380014 -0.115647
v 0.207123 0.422374 -0.118500
v 0.181859 -0.279366 0.171203
v 0.193069 -0.434425 0.160066
v 0.162997 0.104618 0.159937
v 0.168146 -0.008679 0.160471
v 0.141952 0.193507 0.152680
v 0.138709 0.247170 0.150333
v 0.176800 -0.137752 0.158926
v 0.090763 0.401600 0.171717
v 0.088323 0.331015 0.183896
v 0.143513 0.331279 0.147094
v 0.145606 0.402094 0.152529
v 0.040871 0.600840 0.167070
v 0.097925 0.603389 0.169532
v 0.146279 0.587895 0.142950
v 0.170464 0.587493 0.126533
v 0.181017 0.588738 0.106194
v 0.109373 0.588064 0.146203
v 0.133125 0.582318 0.128803
v 0.163832 0.576717 0.124945
v 0.209530 0.454025 0.100739
v 0.241943 0.452704 0.063197
v 0.145682 0.468957 0.147014
v 0.098735 0.461748 0.188121
v 0.092238 0.443167 0.182604
v 0.120513 0.471849 0.168144
v 0.045552 0.473675 0.200911
v 0.149635 0.553431 0.149727
v 0.141146 0.557190 0.137769
v 0.029187 0.560558 0.182271
v 0.074145 0.542314 0.188665
v 0.002646 0.326085 0.189656
v 0.145721 0.503362 0.144176
v 0.169318 0.531999 0.137014
v 0.173704 0.523495 0.127069
v 0.170147 0.537083 0.128836
v 0.290630 0.534241 0.023687
v 0.274521 0.488823 0.051464
v 0.252517 0.414118 0.048462
v 0.236168 0.370465 0.023109
v 0.223563 0.349407 -0.028500
v 0.219428 0.364818 -0.092322
v 0.235204 0.438672 -0.130824
v 0.272042 0.491975 -0.117095
v 0.292701 0.544683 -0.087702
v 0.297049 0.567947 -0.018701
v 0.342933 0.089446 -0.111762
v 0.297312 0.086915 -0.080804
v 0.387466 0.098527 -0.106043
v 0.421810 0.123703 -0.077662
v 0.426295 0.136242 -0.042886
v 0.402620 0.151849 -0.004171
v 0.366246 0.145381 0.027218
v 0.324717 0.137247 0.029955
v 0.296551 0.122764 0.006807
v 0.286786 0.099367 -0.034106
v 0.417259 0.099688 0.018635
v 0.430779 0.088439 -0.016909
v 0.388889 0.097424 0.045603
v 0.344418 0.087299 0.052161
v 0.314396 0.071687 0.026510
v 0.304061 0.054983 -0.014771
v 0.316205 0.039164 -0.058135
v 0.357599 0.040090 -0.086713
v 0.386817 0.049886 -0.081148
v 0.374169 0.048425 -0.083441
v 0.424727 0.078113 -0.052845
v 0.322053 0.033716 0.038983
v 0.312449 0.018160 -0.001976
v 0.361323 0.022258 -0.093684
v 0.355377 0.023769 -0.090417
v 0.366757 0.045497 -0.090662
v 0.371028 0.042791 -0.090878
v 0.401113 0.037575 -0.078459
v 0.431961 0.059758 -0.049128
v 0.375136 0.008024 -0.080144
v 0.375565 0.011765 -0.083161
v 0.372396 0.028163 -0.013321
v 0.002646 -0.606043 0.234883
v 0.111183 -0.606043 0.230543
v 0.202480 -0.606043 0.171582
v 0.268244 -0.606043 0.085896
v 0.269186 -0.434425 0.089451
v 0.288562 -0.434425 0.002754
v 0.290645 -0.606043 -0.004818
v 0.264690 -0.606043 -0.085570
v 0.254666 -0.432995 -0.078018
v 0.179323 -0.435500 -0.159345
v 0.172607 -0.610055 -0.188921
v 0.102223 -0.606043 -0.217980
v 0.097435 -0.432956 -0.172181
v 0.002646 -0.434425 -0.174423
v 0.002646 -0.606043 -0.217111
v 0.102775 -0.137752 0.191763
v 0.002646 -0.137751 0.208316
v -0.365650 0.232360 -0.115466
v -0.360487 0.249648 -0.122529
v -0.324332 0.239442 -0.162937
v -0.340439 0.202909 -0.149086
v -0.285182 0.224574 -0.166610
v -0.304329 0.178611 -0.149491
v -0.252472 0.213190 -0.128718
v -0.250059 0.175768 -0.115472
v -0.234605 0.218036 -0.076456
v -0.244153 0.188988 -0.069778
v -0.255515 0.221373 -0.036639
v -0.342141 -0.025859 0.062625
v -0.320555 0.030964 0.040235
v -0.348238 0.057979 0.063567
v -0.370397 -0.003451 0.081794
v -0.386205 0.074534 0.054876
v -0.409365 0.008909 0.077928
v -0.418535 0.076808 0.031217
v -0.438800 0.009760 0.054194
v -0.430470 0.061905 -0.007263
v -0.453122 0.000613 0.016048
v -0.373885 0.253152 -0.072169
v -0.351639 0.299964 -0.123655
v -0.309249 0.296230 -0.165364
v -0.272428 0.275032 -0.169169
v -0.235530 0.255512 -0.132104
v -0.227240 0.245372 -0.071379
v -0.246420 0.252313 -0.030641
v -0.283070 0.271142 -0.005986
v -0.286485 0.234427 -0.000934
v -0.319944 0.285887 -0.017432
v -0.329416 0.247844 -0.009809
v -0.351402 0.294482 -0.037593
v -0.360259 0.254267 -0.037980
v -0.364849 0.299631 -0.074348
v -0.419213 -0.036750 -0.034757
v -0.413569 -0.034286 -0.027309
v -0.439920 -0.018587 -0.010512
v -0.444281 -0.018797 -0.013802
v -0.376539 -0.049134 -0.037520
v -0.378888 -0.046280 -0.028780
v -0.339604 -0.053842 -0.014028
v -0.348222 -0.047828 -0.008704
v -0.324208 -0.042749 0.023093
v -0.335363 -0.039119 0.022874
v -0.348910 -0.024550 0.057582
v -0.371606 -0.005808 0.073390
v -0.407113 0.006032 0.073021
v -0.433187 0.007428 0.049214
v -0.446848 -0.001449 0.016762
v -0.239556 0.379139 -0.154752
v -0.198591 0.340082 -0.115084
v -0.281321 0.399958 -0.152407
v -0.318018 0.422773 -0.111272
v -0.332556 0.424396 -0.058632
v -0.321079 0.416648 -0.017405
v -0.292106 0.403089 0.020294
v -0.271445 0.369959 0.027558
v -0.242121 0.338629 -0.006905
v -0.221454 0.316177 -0.041170
v -0.426881 0.039165 -0.038207
v -0.407889 0.024338 -0.057186
v -0.395491 0.019516 -0.058013
v -0.360435 0.008138 -0.057775
v -0.325873 0.003906 -0.037893
v -0.311279 0.012708 0.003978
v -0.066150 0.185587 -0.079796
v -0.066591 0.238350 -0.084588
v -0.092169 0.236749 0.165165
v -0.088845 0.187408 0.167870
v -0.174659 0.192349 0.096943
v -0.170951 0.242493 0.100952
v -0.178749 0.246772 0.032703
v -0.186362 0.195757 0.032703
v -0.177301 0.196359 -0.017106
v -0.173125 0.250949 -0.012464
v -0.135502 0.242876 -0.056631
v -0.134946 0.192349 -0.057955
v -0.065525 0.673691 -0.078385
v -0.030794 0.718395 -0.044426
v -0.055453 0.543807 -0.139636
v -0.046306 0.472784 -0.147298
v -0.241911 0.529745 -0.115940
v -0.187581 0.540891 -0.124450
v -0.143671 0.464520 -0.138928
v -0.224217 0.473818 -0.120500
v -0.185305 0.328584 0.100977
v -0.197858 0.397044 0.100998
v -0.222038 0.391552 0.039756
v -0.205999 0.325655 0.036466
v -0.073806 0.619072 -0.110966
v -0.258407 0.590300 -0.080651
v -0.271155 0.613244 -0.048315
v -0.221543 0.644936 -0.050488
v -0.209432 0.607807 -0.090134
v -0.215244 0.552349 0.091578
v -0.211475 0.629615 0.062423
v -0.268531 0.593369 0.036952
v -0.256671 0.535880 0.068572
v -0.075223 0.073239 -0.121323
v -0.090812 0.104618 0.182314
v -0.224973 0.104618 0.027189
v -0.207898 0.104618 0.099026
v -0.166440 0.088943 -0.084370
v -0.208838 0.106247 -0.028448
v -0.077087 -0.024993 -0.135223
v -0.093978 -0.010408 0.186798
v -0.247422 -0.010408 0.016180
v -0.226445 -0.010408 0.096460
v -0.177770 -0.014840 -0.098515
v -0.226280 -0.012964 -0.053300
v -0.073630 -0.276148 -0.171944
v -0.070868 -0.154665 -0.158724
v -0.098229 -0.286088 0.183474
v -0.102809 -0.434425 0.186452
v -0.252292 -0.137752 0.015843
v -0.258805 -0.279366 0.011773
v -0.241560 -0.279366 0.088985
v -0.231075 -0.137752 0.095596
v -0.190313 -0.129738 -0.114174
v -0.186228 -0.278276 -0.122237
v -0.259453 -0.276234 -0.069022
v -0.243659 -0.131686 -0.067230
v -0.074713 0.664468 0.110294
v -0.108177 0.662322 0.094990
v -0.106109 0.623225 0.127975
v -0.072420 0.626309 0.142564
v -0.273555 0.627162 -0.006965
v -0.218063 0.655850 -0.001601
v -0.092650 0.697215 0.007639
v -0.079119 0.713776 -0.031775
v -0.141807 0.667150 -0.064962
v -0.141140 0.684194 0.002713
v -0.025223 0.738101 -0.041878
v -0.024820 0.768058 -0.040832
v -0.074044 0.724262 0.008538
v -0.081358 0.743396 0.016972
v -0.061538 0.768255 -0.024638
v -0.053094 0.736184 -0.029164
v -0.186730 0.308227 -0.015880
v -0.204996 0.370612 -0.017588
v -0.194987 0.385496 -0.083043
v -0.170030 0.312367 -0.075245
v -0.153801 0.385877 -0.107502
v -0.143950 0.312057 -0.083529
v -0.006105 0.517614 0.181684
v 0.002857 0.529913 0.167658
v -0.012361 0.569429 0.159793
v -0.020171 0.562603 0.172452
v -0.034772 0.635178 0.120520
v -0.061896 0.671052 0.108000
v -0.045010 0.635794 0.141815
v -0.055181 0.709644 0.056872
v -0.064001 0.697350 0.079234
v -0.057546 0.692999 0.071560
v -0.010380 0.629204 0.120560
v -0.006447 0.629009 0.125726
v -0.008331 0.631795 0.125080
v -0.012132 0.650007 0.119195
v -0.020298 0.646473 0.109204
v -0.010573 0.593526 0.144353
v -0.002667 0.668931 0.109077
v 0.002018 0.674913 0.088312
v -0.003997 0.673813 0.112086
v -0.048184 0.671234 0.092242
v -0.046742 0.680987 0.090659
v -0.094999 0.693500 0.069102
v -0.079155 0.696247 0.077302
v -0.036252 0.779566 -0.044906
v -0.077377 0.747150 0.023414
v -0.058715 0.777047 -0.022062
v -0.100471 0.709293 0.046242
v -0.080872 0.693458 0.042667
v -0.089870 0.671568 0.065255
v -0.114663 0.691100 0.058902
v -0.136815 0.652788 0.088108
v -0.099640 0.712372 0.050411
v -0.110251 0.692088 0.063055
v -0.118838 0.648199 0.073947
v -0.162816 0.611561 0.112690
v -0.158547 0.612153 0.095496
v -0.138411 0.622295 0.121842
v -0.114630 0.544817 -0.135128
v -0.096895 0.474434 -0.137235
v -0.140885 0.618012 -0.102248
v -0.067344 0.744536 0.023141
v -0.046793 0.770664 -0.012652
v -0.025970 0.773431 -0.029943
v -0.085642 0.382945 -0.122323
v -0.075174 0.306090 -0.103470
v -0.031439 0.381146 -0.113529
v -0.176567 -0.279366 0.171203
v -0.187776 -0.434425 0.160066
v -0.157704 0.104618 0.159937
v -0.162853 -0.008679 0.160471
v -0.134946 0.192349 0.152680
v -0.128087 0.236505 0.143655
v -0.171507 -0.137752 0.158926
v -0.087786 0.713495 0.058083
v -0.138221 0.331279 0.152958
v -0.140313 0.386501 0.150319
v -0.032802 0.596736 0.163735
v -0.025853 0.607456 0.140811
v -0.109573 0.594343 0.148934
v -0.092498 0.594060 0.156348
v -0.140390 0.592958 0.140589
v -0.170188 0.586845 0.124158
v -0.170832 0.576809 0.116196
v -0.139399 0.580760 0.122048
v -0.109268 0.585251 0.138126
v -0.213389 0.494832 0.100576
v -0.234999 0.453056 0.063608
v -0.140389 0.468957 0.156368
v -0.210234 0.454025 0.106460
v -0.000081 0.475782 0.209409
v -0.029991 0.399118 0.205033
v -0.138762 0.509030 0.158757
v -0.140428 0.503362 0.144176
v -0.089321 0.459707 0.178725
v -0.090999 0.470367 0.190313
v -0.016035 0.477072 0.198056
v -0.021236 0.478049 0.189454
v -0.050377 0.322207 0.196241
v -0.047456 0.401828 0.194959
v -0.085470 0.431059 0.181936
v -0.161004 0.529915 0.132349
v -0.136573 0.548658 0.136599
v -0.269228 0.488823 0.051464
v -0.285338 0.534241 0.023688
v -0.247224 0.414118 0.053435
v -0.237032 0.371728 0.035618
v -0.212195 0.355490 -0.027891
v -0.191586 0.358523 -0.090732
v -0.229911 0.438672 -0.130824
v -0.256034 0.486229 -0.124231
v -0.282819 0.532619 -0.091432
v -0.291756 0.567947 -0.018701
v -0.199873 0.423385 -0.116032
v -0.332598 0.094508 -0.108912
v -0.288173 0.094169 -0.078561
v -0.378840 0.098527 -0.105892
v -0.408579 0.127520 -0.073494
v -0.413064 0.140059 -0.038717
v -0.393994 0.151849 -0.004020
v -0.359005 0.146914 0.028166
v -0.316090 0.137247 0.026320
v -0.287925 0.122764 0.003172
v -0.271101 0.097861 -0.034449
v -0.405240 0.107001 0.014478
v -0.416410 0.097287 -0.018262
v -0.376003 0.107667 0.041373
v -0.336141 0.087626 0.052098
v -0.307197 0.066662 0.029545
v -0.295434 0.054983 -0.014619
v -0.311495 0.039911 -0.050254
v -0.351131 0.043618 -0.071698
v -0.385258 0.060276 -0.070214
v -0.376397 0.052337 -0.075052
v -0.412813 0.080794 -0.049814
v -0.421506 0.081217 0.032717
v -0.386806 0.080086 0.059218
v -0.314427 0.034431 0.038639
v -0.303823 0.018160 -0.001825
v -0.378419 0.023885 -0.092713
v -0.377118 0.046026 -0.085899
v -0.372311 0.042486 -0.088028
v -0.370046 0.024533 -0.090519
v -0.423110 0.059074 -0.048949
v -0.392014 0.037538 -0.073486
v -0.387893 0.015479 -0.077171
v -0.381883 0.014808 -0.077457
v -0.363770 0.028163 -0.013170
v -0.105890 -0.606043 0.230543
v -0.197187 -0.606043 0.171582
v -0.262951 -0.606043 0.085896
v -0.263893 -0.434425 0.089451
v -0.283269 -0.434425 0.002754
v -0.285352 -0.606043 -0.004818
v -0.279404 -0.606043 -0.087225
v -0.264074 -0.432995 -0.078018
v -0.200235 -0.437712 -0.137329
v -0.209565 -0.611965 -0.151243
v -0.127606 -0.606303 -0.229766
v -0.077703 -0.432956 -0.202799
v -0.068520 -0.606185 -0.234883
v -0.097482 -0.137752 0.187689
v -0.081074 0.328308 0.175192
v -0.049685 0.552245 0.174926
v -0.099725 0.528608 0.176062
v -0.055992 0.404286 0.185822
v -0.073265 0.373570 0.183964
v 0.024449 0.561955 0.178758
v -0.076896 0.327467 0.189417
v -0.048414 0.356781 0.201210
v -0.063966 0.589493 0.162719
v -0.070113 0.711408 0.057427
v -0.023006 0.629838 0.118121
v -0.009898 0.624862 0.124745
v -0.028558 0.599769 0.133424
v -0.010808 0.604016 0.132463
v 0.012995 0.627090 0.122506
v 0.003589 0.664542 0.114019
v 0.014777 0.661798 0.112492
v 0.007075 0.668941 0.108302
v 0.040019 0.635711 0.119001
v 0.028796 0.653207 0.119558
v 0.020391 0.679470 0.081198
v -0.018757 0.679170 0.103666
v -0.014828 0.680038 0.085220
v -0.034947 0.689477 0.078068
v -0.042543 0.689938 0.087541
v -0.026981 0.654439 0.118367
v -0.008294 0.663294 0.114240
v -0.023810 0.647369 0.114331
v -0.012718 0.667901 0.115329
v 0.002726 0.648794 0.125718
v 0.003043 0.574997 0.152194
v -0.013821 0.575384 0.150315
v 0.016797 0.586856 0.134734
v 0.021189 0.577990 0.146816
v -0.033993 0.631312 0.115839
v -0.018601 0.584382 0.145249
v -0.015097 0.579428 0.142661
v -0.018873 0.588858 0.154134
v -0.060557 0.368736 0.192492
v -0.094176 0.587141 0.145569
v 0.143554 0.506635 0.162183
v 0.179724 0.562875 0.108801
v -0.156270 0.539147 0.145550
v -0.109807 0.580250 0.159085
v 0.186735 0.666326 0.011102
v 0.230863 0.653134 0.009079
v 0.233298 0.659204 0.009079
v 0.190625 0.672589 0.010991
v 0.187860 0.671976 -0.021303
v 0.233298 0.658771 -0.020581
v 0.233298 0.652820 -0.049348
v 0.185095 0.666711 -0.048582
v 0.230863 0.646641 -0.050122
v 0.184621 0.658800 -0.050250
v 0.283463 0.609274 -0.017577
v 0.281743 0.611423 -0.042951
v 0.280810 0.623401 -0.045626
v 0.281630 0.624341 -0.018429
v 0.134180 0.690773 -0.018496
v 0.145910 0.684052 0.009358
v 0.150060 0.689636 0.009176
v 0.137533 0.696772 -0.018182
v 0.273862 0.636188 -0.018452
v 0.272759 0.634524 -0.048648
v 0.268350 0.629693 -0.049638
v 0.270850 0.629936 0.007907
v 0.273286 0.636006 0.007907
v 0.149456 0.683740 -0.047952
v 0.146171 0.679538 -0.049225
v 0.138541 0.693878 -0.028961
v 0.136040 0.689003 -0.031078
v 0.281633 0.619317 0.008477
v 0.280421 0.606833 0.008135
v -0.181442 0.666326 0.011102
v -0.185332 0.672589 0.010991
v -0.228006 0.659204 0.009079
v -0.225570 0.653134 0.009079
v -0.182567 0.671976 -0.021303
v -0.179803 0.666711 -0.048582
v -0.228006 0.652820 -0.049348
v -0.228006 0.658771 -0.020581
v -0.179329 0.658800 -0.050250
v -0.225570 0.646641 -0.050122
v -0.278171 0.609274 -0.017577
v -0.276338 0.624341 -0.018429
v -0.275518 0.623401 -0.045626
v -0.276450 0.611423 -0.042951
v -0.128887 0.690773 -0.018496
v -0.132240 0.696772 -0.018182
v -0.144767 0.689636 0.009176
v -0.140617 0.684052 0.009358
v -0.267466 0.634524 -0.048648
v -0.268569 0.636188 -0.018452
v -0.263057 0.629693 -0.049638
v -0.267993 0.636006 0.007907
v -0.265558 0.629936 0.007907
v -0.144163 0.683740 -0.047952
v -0.140878 0.679538 -0.049225
v -0.133248 0.693878 -0.028961
v -0.130748 0.689003 -0.031078
v -0.276341 0.619317 0.008477
v -0.275128 0.606833 0.008135
v 0.093369 0.855023 -0.018800
v 0.062685 0.845455 -0.051871
v 0.054078 0.883979 -0.060298
v 0.087911 0.887542 -0.027221
v 0.033353 0.849034 -0.062255
v 0.002646 0.850367 -0.067277
v 0.002646 0.885098 -0.071940
v 0.022245 0.884877 -0.067506
v 0.041226 0.920130 0.118704
v 0.058480 0.880549 0.122529
v 0.062638 0.918698 0.100840
v 0.082712 0.877519 0.088303
v 0.074065 0.916498 0.073227
v 0.098470 0.866998 0.036001
v 0.090751 0.906141 0.025989
v 0.055893 0.969260 -0.031247
v 0.030825 0.962285 -0.053265
v 0.016735 0.967071 -0.022346
v 0.002646 0.959731 -0.063935
v 0.002646 0.965794 -0.027681
v 0.012678 0.995249 0.069504
v 0.030093 0.988317 0.048391
v 0.017549 0.977203 0.039601
v 0.002646 0.984472 0.056150
v 0.059003 0.978789 0.008572
v 0.030825 0.975323 0.008572
v 0.043874 0.960162 0.052483
v 0.068921 0.953735 0.014719
v 0.048143 0.942567 0.088945
v 0.070630 0.931245 0.067523
v 0.029300 0.964289 0.071586
v 0.011496 0.979581 0.094931
v 0.035538 0.941323 0.108823
v 0.042310 0.931573 -0.064699
v 0.002646 0.929377 -0.070311
v 0.072586 0.938160 -0.028962
v 0.002646 0.974064 0.008572
v 0.002646 0.998498 0.075803
v 0.002646 0.883550 0.137822
v 0.028957 0.883252 0.135863
v 0.023714 0.921316 0.127509
v 0.002646 0.920305 0.128341
v 0.002646 0.942678 0.116878
v 0.021625 0.942678 0.116878
v 0.002646 0.979974 0.099100
v 0.007048 1.000000 0.085601
v 0.017426 0.997193 0.077541
v 0.017360 0.978679 0.075359
v 0.008792 0.991992 0.090888
v 0.002646 0.993483 0.093205
v 0.002646 1.000000 0.087948
v 0.123717 0.847522 -0.073476
v 0.103407 0.843114 -0.103367
v 0.060143 0.844974 -0.135906
v 0.002646 0.848160 -0.144738
v 0.044955 0.871555 0.203467
v 0.075858 0.875406 0.187930
v 0.002646 0.869608 0.212249
v 0.107175 0.875792 0.162204
v 0.135582 0.875101 0.120901
v 0.144484 0.874215 0.082078
v 0.150658 0.871594 0.048334
v 0.147374 0.857528 -0.014337
v 0.138974 0.851547 -0.043322
v 0.083600 0.843665 -0.122871
v 0.151692 0.863910 0.014339
v -0.088076 0.855023 -0.018800
v -0.082618 0.887542 -0.027221
v -0.048785 0.883979 -0.060298
v -0.057392 0.845455 -0.051871
v -0.028060 0.849034 -0.062255
v -0.016953 0.884877 -0.067506
v -0.035934 0.920129 0.118704
v -0.057346 0.918698 0.100840
v -0.053187 0.880549 0.122529
v -0.068773 0.916498 0.073227
v -0.077419 0.877519 0.088303
v -0.085459 0.906141 0.025989
v -0.093178 0.866998 0.036001
v -0.050600 0.969260 -0.031247
v -0.011443 0.967071 -0.022346
v -0.025532 0.962285 -0.053265
v -0.007386 0.995249 0.069504
v -0.012256 0.977203 0.039601
v -0.024801 0.988317 0.048391
v -0.025532 0.975323 0.008572
v -0.053710 0.978789 0.008572
v -0.038582 0.960162 0.052483
v -0.063628 0.953735 0.014719
v -0.042851 0.942567 0.088945
v -0.024008 0.964289 0.071586
v -0.065337 0.931245 0.067523
v -0.006203 0.979581 0.094931
v -0.030245 0.941323 0.108823
v -0.037017 0.931573 -0.064699
v -0.067293 0.938160 -0.028962
v -0.018421 0.921316 0.127509
v -0.023664 0.883252 0.135863
v -0.016332 0.942678 0.116878
v -0.012133 0.997193 0.077541
v -0.001755 1.000000 0.085601
v -0.012067 0.978679 0.075359
v -0.003500 0.991992 0.090888
v -0.098114 0.843114 -0.103367
v -0.118424 0.847522 -0.073476
v -0.054850 0.844974 -0.135906
v -0.070565 0.875406 0.187930
v -0.039662 0.871555 0.203467
v -0.101882 0.875792 0.162204
v -0.130289 0.875101 0.120901
v -0.145365 0.871594 0.048334
v -0.139191 0.874215 0.082078
v -0.133681 0.851547 -0.043322
v -0.142081 0.857528 -0.014337
v -0.078308 0.843665 -0.122871
v -0.146399 0.863911 0.014339
v -0.353585 0.019380 0.024483
v -0.362347 0.030866 0.038591
v -0.334603 0.119585 0.007712
v -0.324406 0.104438 -0.022747
v -0.403885 0.097369 -0.070374
v -0.407447 0.118214 -0.045038
v -0.422445 0.025017 0.000322
v -0.427886 0.021097 -0.011223
v -0.411412 0.035757 0.022908
v -0.385310 0.132175 -0.007551
v -0.373003 0.010341 -0.004830
v -0.358339 0.093980 -0.058685
v -0.381854 0.037270 0.042239
v -0.356328 0.127670 0.008985
v -0.378312 0.089693 -0.074098
v -0.399343 0.008512 -0.023173
v -0.420341 0.015526 -0.018470
v -0.403557 -0.006540 -0.023314
v -0.389896 -0.004540 -0.012008
v -0.423616 0.002202 -0.012641
v -0.426841 0.012555 0.002627
v -0.415267 0.022445 0.029959
v -0.385993 0.023122 0.048981
v -0.365211 0.017501 0.046414
v -0.350644 -0.000670 0.035096
v -0.376616 -0.003122 0.002046
v -0.418986 -0.030570 -0.025402
v -0.397601 -0.025819 -0.016882
v -0.438832 -0.024503 -0.015296
v -0.457836 -0.056315 0.008720
v -0.441582 -0.018271 0.006384
v -0.457029 -0.051890 0.021712
v -0.452833 -0.046725 0.040867
v -0.436572 -0.013248 0.029957
v -0.428909 -0.011493 0.048211
v -0.443652 -0.045312 0.065163
v -0.416104 -0.044122 0.090184
v -0.431533 -0.043396 0.079923
v -0.411733 -0.012452 0.068717
v -0.389232 -0.029714 0.085024
v -0.377852 -0.057798 0.088539
v -0.367369 -0.021229 0.078262
v -0.360811 -0.054822 0.092824
v -0.346550 -0.029641 0.072681
v -0.358267 -0.042632 0.030408
v -0.343922 -0.038206 0.055612
v -0.384029 -0.026759 0.012934
v -0.343118 -0.123616 0.104207
v -0.343889 -0.123408 0.091959
v -0.352047 -0.125498 0.097998
v -0.352518 -0.122666 0.107659
v -0.440108 -0.055728 -0.014357
v -0.459059 -0.064451 -0.004959
v -0.446776 -0.075466 -0.009729
v -0.436041 -0.080067 0.005956
v -0.424416 -0.085297 0.028738
v -0.414024 -0.060877 0.023786
v -0.427197 -0.060525 -0.000844
v -0.361963 -0.073205 0.061192
v -0.375617 -0.060366 0.043420
v -0.389055 -0.064327 0.070696
v -0.374595 -0.070162 0.077915
v -0.343814 -0.063972 0.070242
v -0.344889 -0.057297 0.084471
v -0.395414 -0.053471 0.034089
v -0.403539 -0.067285 0.047543
v -0.400194 -0.061253 0.086895
v -0.410152 -0.084591 0.056265
v -0.399949 -0.079105 0.080247
v -0.434238 -0.089796 0.039947
v -0.444188 -0.089599 0.015388
v -0.466722 -0.074599 -0.001188
v -0.449781 -0.086655 -0.005704
v -0.465252 -0.070892 0.026171
v -0.468914 -0.073072 0.014161
v -0.458514 -0.075265 0.068730
v -0.450274 -0.075612 0.080980
v -0.436028 -0.074883 0.100005
v -0.446159 -0.075994 0.092445
v -0.441601 -0.178853 0.015974
v -0.436074 -0.176237 0.013650
v -0.438957 -0.173534 0.008713
v -0.444140 -0.175906 0.010804
v -0.458374 -0.074744 0.054954
v -0.465625 -0.072863 0.041206
v -0.415015 -0.078804 0.096598
v -0.341954 -0.085583 0.078715
v -0.342886 -0.076429 0.093581
v -0.355216 -0.092145 0.077202
v -0.365326 -0.090733 0.085388
v -0.367412 -0.081902 0.093096
v -0.355770 -0.076835 0.101204
v -0.341885 -0.092022 0.080335
v -0.341762 -0.088319 0.096961
v -0.365015 -0.106275 0.087940
v -0.353096 -0.109013 0.079172
v -0.364288 -0.090716 0.096455
v -0.355468 -0.087213 0.101593
v -0.342415 -0.116577 0.087467
v -0.340244 -0.116136 0.100888
v -0.354393 -0.117777 0.107048
v -0.355788 -0.118767 0.089595
v -0.361279 -0.112950 0.103096
v -0.358873 -0.120760 0.100936
v -0.363277 -0.115572 0.095829
v -0.451936 -0.154653 -0.005548
v -0.447913 -0.153026 -0.006722
v -0.447839 -0.153091 -0.012662
v -0.453871 -0.156433 -0.011768
v -0.407183 -0.090557 0.083724
v -0.418291 -0.090745 0.095913
v -0.421808 -0.089010 0.064409
v -0.425545 -0.121978 0.072077
v -0.412656 -0.118956 0.091040
v -0.443776 -0.089611 0.081878
v -0.434998 -0.087593 0.100230
v -0.442089 -0.087939 0.092443
v -0.421260 -0.114913 0.098369
v -0.419795 -0.122224 0.098097
v -0.420539 -0.150655 0.073192
v -0.409361 -0.147364 0.088262
v -0.442682 -0.114757 0.081642
v -0.441050 -0.123423 0.081258
v -0.442029 -0.113619 0.091680
v -0.432951 -0.110895 0.100023
v -0.431565 -0.121365 0.100048
v -0.440520 -0.123187 0.091501
v -0.416336 -0.146105 0.095667
v -0.423353 -0.147636 0.097400
v -0.432940 -0.149173 0.089403
v -0.434501 -0.147515 0.079743
v -0.406695 -0.166308 0.075992
v -0.411642 -0.178152 0.073838
v -0.431900 -0.157075 0.078119
v -0.420574 -0.178019 0.075530
v -0.430271 -0.158201 0.088929
v -0.421006 -0.155978 0.097126
v -0.411759 -0.178129 0.091671
v -0.420379 -0.178867 0.084448
v -0.414429 -0.152302 0.096490
v -0.406346 -0.178517 0.090501
v -0.404527 -0.178027 0.082547
v -0.412294 -0.184821 0.078573
v -0.408788 -0.182712 0.083080
v -0.446726 -0.090609 0.078295
v -0.445201 -0.123509 0.048305
v -0.431603 -0.123538 0.066642
v -0.457995 -0.089544 0.057400
v -0.458530 -0.088630 0.070073
v -0.447925 -0.124604 0.077837
v -0.445412 -0.135454 0.075714
v -0.434257 -0.154930 0.042825
v -0.424763 -0.155614 0.061981
v -0.459172 -0.123651 0.057507
v -0.457482 -0.133497 0.055736
v -0.459044 -0.124395 0.070482
v -0.457218 -0.135746 0.068852
v -0.438116 -0.160669 0.069866
v -0.435757 -0.165658 0.068211
v -0.416052 -0.176104 0.044558
v -0.413934 -0.178350 0.054571
v -0.448758 -0.157525 0.049279
v -0.445295 -0.164608 0.048245
v -0.447376 -0.161544 0.062304
v -0.444830 -0.166649 0.060628
v -0.424904 -0.181052 0.060881
v -0.416077 -0.189922 0.051631
v -0.422598 -0.192286 0.055006
v -0.420801 -0.193321 0.044910
v -0.425356 -0.190711 0.038413
v -0.431307 -0.191781 0.041937
v -0.428280 -0.194505 0.048798
v -0.424586 -0.180101 0.037632
v -0.435691 -0.181701 0.041904
v -0.434102 -0.185441 0.053209
v -0.417905 -0.187344 0.043485
v -0.457918 -0.089488 0.051450
v -0.451999 -0.117811 0.019454
v -0.443042 -0.118953 0.038797
v -0.465366 -0.088466 0.030020
v -0.467595 -0.085488 0.042491
v -0.457121 -0.125782 0.046405
v -0.438830 -0.146377 0.031132
v -0.450752 -0.144209 0.039399
v -0.448343 -0.143618 0.013862
v -0.466830 -0.124523 0.024894
v -0.461768 -0.142106 0.019691
v -0.467322 -0.128210 0.036541
v -0.460914 -0.146430 0.031584
v -0.467986 -0.115942 0.026311
v -0.468764 -0.119682 0.038130
v -0.458850 -0.117306 0.048166
v -0.439850 -0.171532 0.027372
v -0.433315 -0.166443 0.023969
v -0.434275 -0.175248 0.018870
v -0.438967 -0.177530 0.021110
v -0.434397 -0.161003 0.014519
v -0.458097 -0.148725 0.017367
v -0.449611 -0.170364 0.011107
v -0.441629 -0.163454 0.008209
v -0.457335 -0.152662 0.028430
v -0.447957 -0.150508 0.036063
v -0.446719 -0.173847 0.019893
v -0.460900 -0.084581 0.019451
v -0.458863 -0.106655 -0.009261
v -0.453190 -0.114491 0.009597
v -0.467335 -0.083572 -0.000492
v -0.468300 -0.084768 0.012166
v -0.467621 -0.119345 0.014329
v -0.452757 -0.132834 0.003247
v -0.464852 -0.133624 0.007916
v -0.458296 -0.128166 -0.012348
v -0.471271 -0.114261 -0.005377
v -0.468524 -0.129776 -0.008006
v -0.474565 -0.116886 0.004548
v -0.472391 -0.132198 0.001032
v -0.470450 -0.106255 -0.004528
v -0.474442 -0.109171 0.005815
v -0.468194 -0.111921 0.016016
v -0.462030 -0.137042 0.005537
v -0.446466 -0.147478 -0.003540
v -0.455887 -0.149901 -0.000310
v -0.447403 -0.140675 -0.009777
v -0.467408 -0.133875 -0.009408
v -0.461040 -0.146266 -0.013820
v -0.452690 -0.142712 -0.017298
v -0.469060 -0.136297 -0.000497
v -0.460970 -0.147938 -0.006566
v -0.454789 -0.152203 -0.016056
v -0.451519 -0.150667 -0.016983
v 0.353585 0.019543 0.023375
v 0.362347 0.031336 0.037228
v 0.334603 0.119357 0.004413
v 0.324406 0.103546 -0.025708
v 0.403885 0.095435 -0.073168
v 0.407447 0.116830 -0.048294
v 0.422445 0.024649 -0.000903
v 0.427886 0.020477 -0.012360
v 0.411412 0.035882 0.021443
v 0.385310 0.131610 -0.011123
v 0.373003 0.009865 -0.005732
v 0.358339 0.092304 -0.061407
v 0.381854 0.037819 0.040735
v 0.356328 0.127468 0.005508
v 0.378312 0.087680 -0.076723
v 0.399343 0.007634 -0.024031
v 0.420341 0.014749 -0.019483
v 0.403557 -0.007418 -0.023842
v 0.389896 -0.005170 -0.012583
v 0.423616 0.001557 -0.013364
v 0.426841 0.012241 0.001674
v 0.415267 0.022728 0.028783
v 0.385993 0.023821 0.047785
v 0.365211 0.018146 0.045343
v 0.350644 -0.000269 0.034425
v 0.376616 -0.003444 0.001437
v 0.418986 -0.031488 -0.025403
v 0.397601 -0.026551 -0.016990
v 0.438832 -0.025200 -0.015432
v 0.457836 -0.056478 0.009275
v 0.441582 -0.018495 0.006106
v 0.457029 -0.051770 0.022167
v 0.452833 -0.046187 0.041204
v 0.436572 -0.012956 0.029563
v 0.428909 -0.010802 0.047774
v 0.443652 -0.044242 0.065463
v 0.416104 -0.042503 0.090452
v 0.431533 -0.042003 0.080178
v 0.411733 -0.011312 0.068296
v 0.389232 -0.028212 0.084978
v 0.377852 -0.056212 0.089108
v 0.367369 -0.019877 0.078031
v 0.360811 -0.053143 0.093326
v 0.346550 -0.028410 0.072636
v 0.358267 -0.042324 0.030658
v 0.343922 -0.037346 0.055759
v 0.384029 -0.026837 0.012840
v 0.343118 -0.121671 0.106214
v 0.343889 -0.121731 0.093965
v 0.352047 -0.123688 0.100047
v 0.352518 -0.120645 0.109644
v 0.440108 -0.056397 -0.013809
v 0.459059 -0.064912 -0.004222
v 0.446776 -0.076030 -0.008750
v 0.436041 -0.080285 0.007033
v 0.424416 -0.085014 0.029924
v 0.414024 -0.060709 0.024437
v 0.427197 -0.060897 -0.000194
v 0.361963 -0.072215 0.062105
v 0.375617 -0.059768 0.044055
v 0.389055 -0.063131 0.071411
v 0.374595 -0.068806 0.078757
v 0.343814 -0.062785 0.070950
v 0.344889 -0.055800 0.085029
v 0.395414 -0.053079 0.034576
v 0.403539 -0.066595 0.048329
v 0.400194 -0.059702 0.087539
v 0.410152 -0.083706 0.057428
v 0.399949 -0.077696 0.081285
v 0.434238 -0.089267 0.041228
v 0.444188 -0.089609 0.016671
v 0.466722 -0.074975 -0.000230
v 0.449781 -0.087127 -0.004481
v 0.465252 -0.070670 0.027041
v 0.468914 -0.073112 0.015082
v 0.458514 -0.074109 0.069686
v 0.450274 -0.074187 0.081940
v 0.436028 -0.073042 0.100945
v 0.446159 -0.074318 0.093411
v 0.441601 -0.178828 0.019212
v 0.436074 -0.176264 0.016832
v 0.438957 -0.173669 0.011837
v 0.444140 -0.175996 0.013979
v 0.458374 -0.073890 0.055902
v 0.465625 -0.072311 0.042116
v 0.415015 -0.077037 0.097625
v 0.341954 -0.084206 0.079894
v 0.342886 -0.074728 0.094557
v 0.355216 -0.090799 0.078526
v 0.365326 -0.089208 0.086679
v 0.367412 -0.080211 0.094192
v 0.355770 -0.074967 0.102186
v 0.341885 -0.090607 0.081655
v 0.341762 -0.086541 0.098196
v 0.365015 -0.104691 0.089571
v 0.353096 -0.107620 0.080865
v 0.364288 -0.088949 0.097743
v 0.355468 -0.085334 0.102803
v 0.342415 -0.115001 0.089323
v 0.340244 -0.114266 0.102732
v 0.354393 -0.115771 0.108927
v 0.355788 -0.117143 0.091499
v 0.361279 -0.111032 0.104870
v 0.358873 -0.118887 0.102881
v 0.363277 -0.113812 0.097662
v 0.451936 -0.155105 -0.002834
v 0.447913 -0.153505 -0.004044
v 0.447839 -0.153700 -0.009982
v 0.453871 -0.157022 -0.009014
v 0.407183 -0.089069 0.085011
v 0.418291 -0.088989 0.097201
v 0.421808 -0.087945 0.065667
v 0.425545 -0.120738 0.074056
v 0.412656 -0.117300 0.092948
v 0.443776 -0.088163 0.083145
v 0.434998 -0.085744 0.101449
v 0.442089 -0.086260 0.093671
v 0.421260 -0.113098 0.100186
v 0.419795 -0.120413 0.100075
v 0.420539 -0.149383 0.075798
v 0.409361 -0.145763 0.090793
v 0.442682 -0.113309 0.083460
v 0.441050 -0.121981 0.083266
v 0.442029 -0.111951 0.093471
v 0.432951 -0.109045 0.101752
v 0.431565 -0.119511 0.102006
v 0.440520 -0.121520 0.093501
v 0.416336 -0.144342 0.098169
v 0.423353 -0.145834 0.099935
v 0.432940 -0.147546 0.091973
v 0.434501 -0.146100 0.082280
v 0.406695 -0.164971 0.078941
v 0.411642 -0.176859 0.077047
v 0.431900 -0.155693 0.080866
v 0.420574 -0.176689 0.078736
v 0.430271 -0.156582 0.091697
v 0.421006 -0.154180 0.099844
v 0.411759 -0.176445 0.094875
v 0.420379 -0.177341 0.087671
v 0.414429 -0.150519 0.099127
v 0.406346 -0.176860 0.093714
v 0.404527 -0.176544 0.085752
v 0.412294 -0.183423 0.081927
v 0.408788 -0.181215 0.086387
v 0.446726 -0.089239 0.079585
v 0.445201 -0.122789 0.050323
v 0.431603 -0.122416 0.068656
v 0.457995 -0.088633 0.058672
v 0.458530 -0.087441 0.071322
v 0.447925 -0.123236 0.079872
v 0.445412 -0.134130 0.077987
v 0.434257 -0.154322 0.045533
v 0.424763 -0.154587 0.064699
v 0.459172 -0.122730 0.059526
v 0.457482 -0.132611 0.057971
v 0.459044 -0.123189 0.072514
v 0.457218 -0.134573 0.071133
v 0.438116 -0.159468 0.072693
v 0.435757 -0.164491 0.071148
v 0.416052 -0.175454 0.047729
v 0.413934 -0.177479 0.057790
v 0.448758 -0.156776 0.052042
v 0.445295 -0.163879 0.051164
v 0.447376 -0.160508 0.065152
v 0.444830 -0.165649 0.063589
v 0.424904 -0.180043 0.064157
v 0.416077 -0.189113 0.055104
v 0.422598 -0.191403 0.058529
v 0.420801 -0.192659 0.048458
v 0.425356 -0.190191 0.041905
v 0.431307 -0.191184 0.045453
v 0.428280 -0.193758 0.052372
v 0.424586 -0.179601 0.040892
v 0.435691 -0.181108 0.045199
v 0.434102 -0.184599 0.056583
v 0.417905 -0.186714 0.046903
v 0.457918 -0.088708 0.052721
v 0.451999 -0.117725 0.021354
v 0.443042 -0.118443 0.040718
v 0.465366 -0.088155 0.031275
v 0.467595 -0.084904 0.043677
v 0.457121 -0.125103 0.048473
v 0.438830 -0.146027 0.033655
v 0.450752 -0.143679 0.041872
v 0.448343 -0.143647 0.016329
v 0.466830 -0.124315 0.026940
v 0.461768 -0.142008 0.022123
v 0.467322 -0.127746 0.038665
v 0.460914 -0.146071 0.034109
v 0.467986 -0.115706 0.028168
v 0.468764 -0.119185 0.040067
v 0.458850 -0.116590 0.050048
v 0.439850 -0.171259 0.030448
v 0.433315 -0.166246 0.026934
v 0.434275 -0.175161 0.022029
v 0.438967 -0.177392 0.024318
v 0.434397 -0.161014 0.017367
v 0.458097 -0.148676 0.019945
v 0.449611 -0.170448 0.014160
v 0.441629 -0.163603 0.011112
v 0.457335 -0.152370 0.031092
v 0.447957 -0.150049 0.038675
v 0.446719 -0.173738 0.023021
v 0.460900 -0.084503 0.020623
v 0.458863 -0.107201 -0.007598
v 0.453190 -0.114622 0.011426
v 0.467335 -0.083931 0.000663
v 0.468300 -0.084849 0.013344
v 0.467621 -0.119370 0.016264
v 0.452757 -0.133099 0.005480
v 0.464852 -0.133786 0.010165
v 0.458296 -0.128774 -0.010213
v 0.471271 -0.114719 -0.003549
v 0.468524 -0.130289 -0.005837
v 0.474565 -0.117126 0.006431
v 0.472391 -0.132512 0.003252
v 0.470450 -0.106697 -0.002875
v 0.474442 -0.109385 0.007529
v 0.468194 -0.111911 0.017787
v 0.462030 -0.137256 0.007862
v 0.446466 -0.147888 -0.000985
v 0.455887 -0.150240 0.002298
v 0.447403 -0.141224 -0.007369
v 0.467408 -0.134417 -0.007149
v 0.461040 -0.146901 -0.011288
v 0.452690 -0.143424 -0.014843
v 0.469060 -0.136643 0.001813
v 0.460970 -0.148415 -0.003999
v 0.454789 -0.152887 -0.013394
v 0.451519 -0.151371 -0.014354
v 0.183847 -0.953401 0.205053
v 0.165894 -0.951005 0.214930
v 0.164941 -0.964095 0.214286
v 0.183812 -0.966486 0.204358
v 0.201637 -0.976506 0.168526
v 0.124890 -0.976833 0.179071
v 0.110773 -0.986525 0.148538
v 0.214760 -0.986056 0.134349
v 0.124926 -0.963748 0.179765
v 0.110808 -0.973440 0.149232
v 0.214795 -0.972971 0.135044
v 0.201672 -0.963421 0.169220
v 0.222406 -0.999472 0.039736
v 0.222442 -0.986387 0.040431
v 0.224166 -0.984266 0.084773
v 0.224131 -0.997351 0.084078
v 0.098545 -0.997928 0.101561
v 0.105628 -1.000000 0.055725
v 0.098581 -0.984843 0.102256
v 0.105664 -0.986915 0.056420
v 0.198565 -0.970856 -0.039498
v 0.209229 -0.978540 -0.004361
v 0.203701 -0.993278 -0.005056
v 0.198530 -0.981710 -0.040193
v 0.120683 -0.990136 0.006107
v 0.116511 -0.979598 -0.029164
v 0.120718 -0.977051 0.006802
v 0.116547 -0.966513 -0.028469
v 0.190328 -0.960437 -0.099773
v 0.195464 -0.962193 -0.066945
v 0.195429 -0.975278 -0.067639
v 0.108623 -0.994498 -0.056742
v 0.099785 -0.992758 -0.089339
v 0.190240 -0.992356 -0.101502
v 0.195377 -0.994113 -0.068674
v 0.108711 -0.962579 -0.055279
v 0.100861 -0.960838 -0.087610
v 0.108676 -0.975664 -0.055707
v 0.150777 -0.951449 0.212855
v 0.150742 -0.965537 0.210825
v 0.148056 -0.989302 -0.156225
v 0.124453 -0.989420 -0.152427
v 0.124541 -0.957501 -0.150697
v 0.148144 -0.957382 -0.153707
v 0.179608 -0.990879 -0.128071
v 0.180447 -0.958959 -0.127095
v 0.098661 -0.991247 -0.117653
v 0.098749 -0.960809 -0.115923
v 0.168746 -0.989942 -0.143335
v 0.169781 -0.958023 -0.141402
v 0.108473 -0.990216 -0.136708
v 0.107359 -0.958078 -0.135563
v 0.189773 -0.935720 0.155839
v 0.193197 -0.932913 0.123705
v 0.161574 -0.923062 0.128654
v 0.162012 -0.923804 0.157382
v 0.159519 -0.895067 0.077266
v 0.171312 -0.897759 0.072642
v 0.172131 -0.877260 0.051665
v 0.157160 -0.874412 0.055702
v 0.193802 -0.930001 0.093405
v 0.157508 -0.916525 0.102491
v 0.175414 -0.930746 0.184571
v 0.164976 -0.928451 0.185113
v 0.156059 -0.855883 0.035435
v 0.163435 -0.843105 0.013446
v 0.152655 -0.841952 0.014651
v 0.170056 -0.858183 0.032572
v 0.198604 -0.965994 0.164585
v 0.209859 -0.973089 0.136282
v 0.213508 -0.961792 0.134998
v 0.201196 -0.953201 0.168249
v 0.116931 -0.973485 0.148284
v 0.123950 -0.966527 0.172305
v 0.124048 -0.951833 0.174825
v 0.112070 -0.959634 0.149565
v 0.217325 -0.986506 0.041693
v 0.223354 -0.960271 0.041718
v 0.225177 -0.970176 0.063800
v 0.113803 -0.986965 0.055613
v 0.106869 -0.984883 0.101120
v 0.101492 -0.971651 0.102551
v 0.107098 -0.973191 0.056247
v 0.200401 -0.978026 -0.003163
v 0.190816 -0.967991 -0.043061
v 0.198619 -0.946542 -0.041286
v 0.209535 -0.952164 -0.011383
v 0.188584 -0.962320 -0.065445
v 0.183560 -0.960563 -0.098289
v 0.189685 -0.945900 -0.098330
v 0.198462 -0.944137 -0.064660
v 0.108961 -0.960945 -0.089676
v 0.115774 -0.962643 -0.055655
v 0.111740 -0.949691 -0.054117
v 0.103811 -0.945786 -0.086746
v 0.180477 -0.954243 0.202265
v 0.180395 -0.944302 0.201981
v 0.151625 -0.954372 0.206145
v 0.151542 -0.944430 0.205861
v 0.165652 -0.954544 0.208684
v 0.165570 -0.944603 0.208400
v 0.215157 -0.957921 0.014919
v 0.127037 -0.975991 -0.001734
v 0.125008 -0.983940 0.026190
v 0.114924 -0.966434 0.025441
v 0.118556 -0.961346 -0.001294
v 0.122945 -0.966580 -0.028755
v 0.117119 -0.954914 -0.027685
v 0.173967 -0.958778 -0.123186
v 0.179042 -0.940762 -0.123585
v 0.108784 -0.958954 -0.112826
v 0.101922 -0.940846 -0.113990
v 0.162736 -0.957940 -0.135204
v 0.170308 -0.937903 -0.136010
v 0.113878 -0.958062 -0.127162
v 0.110285 -0.940057 -0.134243
v 0.147747 -0.957837 -0.144799
v 0.148647 -0.939259 -0.149812
v 0.125379 -0.957103 -0.141449
v 0.122692 -0.939375 -0.144761
v 0.209136 -0.947922 0.124333
v 0.197303 -0.945005 0.162154
v 0.123584 -0.942008 0.169542
v 0.115579 -0.946344 0.143555
v 0.211382 -0.933152 0.046349
v 0.215313 -0.941667 0.066156
v 0.103911 -0.946738 0.105844
v 0.108555 -0.943076 0.057952
v 0.201059 -0.924242 -0.032292
v 0.208232 -0.921838 -0.006773
v 0.116218 -0.921262 0.002994
v 0.112609 -0.933576 -0.026627
v 0.194495 -0.923326 -0.098049
v 0.201487 -0.921965 -0.063969
v 0.106876 -0.931180 -0.051592
v 0.100386 -0.923771 -0.085135
v 0.224826 -0.972692 0.085882
v 0.215728 -0.949520 0.090633
v 0.178446 -0.936278 0.195010
v 0.153081 -0.934049 0.197559
v 0.165426 -0.934229 0.200324
v 0.210449 -0.927693 0.021261
v 0.109384 -0.928059 0.032343
v 0.184993 -0.918390 -0.121850
v 0.099015 -0.916917 -0.113029
v 0.169883 -0.914284 -0.137433
v 0.110076 -0.914439 -0.134951
v 0.148072 -0.912578 -0.151142
v 0.122117 -0.912694 -0.147652
v 0.197651 -0.890457 0.014012
v 0.199890 -0.901266 0.031863
v 0.202081 -0.914108 0.050274
v 0.155980 -0.928491 0.186322
v 0.135701 -0.929137 0.161923
v 0.127924 -0.929430 0.132846
v 0.115403 -0.912834 0.033425
v 0.118579 -0.883022 0.014610
v 0.113878 -0.903340 -0.021954
v 0.110046 -0.886909 -0.050406
v 0.105719 -0.886464 -0.083598
v 0.105165 -0.882115 -0.110815
v 0.113330 -0.875576 -0.123597
v 0.125774 -0.869719 -0.135536
v 0.147985 -0.867978 -0.139168
v 0.166520 -0.874951 -0.129487
v 0.177058 -0.880637 -0.119605
v 0.188010 -0.888185 -0.095319
v 0.194583 -0.891877 -0.060950
v 0.194772 -0.877080 -0.024538
v 0.219716 -0.984381 0.085945
v 0.143631 -0.844830 0.015397
v 0.138568 -0.848976 0.017010
v 0.140930 -0.856601 0.034037
v 0.141333 -0.878065 0.056446
v 0.144412 -0.896599 0.077349
v 0.118078 -0.924660 0.103896
v 0.178625 -0.858106 0.006001
v 0.181572 -0.872402 0.025711
v 0.184767 -0.888121 0.044202
v 0.189043 -0.905066 0.062557
v 0.126311 -0.854530 0.011715
v 0.122428 -0.861621 0.003586
v 0.127974 -0.862950 0.028803
v 0.112092 -0.920755 0.061384
v 0.123952 -0.907491 0.072467
v 0.156754 -0.911288 0.091295
v 0.141110 -0.913504 0.090424
v 0.172637 -0.914488 0.085723
v 0.125283 -0.892963 0.053925
v 0.168760 -0.849176 0.010455
v 0.198538 -0.924065 0.073137
v 0.116242 -0.875620 -0.017670
v -0.177726 -0.953401 0.205053
v -0.159773 -0.951005 0.214930
v -0.158820 -0.964095 0.214286
v -0.177691 -0.966486 0.204358
v -0.195516 -0.976506 0.168526
v -0.118769 -0.976833 0.179071
v -0.104652 -0.986525 0.148538
v -0.208639 -0.986056 0.134349
v -0.118805 -0.963748 0.179765
v -0.104687 -0.973439 0.149232
v -0.208674 -0.972971 0.135044
v -0.195551 -0.963420 0.169220
v -0.216286 -0.999472 0.039736
v -0.216321 -0.986387 0.040431
v -0.218045 -0.984266 0.084773
v -0.218010 -0.997351 0.084078
v -0.092424 -0.997928 0.101561
v -0.099507 -1.000000 0.055725
v -0.092460 -0.984843 0.102256
v -0.099543 -0.986915 0.056420
v -0.192444 -0.970856 -0.039498
v -0.203108 -0.978540 -0.004361
v -0.197580 -0.993278 -0.005056
v -0.192409 -0.981710 -0.040193
v -0.114562 -0.990136 0.006107
v -0.110390 -0.979598 -0.029164
v -0.114597 -0.977051 0.006802
v -0.110426 -0.966513 -0.028469
v -0.184207 -0.960437 -0.099773
v -0.189344 -0.962194 -0.066945
v -0.189308 -0.975279 -0.067639
v -0.102502 -0.994498 -0.056742
v -0.093664 -0.992758 -0.089339
v -0.184119 -0.992356 -0.101502
v -0.189256 -0.994113 -0.068674
v -0.102590 -0.962579 -0.055279
v -0.094740 -0.960838 -0.087610
v -0.102555 -0.975664 -0.055707
v -0.144656 -0.951449 0.212855
v -0.144621 -0.965537 0.210825
v -0.141935 -0.989302 -0.156225
v -0.118332 -0.989420 -0.152427
v -0.118420 -0.957501 -0.150697
v -0.142023 -0.957382 -0.153707
v -0.173487 -0.990879 -0.128071
v -0.174326 -0.958959 -0.127095
v -0.092540 -0.991247 -0.117653
v -0.092628 -0.960810 -0.115923
v -0.162625 -0.989943 -0.143335
v -0.163660 -0.958023 -0.141402
v -0.102352 -0.990216 -0.136708
v -0.101238 -0.958078 -0.135563
v -0.183652 -0.935720 0.155839
v -0.187076 -0.932913 0.123705
v -0.155453 -0.923062 0.128654
v -0.155891 -0.923804 0.157382
v -0.153398 -0.895067 0.077266
v -0.165191 -0.897759 0.072642
v -0.166010 -0.877260 0.051665
v -0.151039 -0.874412 0.055703
v -0.187681 -0.930001 0.093405
v -0.151387 -0.916525 0.102491
v -0.169293 -0.930746 0.184571
v -0.158855 -0.928451 0.185113
v -0.149938 -0.855883 0.035435
v -0.157314 -0.843105 0.013446
v -0.146534 -0.841952 0.014651
v -0.163935 -0.858183 0.032572
v -0.192483 -0.965994 0.164585
v -0.203738 -0.973089 0.136282
v -0.207387 -0.961792 0.134998
v -0.195075 -0.953201 0.168249
v -0.110810 -0.973485 0.148284
v -0.117829 -0.966527 0.172305
v -0.117927 -0.951833 0.174825
v -0.105949 -0.959634 0.149565
v -0.211204 -0.986506 0.041693
v -0.217233 -0.960271 0.041718
v -0.219056 -0.970176 0.063800
v -0.107683 -0.986965 0.055613
v -0.100748 -0.984883 0.101120
v -0.095371 -0.971651 0.102551
v -0.100977 -0.973191 0.056247
v -0.194280 -0.978026 -0.003163
v -0.184695 -0.967991 -0.043061
v -0.192498 -0.946542 -0.041286
v -0.203414 -0.952164 -0.011383
v -0.182463 -0.962320 -0.065445
v -0.177439 -0.960563 -0.098289
v -0.183564 -0.945900 -0.098330
v -0.192341 -0.944137 -0.064660
v -0.102840 -0.960945 -0.089676
v -0.109653 -0.962643 -0.055655
v -0.105619 -0.949691 -0.054117
v -0.097690 -0.945786 -0.086746
v -0.174356 -0.954243 0.202265
v -0.174274 -0.944302 0.201981
v -0.145504 -0.954372 0.206145
v -0.145421 -0.944430 0.205861
v -0.159531 -0.954544 0.208684
v -0.159449 -0.944603 0.208399
v -0.209036 -0.957921 0.014919
v -0.120916 -0.975991 -0.001734
v -0.118887 -0.983940 0.026190
v -0.108803 -0.966434 0.025441
v -0.112435 -0.961346 -0.001294
v -0.116824 -0.966580 -0.028755
v -0.110998 -0.954914 -0.027685
v -0.167846 -0.958778 -0.123186
v -0.172921 -0.940762 -0.123585
v -0.102663 -0.958954 -0.112826
v -0.095801 -0.940846 -0.113990
v -0.156615 -0.957940 -0.135204
v -0.164187 -0.937903 -0.136010
v -0.107757 -0.958062 -0.127162
v -0.104164 -0.940057 -0.134243
v -0.141626 -0.957837 -0.144799
v -0.142526 -0.939259 -0.149812
v -0.119258 -0.957103 -0.141449
v -0.116571 -0.939375 -0.144761
v -0.203015 -0.947922 0.124333
v -0.191182 -0.945005 0.162154
v -0.117463 -0.942008 0.169542
v -0.109458 -0.946344 0.143555
v -0.205261 -0.933152 0.046349
v -0.209192 -0.941667 0.066156
v -0.097790 -0.946738 0.105844
v -0.102434 -0.943076 0.057952
v -0.194938 -0.924242 -0.032292
v -0.202111 -0.921838 -0.006773
v -0.110097 -0.921262 0.002994
v -0.106488 -0.933576 -0.026627
v -0.188374 -0.923326 -0.098049
v -0.195366 -0.921965 -0.063969
v -0.100755 -0.931180 -0.051592
v -0.094265 -0.923771 -0.085135
v -0.218705 -0.972692 0.085882
v -0.209608 -0.949520 0.090633
v -0.172325 -0.936278 0.195010
v -0.146960 -0.934049 0.197559
v -0.159305 -0.934229 0.200324
v -0.204327 -0.927693 0.021261
v -0.103263 -0.928059 0.032343
v -0.178872 -0.918390 -0.121849
v -0.092894 -0.916917 -0.113029
v -0.163762 -0.914284 -0.137433
v -0.103955 -0.914439 -0.134951
v -0.141951 -0.912578 -0.151142
v -0.115996 -0.912693 -0.147652
v -0.191530 -0.890456 0.014012
v -0.193769 -0.901266 0.031863
v -0.195960 -0.914108 0.050274
v -0.149859 -0.928491 0.186322
v -0.129580 -0.929137 0.161923
v -0.121803 -0.929430 0.132846
v -0.109282 -0.912834 0.033425
v -0.112458 -0.883022 0.014610
v -0.107757 -0.903340 -0.021954
v -0.103925 -0.886909 -0.050406
v -0.099598 -0.886464 -0.083598
v -0.099044 -0.882115 -0.110815
v -0.107209 -0.875576 -0.123597
v -0.119653 -0.869719 -0.135536
v -0.141864 -0.867978 -0.139168
v -0.160399 -0.874951 -0.129487
v -0.170937 -0.880637 -0.119605
v -0.181889 -0.888185 -0.095319
v -0.188462 -0.891877 -0.060950
v -0.188651 -0.877080 -0.024538
v -0.213595 -0.984382 0.085945
v -0.137510 -0.844829 0.015397
v -0.132447 -0.848976 0.017010
v -0.134809 -0.856601 0.034037
v -0.135212 -0.878065 0.056446
v -0.138291 -0.896599 0.077349
v -0.111957 -0.924660 0.103896
v -0.172504 -0.858106 0.006001
v -0.175451 -0.872402 0.025711
v -0.178646 -0.888121 0.044202
v -0.182922 -0.905066 0.062557
v -0.120190 -0.854530 0.011715
v -0.116307 -0.861621 0.003586
v -0.121853 -0.862950 0.028803
v -0.105971 -0.920755 0.061384
v -0.117831 -0.907491 0.072467
v -0.150633 -0.911288 0.091295
v -0.134989 -0.913504 0.090424
v -0.166516 -0.914488 0.085723
v -0.119162 -0.892963 0.053925
v -0.162639 -0.849176 0.010455
v -0.192417 -0.924065 0.073137
v -0.110121 -0.875620 -0.017670
vn 0.7527 0.0625 -0.6553
vn 0.2689 0.0710 -0.9606
vn 0.4341 0.0576 -0.8990
vn 0.8477 0.0504 -0.5281
vn -0.4584 0.0521 -0.8872
vn -0.3783 0.0651 -0.9234
vn -0.8738 -0.0282 -0.4855
vn -0.7415 0.0162 -0.6708
vn -0.9910 -0.1007 0.0881
vn -0.9889 -0.1011 -0.1092
vn -0.9240 -0.0774 0.3744
vn -0.8835 -0.0999 0.4576
vn -0.6259 -0.0962 0.7740
vn -0.6388 -0.0725 0.7660
vn 0.0124 -0.1293 0.9915
vn 0.3820 -0.1100 0.9176
vn 0.8442 0.0115 0.5359
vn 0.3636 -0.1092 0.9251
vn 0.9444 -0.0360 0.3269
vn 0.9969 -0.0787 -0.0085
vn 0.9893 0.0592 -0.1335
vn 0.7752 0.0658 -0.6283
vn 0.9779 -0.0842 0.1915
vn 0.9913 -0.0278 -0.1286
vn 0.9991 -0.0332 0.0246
vn 0.9893 0.1397 0.0426
vn 0.9096 -0.0713 -0.4092
vn 0.8892 -0.0011 -0.4576
vn 0.5704 -0.0052 -0.8213
vn 0.5732 0.1350 -0.8082
vn 0.0245 0.0535 -0.9983
vn -0.5313 0.0861 -0.8428
vn -0.6246 0.0513 -0.7793
vn 0.0250 0.1401 -0.9898
vn -0.9021 0.0974 -0.4205
vn -0.9222 0.0693 -0.3804
vn -0.9877 -0.1527 0.0337
vn -0.9890 0.1237 -0.0810
vn -0.2800 -0.9435 0.1769
vn -0.0895 -0.8808 0.4650
vn -0.8769 -0.2090 0.4328
vn 0.1504 -0.7542 0.6392
vn -0.5942 -0.0023 0.8043
vn 0.2011 -0.8238 0.5301
vn -0.0406 0.1617 0.9860
vn 0.1738 -0.7462 0.6426
vn 0.1435 -0.8497 0.5073
vn 0.8059 0.0163 0.5918
vn 0.5172 0.1131 0.8484
vn -0.4601 -0.0642 0.8856
vn 0.2522 -0.0468 0.9666
vn 0.2851 0.0295 0.9580
vn 0.5802 -0.1115 0.8068
vn 0.7427 0.0511 0.6677
vn 0.1390 -0.1354 0.9810
vn 0.2723 -0.8871 0.3727
vn 0.6926 -0.7209 0.0255
vn 0.4280 0.2814 0.8588
vn -0.0790 0.3003 0.9506
vn -0.6479 0.1829 0.7394
vn -0.9292 0.0862 0.3595
vn 0.4068 -0.8775 -0.2539
vn 0.2012 -0.9464 -0.2527
vn 0.0610 -0.8411 -0.5374
vn -0.3860 -0.8235 -0.4158
vn -0.4588 -0.8856 -0.0724
vn 0.9542 -0.0485 0.2951
vn 0.2969 0.0669 -0.9526
vn -0.4412 0.0723 -0.8945
vn -0.9316 -0.0025 -0.3635
vn -0.9978 0.0399 -0.0530
vn -0.9226 -0.0404 0.3836
vn -0.4540 -0.1259 0.8821
vn -0.4222 -0.1009 0.9009
vn -0.9420 0.0053 0.3356
vn -0.0051 0.0121 0.9999
vn 0.9975 0.0418 -0.0564
vn 0.9020 0.0178 0.4314
vn 0.8749 -0.0002 0.4844
vn 0.8798 -0.0926 0.4663
vn -0.9996 -0.0186 -0.0232
vn 0.4121 0.0906 0.9066
vn -0.3032 -0.9371 0.1731
vn -0.2177 -0.9618 0.1657
vn -0.1684 -0.9514 0.2577
vn -0.3070 -0.9194 0.2460
vn 0.4869 -0.8707 0.0689
vn 0.6295 -0.7658 0.1318
vn 0.6273 -0.7644 0.1492
vn 0.4652 -0.8851 0.0096
vn 0.0972 -0.9615 0.2569
vn -0.0364 -0.9686 0.2460
vn 0.9297 0.0365 -0.3664
vn 0.6194 0.0789 -0.7811
vn 0.8930 0.0801 -0.4428
vn -0.0393 -0.0725 -0.9966
vn -0.6376 -0.0677 -0.7674
vn -0.6736 -0.2041 -0.7104
vn 0.1618 -0.1027 -0.9815
vn -0.2620 0.3803 -0.8870
vn -0.8086 0.0241 -0.5878
vn -0.7134 0.0653 -0.6977
vn -0.1680 0.1057 -0.9801
vn -0.9786 -0.0639 -0.1954
vn -0.9947 -0.0333 0.0978
vn -0.9514 -0.0890 0.2948
vn -0.9602 -0.0431 0.2759
vn -0.9879 0.0361 -0.1509
vn -0.8343 -0.0452 0.5495
vn -0.8820 -0.0116 0.4710
vn -0.9938 0.0145 0.1100
vn -0.4078 -0.0512 0.9116
vn -0.5409 -0.0100 0.8410
vn -0.0925 -0.1404 0.9858
vn 0.4566 -0.1940 0.8683
vn 0.5144 -0.1615 0.8422
vn 0.8277 0.0303 0.5603
vn 0.9013 -0.1065 0.4199
vn 0.9917 0.0764 0.1037
vn 0.9916 0.0642 0.1127
vn -0.4940 -0.8628 0.1076
vn -0.5000 -0.7147 0.4891
vn -0.8502 -0.2316 0.4728
vn -0.9905 -0.1350 -0.0250
vn -0.4174 -0.6223 0.6622
vn -0.8007 -0.0459 0.5973
vn -0.1665 -0.7313 0.6614
vn -0.6325 0.1098 0.7667
vn 0.2182 -0.1624 0.9623
vn 0.4125 -0.7556 0.5089
vn 0.7497 0.0823 0.6567
vn 0.0269 0.1484 0.9886
vn 0.5349 -0.6803 0.5010
vn 0.9051 0.0322 0.4240
vn 0.4370 -0.7764 0.4542
vn 0.7566 -0.6465 0.0977
vn 1.0000 -0.0041 0.0013
vn 0.9347 0.0153 0.3551
vn 0.4669 -0.8564 -0.2206
vn 0.9113 0.0341 -0.4102
vn 0.0096 -0.9319 -0.3626
vn 0.4311 0.1196 -0.8944
vn -0.2343 -0.9345 -0.2681
vn -0.3489 0.0572 -0.9354
vn -0.4589 -0.8762 -0.1474
vn -0.8689 -0.0368 -0.4936
vn -0.6742 -0.0326 0.7378
vn -0.8557 -0.0402 0.5158
vn -0.9855 0.1358 -0.1013
vn -0.9878 0.0635 -0.1421
vn -0.9857 0.1488 -0.0794
vn -0.6627 0.0986 -0.7424
vn 0.9408 0.0391 -0.3368
vn 0.9985 -0.0386 0.0377
vn 0.9242 -0.0510 0.3785
vn 0.6388 0.4990 0.5856
vn 0.0212 0.5959 0.8028
vn -0.6045 0.1665 0.7790
vn -0.2494 0.3022 0.9201
vn 0.2689 0.5694 0.7768
vn -0.2624 -0.1044 0.9593
vn 0.0219 0.5165 -0.8560
vn 0.8314 -0.0184 -0.5553
vn 0.6977 0.0423 -0.7151
vn 0.2857 0.2514 -0.9248
vn 0.9853 -0.0628 -0.1591
vn 0.8830 -0.0143 -0.4691
vn 0.9999 0.0073 0.0107
vn 0.9131 -0.0430 0.4055
vn 0.8159 0.0031 0.5782
vn 0.6171 -0.0622 0.7844
vn 0.5537 -0.0284 0.8322
vn 0.0884 -0.0709 0.9936
vn -0.1186 -0.0284 0.9925
vn 0.9029 -0.0437 0.4277
vn 0.5833 0.6015 0.5458
vn -0.8109 0.0588 -0.5823
vn -0.9405 -0.0632 -0.3338
vn -0.9926 -0.0383 0.1156
vn -0.8896 0.0493 -0.4541
vn -0.3259 0.0351 -0.9447
vn 0.2523 0.0038 -0.9676
vn 0.4801 -0.0106 -0.8772
vn -0.9826 0.1130 0.1475
vn -0.6575 -0.0918 0.7479
vn -0.9930 0.0457 0.1087
vn -0.8606 -0.0546 0.5063
vn -0.3342 -0.1424 0.9317
vn 0.0399 -0.1477 0.9882
vn 0.9974 -0.0518 0.0499
vn -0.1943 0.0557 -0.9794
vn 0.6404 -0.0133 0.7679
vn 0.8327 -0.1730 0.5261
vn 0.9824 -0.1615 0.0936
vn -0.9773 0.0489 -0.2060
vn -0.7653 0.0828 -0.6383
vn -0.1780 -0.9571 0.2287
vn -0.1870 -0.9734 0.1320
vn -0.1755 -0.9291 0.3256
vn -0.1391 -0.9713 0.1931
vn 0.0097 -0.9791 0.2029
vn 0.3837 -0.8679 0.3156
vn 0.3526 -0.8826 0.3109
vn 0.3456 -0.9340 0.0910
vn 0.3489 -0.9371 -0.0146
vn 0.0942 -0.9814 0.1672
vn -0.0520 -0.9826 0.1783
vn 0.8433 0.1233 -0.5231
vn 0.5346 -0.1025 -0.8388
vn 0.4065 0.0345 -0.9130
vn 0.7392 0.1616 -0.6538
vn -0.2096 -0.4318 -0.8773
vn -0.3293 -0.2335 -0.9149
vn -0.7514 -0.4433 -0.4888
vn -0.8162 -0.3335 -0.4718
vn -0.9583 -0.2814 0.0495
vn -0.9598 -0.2720 0.0688
vn -0.8742 -0.1267 0.4688
vn -0.7053 -0.1681 0.6887
vn -0.0938 0.1140 0.9890
vn -0.3621 0.2328 0.9026
vn -0.8636 -0.1335 0.4862
vn 0.5100 0.2108 0.8339
vn 0.3251 0.4125 0.8510
vn 0.8487 0.2370 0.4728
vn 0.7778 0.3940 0.4896
vn 0.9833 0.1794 0.0305
vn 0.9477 0.3159 0.0446
vn 0.9513 0.3075 0.0214
vn 0.3455 0.1762 -0.9218
vn 0.7658 0.2561 -0.5899
vn -0.4916 -0.0248 -0.8705
vn -0.9137 -0.1985 -0.3547
vn -0.9348 -0.3206 0.1528
vn -0.6397 -0.3825 0.6667
vn -0.4268 0.1545 0.8911
vn 0.0506 -0.2463 0.9679
vn 0.2687 0.3316 0.9044
vn 0.5059 0.0142 0.8625
vn 0.7437 0.3472 0.5713
vn 0.8057 0.1838 0.5630
vn 0.9575 0.2872 -0.0274
vn 0.3863 -0.4623 -0.7981
vn 0.8176 -0.1140 -0.5643
vn -0.3073 -0.6869 0.6585
vn -0.0806 -0.4875 0.8694
vn -0.2293 -0.6717 -0.7045
vn 0.2804 -0.3127 0.9075
vn -0.7310 -0.6215 -0.2816
vn 0.7063 -0.3107 0.6361
vn -0.8706 -0.4596 0.1755
vn 0.8671 -0.4271 0.2564
vn 0.7339 -0.6767 -0.0596
vn 0.4167 -0.8847 -0.2089
vn 0.0822 -0.9820 -0.1702
vn -0.1921 -0.9800 0.0513
vn -0.3339 -0.8761 0.3479
vn -0.9303 -0.1081 -0.3505
vn -0.5443 0.0380 -0.8381
vn 0.2810 0.2578 -0.9244
vn 0.7986 0.3135 -0.5138
vn 0.9616 0.2744 0.0098
vn 0.8586 0.1128 0.5001
vn 0.6575 -0.0802 0.7492
vn 0.1083 -0.3237 0.9399
vn -0.6952 -0.4042 0.5944
vn -0.9641 -0.2424 0.1081
vn 0.8697 0.0576 -0.4901
vn 0.6280 -0.1565 -0.7623
vn -0.0758 -0.5004 -0.8625
vn -0.7232 -0.5066 -0.4693
vn -0.1822 -0.4992 -0.8471
vn -0.9087 -0.4175 -0.0019
vn 0.1333 0.2151 -0.9675
vn -0.0056 0.2606 -0.9654
vn 0.0281 -0.1038 -0.9942
vn 0.1053 -0.2027 -0.9736
vn -0.0221 0.0799 0.9966
vn 0.2178 0.1129 0.9694
vn 0.2484 -0.0381 0.9679
vn 0.0336 -0.0971 0.9947
vn 0.9067 0.1999 0.3715
vn 0.9609 0.2768 -0.0014
vn 0.9938 -0.1110 0.0105
vn 0.9072 -0.0982 0.4091
vn 0.8185 0.2371 -0.5234
vn 0.4635 0.2750 -0.8423
vn 0.4932 -0.2739 -0.8257
vn 0.8920 -0.1912 -0.4096
vn 0.1189 0.6083 -0.7848
vn -0.0000 0.5408 -0.8411
vn -0.0000 0.5490 -0.8358
vn 0.1857 0.5289 -0.8281
vn 0.0467 0.2352 -0.9708
vn 0.0796 -0.1229 -0.9892
vn -0.0066 -0.1301 -0.9915
vn -0.0000 0.2115 -0.9774
vn 0.2241 0.2074 -0.9522
vn 0.0827 0.0543 -0.9951
vn 0.1265 -0.0735 -0.9892
vn 0.1902 0.2267 -0.9552
vn 0.8443 -0.1425 0.5166
vn 0.9715 -0.2323 0.0466
vn 0.8298 -0.4030 0.3860
vn 0.7711 -0.1481 0.6193
vn 0.0652 0.4305 -0.9002
vn -0.0000 0.4044 -0.9146
vn 0.5626 0.4777 -0.6747
vn 0.1875 0.4520 -0.8721
vn 0.3307 0.8229 -0.4621
vn 0.7642 0.5841 -0.2735
vn 0.5469 0.2007 0.8128
vn 0.6378 -0.0172 0.7700
vn 0.7157 0.3181 0.6218
vn 0.4043 0.6513 0.6422
vn -0.0362 0.3661 0.9299
vn 0.0404 0.3441 0.9380
vn 0.5552 0.3523 0.7535
vn 0.9374 0.2225 0.2679
vn 0.1451 0.2662 -0.9529
vn -0.0000 0.2225 -0.9749
vn -0.0068 0.0857 0.9963
vn 0.2091 0.0851 0.9742
vn 0.8803 0.2363 0.4113
vn 0.9743 0.2238 0.0248
vn 0.8269 0.3143 -0.4663
vn 0.4917 0.2354 -0.8383
vn 0.1999 0.1525 -0.9679
vn 0.0169 0.1799 -0.9835
vn -0.0000 0.0517 0.9987
vn 0.2329 0.0434 0.9715
vn 0.8724 0.0901 0.4805
vn 0.9947 0.1024 0.0028
vn 0.8549 0.1636 -0.4924
vn 0.4732 0.1517 -0.8678
vn 0.0501 0.1164 -0.9919
vn 0.2186 0.1301 -0.9671
vn 0.1726 0.0979 -0.9801
vn 0.0996 0.0731 -0.9923
vn 0.2373 0.0662 0.9692
vn -0.0492 0.0391 0.9980
vn -0.0874 0.0644 0.9941
vn 0.2682 0.0772 0.9602
vn 0.9985 0.0533 0.0093
vn 0.8674 0.0365 0.4962
vn 0.8805 0.0809 0.4671
vn 0.9944 0.1034 -0.0221
vn 0.4986 0.1374 -0.8559
vn 0.8886 0.0898 -0.4498
vn 0.9018 0.0723 -0.4260
vn 0.5107 0.0891 -0.8551
vn 0.2315 -0.2232 0.9469
vn 0.3618 -0.2509 0.8979
vn 0.2120 -0.1637 0.9635
vn -0.4594 0.6404 0.6155
vn -0.5225 0.5560 0.6464
vn 0.1560 0.6015 0.7835
vn 0.3509 0.6418 0.6819
vn 0.3864 0.9182 0.0867
vn 0.7335 0.6377 0.2352
vn 0.5192 0.8486 0.1015
vn 0.3450 0.8902 0.2975
vn 0.3425 0.8472 -0.4062
vn 0.4579 0.7621 -0.4577
vn 0.0871 0.7390 0.6681
vn -0.3369 0.7242 0.6016
vn -0.6259 0.6292 0.4609
vn 0.1722 0.7284 0.6632
vn 0.3164 0.1218 -0.9408
vn -0.0000 -0.0544 -0.9985
vn -0.0000 -0.0403 -0.9992
vn 0.3760 -0.0878 -0.9225
vn 0.9162 0.1467 -0.3729
vn 0.6648 0.2555 -0.7020
vn 0.7805 -0.0157 -0.6250
vn 0.8856 0.0671 -0.4595
vn 0.9336 -0.2767 -0.2277
vn 0.7524 -0.4041 -0.5202
vn 0.5687 -0.5123 -0.6435
vn 0.8010 -0.5807 -0.1454
vn 0.2760 -0.3087 -0.9102
vn 0.1683 -0.3294 -0.9291
vn -0.6941 0.6803 0.2354
vn -0.8389 0.4584 0.2934
vn 0.1998 0.5725 0.7952
vn -0.9092 0.3440 0.2345
vn -0.4096 0.4335 0.8027
vn -0.3397 0.0870 0.9365
vn 0.2163 0.5519 0.8054
vn 0.6695 0.0167 0.7426
vn 0.2982 0.3662 0.8815
vn 0.4039 0.0913 0.9102
vn 0.6051 0.3451 0.7175
vn 0.0542 0.3480 0.9359
vn -0.1013 0.4082 0.9073
vn -0.0068 0.7277 0.6859
vn -0.0796 0.9215 0.3801
vn 0.2135 0.8859 0.4118
vn -0.7837 0.3868 0.4860
vn -0.3190 0.8003 0.5077
vn -0.1164 0.2140 0.9699
vn 0.0227 0.8363 0.5478
vn 0.5473 0.3957 0.7375
vn -0.0000 0.9239 -0.3826
vn 0.2003 0.9039 -0.3779
vn 0.0608 0.8592 0.5080
vn -0.1604 0.8801 0.4469
vn 0.7976 -0.1823 -0.5750
vn 0.5079 -0.1916 -0.8398
vn 0.8201 0.5253 -0.2269
vn 0.9666 0.0149 -0.2559
vn 0.4656 -0.2145 -0.8586
vn 0.5978 0.6491 0.4705
vn 0.5780 0.6742 0.4597
vn 0.5061 0.6248 0.5946
vn 0.4686 0.7653 0.4413
vn 0.4884 -0.1235 -0.8638
vn 0.3781 0.7353 0.5625
vn 0.4578 0.5236 0.7185
vn 0.6452 0.4732 0.5998
vn 0.1317 0.2361 -0.9628
vn 0.1223 -0.1562 -0.9801
vn 0.1978 0.5041 -0.8407
vn -0.0766 0.8841 0.4610
vn -0.0000 0.9549 0.2969
vn -0.0173 0.9435 0.3308
vn 0.1330 -0.2518 -0.9586
vn 0.0959 -0.2975 -0.9499
vn -0.0207 -0.2817 -0.9593
vn 0.0027 -0.2506 -0.9681
vn -0.0633 -0.3387 -0.9388
vn 0.0181 -0.3099 -0.9506
vn 0.5989 0.0549 0.7990
vn 0.6220 0.0440 0.7818
vn 0.5709 0.0946 0.8156
vn 0.5705 0.0307 0.8207
vn 0.5938 0.1698 0.7865
vn 0.5982 -0.0512 0.7997
vn 0.5886 0.0513 0.8068
vn 0.3238 -0.0219 0.9459
vn 0.2735 -0.0402 0.9610
vn 0.5980 -0.0278 0.8010
vn 0.5495 -0.0381 0.8346
vn -0.5614 0.5424 0.6250
vn 0.3340 0.3041 0.8922
vn 0.3881 -0.3105 0.8677
vn 0.7599 -0.0879 0.6440
vn 0.5590 0.4049 0.7236
vn 0.6738 -0.2311 0.7018
vn 0.3175 -0.2092 0.9249
vn 0.5015 -0.2168 0.8375
vn 0.6272 -0.0306 0.7782
vn 0.7162 -0.2488 0.6520
vn 0.5965 0.0420 0.8015
vn 0.3914 -0.0516 0.9188
vn 0.4895 -0.3618 0.7934
vn 0.5327 -0.0740 0.8431
vn 0.2130 0.0180 0.9769
vn 0.6567 0.3532 0.6664
vn 0.6696 0.5670 0.4797
vn -0.0548 0.3302 0.9423
vn 0.2328 0.1693 0.9577
vn 0.1354 -0.0309 0.9903
vn 0.7313 -0.2548 0.6327
vn 0.8284 0.0543 0.5576
vn 0.5954 -0.0025 0.8035
vn 0.5409 0.3630 0.7587
vn 0.8854 0.1199 0.4491
vn 0.7107 -0.0508 0.7017
vn 0.2792 -0.3097 0.9089
vn -0.6108 -0.4813 0.6287
vn -0.8719 -0.4603 0.1671
vn -0.8160 -0.3554 -0.4560
vn -0.4062 0.1385 -0.9032
vn 0.2088 0.3346 -0.9189
vn 0.8443 0.3253 -0.4259
vn 0.9655 0.2531 0.0609
vn -0.3030 -0.4985 -0.8122
vn -0.7807 -0.4546 -0.4288
vn 0.4593 -0.3088 -0.8329
vn 0.8386 0.0098 -0.5447
vn 0.9602 0.2793 0.0034
vn 0.7449 0.4219 0.5169
vn 0.3451 0.4112 0.8437
vn -0.2867 0.2331 0.9292
vn -0.8363 -0.0663 0.5442
vn -0.9556 -0.2695 0.1194
vn 0.7794 0.4067 0.4766
vn 0.9818 0.1871 0.0336
vn 0.3301 0.4498 0.8299
vn -0.3159 0.2560 0.9136
vn -0.8388 -0.0378 0.5431
vn -0.9541 -0.2846 0.0936
vn -0.7552 -0.4963 -0.4282
vn -0.2338 -0.5093 -0.8282
vn 0.5839 -0.1159 -0.8035
vn 0.2246 -0.3956 -0.8905
vn 0.8568 -0.1110 -0.5036
vn -0.7724 -0.0409 0.6338
vn -0.9649 -0.2412 0.1042
vn 0.3045 -0.1000 -0.9473
vn -0.6585 0.0380 0.7516
vn -0.6665 0.2788 0.6914
vn 0.3940 0.1608 -0.9049
vn 0.5981 -0.1261 -0.7915
vn 0.8016 0.1225 -0.5852
vn 0.4219 -0.4335 -0.7963
vn -0.6028 -0.2656 0.7524
vn 0.2733 -0.8746 0.4005
vn -0.0482 0.1267 0.9908
vn 0.3592 0.1187 0.9257
vn 0.6749 0.0862 0.7329
vn 0.8760 0.0168 0.4821
vn 0.8646 0.0568 0.4992
vn 0.9959 0.0653 -0.0632
vn 0.9997 0.0131 -0.0207
vn 0.8331 0.0675 -0.5489
vn 0.8514 0.0720 -0.5196
vn 0.5569 0.1086 -0.8235
vn 0.6282 0.1064 -0.7708
vn 0.1239 0.2302 -0.9652
vn 0.1061 0.1311 -0.9857
vn 0.1452 0.1699 -0.9747
vn 0.0954 0.2403 -0.9660
vn 0.2593 0.0338 0.9652
vn -0.0141 0.0365 0.9992
vn -0.8802 0.1689 -0.4436
vn -0.8136 0.1313 -0.5664
vn -0.4669 0.0083 -0.8843
vn -0.5795 -0.0944 -0.8095
vn 0.3122 -0.2977 -0.9022
vn 0.1664 -0.4194 -0.8924
vn 0.7858 -0.3154 -0.5320
vn 0.7018 -0.4551 -0.5481
vn 0.9687 -0.2339 0.0832
vn 0.9481 -0.3109 0.0669
vn 0.8255 -0.1003 0.5554
vn 0.6779 -0.1496 0.7198
vn 0.8325 -0.1081 0.5434
vn 0.3558 0.1770 0.9176
vn 0.1234 0.1409 0.9823
vn -0.2331 0.3037 0.9238
vn -0.3893 0.3250 0.8619
vn -0.7284 0.3792 0.5706
vn -0.8592 0.3167 0.4019
vn -0.9390 0.3438 -0.0000
vn -0.9777 0.1917 -0.0852
vn -0.9557 0.2939 0.0168
vn -0.8050 0.2389 -0.5431
vn -0.3940 0.1652 -0.9042
vn 0.4141 -0.0639 -0.9080
vn 0.9012 -0.2766 -0.3338
vn 0.9652 -0.2165 0.1464
vn 0.6654 -0.2783 0.6926
vn -0.0157 -0.2214 0.9751
vn 0.4060 0.1315 0.9044
vn -0.5332 -0.0036 0.8460
vn -0.2498 0.3297 0.9105
vn -0.8174 0.1529 0.5555
vn -0.7235 0.3646 0.5862
vn -0.9677 0.2480 -0.0442
vn -0.3348 -0.3737 -0.8650
vn 0.0783 -0.4332 0.8979
vn 0.3191 -0.6287 0.7091
vn -0.8283 -0.0994 -0.5514
vn 0.2026 -0.5156 -0.8326
vn -0.3222 -0.2920 0.9005
vn 0.7463 -0.5222 -0.4128
vn -0.7147 -0.2777 0.6419
vn 0.9003 -0.3579 0.2478
vn -0.8742 -0.4625 0.1482
vn -0.7851 -0.5966 -0.1664
vn -0.5028 -0.8164 -0.2842
vn -0.1104 -0.9650 -0.2381
vn 0.1999 -0.9798 -0.0114
vn 0.3586 -0.8694 0.3399
vn 0.4473 0.1150 -0.8870
vn 0.9001 -0.2484 -0.3579
vn -0.3848 0.2908 -0.8760
vn -0.7942 0.3178 -0.5179
vn -0.9618 0.2728 -0.0206
vn -0.8639 0.1020 0.4933
vn -0.6931 -0.0694 0.7175
vn -0.0440 -0.3227 0.9455
vn 0.5432 -0.4239 0.7247
vn 0.9125 -0.3418 0.2246
vn -0.8834 0.0666 -0.4639
vn -0.6610 -0.1671 -0.7315
vn 0.1826 -0.5184 -0.8354
vn 0.1198 -0.3883 -0.9137
vn 0.6930 -0.4349 -0.5749
vn 0.9418 -0.3333 -0.0438
vn -0.1281 0.1958 -0.9722
vn -0.1341 -0.1804 -0.9744
vn -0.3225 -0.0507 0.9452
vn -0.2197 0.1025 0.9702
vn -0.9112 0.2208 0.3478
vn -0.9067 -0.0991 0.4099
vn -0.9911 -0.1328 -0.0071
vn -0.9504 0.3109 0.0116
vn -0.8292 0.2216 -0.5131
vn -0.9188 -0.1536 -0.3637
vn -0.5127 -0.2372 -0.8252
vn -0.4556 0.2623 -0.8507
vn -0.1189 0.6083 -0.7848
vn -0.1857 0.5289 -0.8281
vn -0.0462 0.2349 -0.9709
vn -0.0808 -0.1414 -0.9867
vn -0.2603 0.2406 -0.9351
vn -0.1729 0.2455 -0.9539
vn -0.1205 -0.0888 -0.9887
vn -0.0626 -0.0019 -0.9980
vn -0.8372 -0.1612 0.5226
vn -0.7927 -0.1772 0.5833
vn -0.8428 -0.3785 0.3827
vn -0.9644 -0.2616 0.0373
vn -0.0652 0.4305 -0.9002
vn -0.5985 0.4592 -0.6564
vn -0.7515 0.5152 -0.4122
vn -0.3661 0.7642 -0.5310
vn -0.2371 0.4595 -0.8560
vn -0.5261 0.2940 0.7979
vn -0.4114 0.6771 0.6101
vn -0.7261 0.3030 0.6172
vn -0.6401 0.0012 0.7683
vn -0.1456 0.2706 -0.9516
vn -0.2040 0.0937 0.9745
vn -0.9701 0.2426 0.0031
vn -0.8708 0.2499 0.4234
vn -0.4971 0.2393 -0.8340
vn -0.8208 0.3122 -0.4784
vn -0.1985 0.1666 -0.9658
vn -0.2410 0.0325 0.9700
vn -0.9939 0.1059 0.0295
vn -0.8692 0.0836 0.4874
vn -0.4546 0.1682 -0.8747
vn -0.8428 0.2017 -0.4989
vn -0.2422 0.1227 -0.9624
vn -0.2092 0.1472 -0.9667
vn -0.2677 0.0291 0.9631
vn -0.2472 0.1027 0.9635
vn -0.9943 0.0564 0.0904
vn -0.9925 0.0972 0.0735
vn -0.8805 0.0810 0.4671
vn -0.8674 0.0365 0.4963
vn -0.4683 0.0938 -0.8786
vn -0.5082 0.1011 -0.8553
vn -0.8842 0.0647 -0.4626
vn -0.8859 0.1275 -0.4461
vn -0.3422 0.6257 0.7010
vn -0.3235 0.6551 0.6828
vn -0.2974 0.5937 0.7477
vn -0.2302 0.5411 0.8088
vn -0.7539 0.6278 0.1938
vn -0.3800 0.9232 0.0574
vn -0.5228 0.8446 0.1151
vn -0.4579 0.7621 -0.4577
vn -0.3241 0.8310 -0.4521
vn -0.3158 0.9160 0.2474
vn -0.3164 0.1218 -0.9408
vn -0.3760 -0.0878 -0.9225
vn -0.9202 0.1881 -0.3432
vn -0.9098 0.1249 -0.3959
vn -0.7812 -0.0145 -0.6241
vn -0.6648 0.2555 -0.7020
vn -0.9286 -0.2854 -0.2373
vn -0.8615 -0.4761 -0.1766
vn -0.6483 -0.4244 -0.6321
vn -0.7636 -0.3712 -0.5283
vn -0.2092 -0.3405 -0.9167
vn -0.3037 -0.3194 -0.8976
vn -0.3950 0.5385 0.7443
vn 0.2701 0.3938 0.8786
vn 0.5679 0.4007 0.7190
vn 0.1807 0.2667 0.9467
vn 0.6189 0.5678 0.5427
vn 0.1992 0.7178 0.6671
vn 0.2685 0.6430 0.7172
vn 0.1873 0.7492 0.6354
vn 0.3213 0.7462 0.5831
vn -0.0714 0.6827 0.7272
vn -0.7474 0.0725 0.6604
vn -0.7087 0.3453 0.6152
vn -0.6335 0.0682 0.7707
vn -0.5962 0.2284 0.7697
vn -0.3163 0.2487 0.9155
vn -0.4611 0.3802 0.8018
vn 0.5823 0.5390 0.6086
vn -0.0725 0.9810 0.1797
vn 0.3485 0.8829 0.3147
vn 0.4165 0.6613 0.6239
vn -0.5047 0.4382 0.7438
vn -0.3736 0.6421 0.6694
vn -0.2405 0.7006 0.6718
vn -0.2002 0.9039 -0.3780
vn -0.3849 0.7873 0.4816
vn -0.2228 0.9129 0.3421
vn -0.6933 -0.2752 -0.6660
vn -0.9745 0.0600 -0.2162
vn -0.7055 0.7085 -0.0169
vn -0.3775 -0.3864 -0.8415
vn -0.8222 0.5671 -0.0483
vn -0.6073 0.6745 0.4197
vn -0.4061 0.6553 0.6369
vn -0.3837 0.8129 0.4380
vn -0.7884 0.5650 0.2433
vn -0.5050 0.5375 0.6753
vn -0.3179 0.6192 0.7180
vn -0.1278 0.2334 -0.9640
vn -0.1149 -0.1596 -0.9805
vn -0.1978 0.5041 -0.8407
vn 0.1595 0.7437 0.6492
vn 0.1621 0.8221 0.5458
vn 0.0173 0.9435 0.3308
vn -0.1200 -0.2538 -0.9598
vn -0.1122 -0.2726 -0.9556
vn 0.0293 -0.2865 -0.9576
vn -0.5383 0.0463 0.8415
vn -0.5779 0.0609 0.8138
vn -0.5707 0.0979 0.8153
vn -0.5647 0.0256 0.8249
vn -0.6008 0.2028 0.7732
vn -0.6055 -0.0511 0.7942
vn -0.5585 0.0408 0.8285
vn -0.2129 0.6922 0.6896
vn -0.5793 -0.0914 0.8100
vn -0.5459 -0.0629 0.8355
vn 0.2068 0.4580 0.8646
vn 0.8890 0.4264 0.1671
vn -0.2798 0.1262 0.9517
vn -0.3104 0.4997 0.8086
vn -0.4112 0.1145 0.9043
vn -0.7846 -0.0856 0.6140
vn -0.5611 0.2296 0.7952
vn -0.3256 -0.1085 0.9393
vn -0.4651 0.0360 0.8845
vn -0.6115 0.0591 0.7890
vn -0.6910 -0.2514 0.6778
vn -0.5149 0.0490 0.8558
vn -0.6773 -0.0899 0.7302
vn -0.1065 0.1665 0.9803
vn -0.1791 0.0042 0.9838
vn -0.5859 -0.0270 0.8099
vn -0.5939 0.0378 0.8037
vn -0.5813 -0.1463 0.8004
vn -0.2211 0.0095 0.9752
vn -0.6415 0.3015 0.7054
vn -0.0671 0.1449 0.9872
vn -0.0652 -0.1808 0.9814
vn -0.5529 0.1874 0.8119
vn -0.3944 -0.0343 0.9183
vn -0.5300 0.1546 0.8338
vn -0.5975 0.5589 0.5749
vn -0.7292 -0.0415 0.6830
vn -0.8854 0.1199 0.4491
vn -0.3698 -0.3106 0.8757
vn 0.3936 -0.5772 0.7155
vn 0.8356 -0.4506 0.3144
vn 0.9215 -0.0545 -0.3845
vn 0.4559 0.1543 -0.8766
vn -0.2937 0.3229 -0.8997
vn -0.7945 0.3603 -0.4888
vn -0.9608 0.2766 -0.0185
vn 0.0030 -0.3135 -0.9496
vn 0.2808 -0.5424 -0.7918
vn 0.7095 -0.5302 -0.4642
vn -0.4558 -0.3189 -0.8310
vn -0.8662 0.0516 -0.4970
vn -0.9569 0.2905 -0.0063
vn -0.7513 0.4199 0.5092
vn -0.3041 0.4246 0.8528
vn 0.3185 0.2370 0.9178
vn 0.8050 -0.0546 0.5908
vn 0.9433 -0.2965 0.1495
vn -0.8237 0.4449 0.3515
vn -0.9841 0.1771 -0.0161
vn -0.3328 0.5041 0.7969
vn 0.3372 0.2605 0.9047
vn 0.8383 -0.0217 0.5449
vn 0.9427 -0.3141 0.1124
vn 0.6668 -0.5265 -0.5274
vn 0.2188 -0.5627 -0.7972
vn -0.6683 -0.0634 -0.7412
vn -0.0230 -0.4921 -0.8702
vn -0.8863 -0.0384 -0.4616
vn -0.7231 0.5124 0.4632
vn -0.2323 0.4275 0.8737
vn 0.7540 -0.1056 0.6483
vn 0.9526 -0.2926 0.0828
vn -0.6369 0.0861 -0.7661
vn -0.3703 0.5088 -0.7772
vn 0.9270 -0.0400 0.3729
vn 0.8965 -0.2410 0.3718
vn -0.7751 0.1609 -0.6110
vn -0.6808 0.0366 -0.7316
vn -0.6828 -0.3329 -0.6504
vn 0.2685 -0.9156 0.2994
vn -0.3191 -0.8740 0.3665
vn -0.2946 0.1958 0.9354
vn -0.6749 0.0862 0.7329
vn -0.8760 0.0168 0.4821
vn -0.8646 0.0568 0.4992
vn -0.9972 0.0660 0.0344
vn -0.9955 0.0079 0.0946
vn -0.8696 0.0827 -0.4867
vn -0.8602 0.1041 -0.4993
vn -0.5950 0.1439 -0.7908
vn -0.6814 0.0944 -0.7258
vn -0.4889 0.1926 -0.8508
vn -0.1905 0.1839 -0.9643
vn 0.1880 0.2041 -0.9607
vn -0.2842 0.0022 0.9588
vn -0.5125 -0.0629 0.8564
vn -0.0514 0.2159 0.9751
vn -0.1840 0.2163 0.9588
vn -0.2702 0.0104 0.9627
vn -0.4222 -0.0217 0.9062
vn -0.8295 0.4961 0.2567
vn -0.5759 -0.0377 0.8166
vn -0.0719 -0.1224 0.9899
vn -0.1214 0.3325 0.9353
vn 0.0970 0.7467 0.6581
vn -0.1058 0.4182 0.9022
vn -0.2935 0.4329 0.8523
vn 0.6101 0.5165 0.6008
vn -0.3739 0.4130 0.8304
vn 0.6653 0.2028 0.7186
vn 0.0806 0.7354 0.6728
vn 0.3122 0.5252 0.7916
vn -0.6462 0.3402 0.6831
vn 0.5142 0.2531 0.8195
vn 0.1488 0.3129 0.9380
vn -0.3446 0.9375 0.0479
vn 0.0562 0.8758 0.4794
vn 0.3166 0.9415 0.1154
vn 0.3891 0.8948 0.2191
vn -0.1030 0.8064 0.5823
vn -0.3159 0.3388 0.8863
vn -0.0427 0.2540 0.9663
vn 0.4936 -0.2022 0.8459
vn -0.2258 0.5156 0.8265
vn 0.0459 0.4386 0.8975
vn 0.1712 0.3532 0.9197
vn 0.2339 0.6722 0.7024
vn 0.5198 0.3228 0.7909
vn 0.4160 0.3364 0.8448
vn 0.3278 0.3233 0.8877
vn 0.8795 0.4665 -0.0939
vn -0.2646 0.5507 0.7917
vn 0.8348 0.4395 0.3315
vn -0.5896 0.1348 0.7963
vn -0.7492 0.6623 -0.0078
vn 0.5085 0.0519 0.8595
vn 0.5292 0.2122 0.8216
vn -0.8006 0.4054 0.4413
vn -0.4185 0.3465 0.8395
vn 0.0177 0.0039 0.9998
vn 0.0322 -0.0129 0.9994
vn 0.4204 0.8584 0.2941
vn 0.3506 0.9258 0.1412
vn 0.3514 0.9254 -0.1424
vn 0.3757 0.9228 -0.0848
vn 0.3065 0.8926 -0.3306
vn 0.3325 0.8399 -0.4290
vn 0.0514 0.1427 -0.9884
vn 0.0731 0.2070 -0.9756
vn 0.9941 0.1072 0.0160
vn 0.8970 -0.0286 -0.4410
vn 0.9436 0.2201 -0.2473
vn 0.9457 0.3247 0.0118
vn -0.7929 0.4977 0.3515
vn -0.2273 0.1922 0.9547
vn 0.0879 0.9142 0.3956
vn 0.3367 0.9414 -0.0205
vn 0.5971 0.8021 -0.0126
vn 0.5388 0.7953 -0.2780
vn 0.1541 0.0001 -0.9881
vn 0.0180 -0.0072 0.9998
vn 0.6003 0.7296 0.3276
vn 0.2477 0.7194 -0.6490
vn -0.2552 0.4404 -0.8608
vn 0.3439 0.9022 -0.2603
vn -0.7403 0.5410 -0.3991
vn 0.9298 0.3386 0.1445
vn 0.9285 0.0203 0.3708
vn -0.0178 0.0038 0.9998
vn -0.3504 0.9259 0.1412
vn -0.4204 0.8584 0.2941
vn -0.0322 -0.0129 0.9994
vn -0.3514 0.9254 -0.1423
vn -0.3325 0.8399 -0.4290
vn -0.3065 0.8926 -0.3306
vn -0.3757 0.9228 -0.0848
vn -0.0731 0.2070 -0.9756
vn -0.0514 0.1427 -0.9884
vn -0.9941 0.1071 0.0160
vn -0.9457 0.3248 0.0118
vn -0.9436 0.2201 -0.2474
vn -0.8970 -0.0287 -0.4411
vn 0.7930 0.4977 0.3514
vn -0.3367 0.9414 -0.0205
vn -0.0879 0.9142 0.3956
vn 0.2273 0.1922 0.9547
vn -0.5387 0.7953 -0.2780
vn -0.5971 0.8021 -0.0126
vn -0.1540 -0.0000 -0.9881
vn -0.6003 0.7296 0.3275
vn -0.0180 -0.0072 0.9998
vn -0.2477 0.7194 -0.6490
vn 0.2552 0.4404 -0.8608
vn -0.3439 0.9022 -0.2603
vn 0.7403 0.5410 -0.3991
vn -0.9297 0.3387 0.1445
vn -0.9285 0.0203 0.3708
vn 0.3878 0.8172 -0.4264
vn 0.1630 0.9086 -0.3845
vn 0.4976 -0.0102 -0.8674
vn 0.8939 0.1632 -0.4174
vn 0.1681 0.9008 -0.4003
vn -0.0000 0.9822 -0.1878
vn -0.0000 -0.0625 -0.9980
vn 0.2418 -0.0400 -0.9695
vn 0.5349 0.3802 0.7545
vn 0.2881 0.8937 0.3438
vn 0.7585 0.3967 0.5170
vn 0.5567 0.8182 0.1440
vn 0.9048 0.3145 0.2871
vn 0.4221 0.8984 -0.1212
vn 0.9263 0.3673 0.0843
vn 0.5398 0.7707 -0.3385
vn 0.3344 0.7388 -0.5852
vn -0.0796 0.9740 -0.2123
vn -0.0000 0.6039 -0.7971
vn -0.0000 0.9838 -0.1795
vn -0.1401 0.8733 -0.4666
vn 0.4934 0.8539 0.1655
vn -0.1473 0.9429 -0.2987
vn -0.0000 0.9231 -0.3845
vn 0.4754 0.8794 0.0265
vn -0.1477 0.9623 -0.2285
vn 0.7720 0.5444 0.3279
vn 0.8882 0.4398 0.1329
vn 0.6761 0.6614 0.3248
vn 0.7500 0.6308 0.1989
vn 0.6983 0.6509 0.2978
vn 0.5823 0.6081 0.5395
vn 0.5936 0.5564 0.5815
vn 0.5166 0.2082 -0.8306
vn -0.0000 0.0424 -0.9991
vn 0.8584 0.3553 -0.3701
vn -0.0000 0.9829 -0.1843
vn -0.0000 0.9053 -0.4247
vn -0.0000 0.7446 0.6676
vn 0.1144 0.9132 0.3912
vn 0.2504 0.2939 0.9225
vn -0.0000 0.3629 0.9318
vn -0.0000 0.4778 0.8784
vn 0.2200 0.5004 0.8374
vn -0.0000 0.4187 0.9081
vn 0.6476 0.6552 0.3891
vn 0.8357 0.3772 0.3992
vn 0.8575 0.2761 0.4341
vn 0.7838 0.3755 0.4947
vn -0.0000 0.5181 0.8553
vn -0.0000 0.9609 0.2770
vn -0.0686 0.9928 -0.0987
vn -0.0203 0.9979 -0.0614
vn 0.0597 0.9977 -0.0308
vn -0.0000 0.9996 -0.0285
vn 0.0182 0.9901 0.1391
vn -0.0135 0.9965 0.0820
vn -0.0000 0.9842 0.1772
vn 0.0621 0.9979 0.0203
vn 0.0409 0.9968 -0.0686
vn -0.0892 0.9938 -0.0666
vn -0.0502 0.9866 -0.1554
vn -0.0286 0.9786 -0.2036
vn -0.0519 0.9832 -0.1747
vn 0.0799 0.9968 -0.0099
vn -0.0300 0.9763 -0.2144
vn -0.3878 0.8172 -0.4264
vn -0.8939 0.1632 -0.4174
vn -0.4976 -0.0102 -0.8673
vn -0.1630 0.9086 -0.3845
vn -0.1681 0.9008 -0.4003
vn -0.2418 -0.0400 -0.9695
vn -0.5349 0.3804 0.7545
vn -0.7585 0.3967 0.5170
vn -0.2881 0.8937 0.3438
vn -0.9048 0.3145 0.2871
vn -0.5567 0.8182 0.1440
vn -0.9263 0.3673 0.0843
vn -0.4221 0.8984 -0.1212
vn -0.5398 0.7707 -0.3385
vn 0.0796 0.9740 -0.2123
vn -0.3344 0.7387 -0.5852
vn 0.1401 0.8733 -0.4666
vn 0.1473 0.9429 -0.2987
vn -0.4934 0.8539 0.1655
vn 0.1477 0.9623 -0.2285
vn -0.4754 0.8794 0.0265
vn -0.7720 0.5444 0.3279
vn -0.8882 0.4398 0.1329
vn -0.6761 0.6614 0.3248
vn -0.6983 0.6509 0.2978
vn -0.7500 0.6309 0.1989
vn -0.5823 0.6081 0.5396
vn -0.5936 0.5564 0.5815
vn -0.5166 0.2082 -0.8306
vn -0.8584 0.3553 -0.3701
vn -0.2504 0.2939 0.9225
vn -0.1144 0.9132 0.3912
vn -0.2200 0.5004 0.8374
vn -0.8357 0.3772 0.3991
vn -0.6476 0.6552 0.3891
vn -0.8575 0.2760 0.4342
vn -0.7838 0.3755 0.4947
vn 0.0203 0.9979 -0.0614
vn 0.0687 0.9927 -0.0990
vn -0.0597 0.9977 -0.0308
vn 0.0135 0.9965 0.0820
vn -0.0182 0.9901 0.1391
vn -0.0621 0.9979 0.0203
vn -0.0409 0.9968 -0.0686
vn 0.0502 0.9866 -0.1554
vn 0.0892 0.9938 -0.0666
vn 0.0519 0.9832 -0.1747
vn 0.0286 0.9786 -0.2036
vn -0.0799 0.9968 -0.0099
vn 0.0301 0.9763 -0.2144
vn 0.9633 -0.2652 0.0413
vn 0.8792 -0.4069 -0.2480
vn 0.7566 0.0154 0.6537
vn 0.4820 0.2081 0.8511
vn -0.8744 -0.1050 -0.4736
vn -0.9763 0.1183 -0.1811
vn -0.9639 0.2478 0.0976
vn -0.9472 0.2583 0.1899
vn -0.7693 0.3758 0.5166
vn -0.6486 0.3951 0.6505
vn 0.6916 -0.4779 -0.5416
vn 0.6239 -0.5034 -0.5978
vn -0.2895 0.3997 0.8697
vn -0.0603 0.3531 0.9336
vn 0.2921 -0.5080 -0.8103
vn 0.0042 -0.5382 -0.8428
vn -0.4016 -0.4140 -0.8169
vn 0.6115 -0.2204 -0.7600
vn 0.0188 0.0608 -0.9980
vn -0.7127 0.2230 -0.6651
vn -0.9162 0.3976 0.0501
vn -0.6913 0.5580 0.4591
vn -0.1575 0.5967 0.7868
vn 0.5262 0.5295 0.6654
vn 0.9666 0.0936 -0.2388
vn 0.7337 -0.2812 -0.6186
vn 0.6208 -0.5491 -0.5595
vn -0.0488 -0.1143 -0.9922
vn -0.7078 0.3277 -0.6259
vn -0.8980 0.4181 -0.1371
vn -0.9073 0.4199 0.0207
vn -0.8981 0.4318 -0.0835
vn -0.8702 0.4486 0.2039
vn -0.7822 0.4829 0.3936
vn -0.7319 0.5354 0.4216
vn -0.8572 0.4804 0.1856
vn -0.0683 0.3391 0.9383
vn -0.0147 0.4614 0.8871
vn -0.3975 0.5996 0.6946
vn -0.5865 0.5449 0.5993
vn -0.1858 -0.0441 0.9816
vn 0.1542 0.4045 0.9014
vn 0.2221 0.4892 0.8434
vn 0.7798 0.4293 0.4556
vn 0.9412 -0.1534 -0.3011
vn 0.5865 -0.4270 -0.6882
vn 0.5424 -0.6495 -0.5329
vn 0.5718 -0.6247 0.5318
vn -0.3660 -0.6918 0.6224
vn -0.2544 -0.9255 -0.2806
vn 0.6379 -0.7191 -0.2756
vn 0.2626 -0.5136 -0.8169
vn 0.2930 -0.4350 -0.8515
vn -0.6869 0.1839 -0.7031
vn 0.6277 -0.6367 -0.4479
vn 0.6288 -0.6309 -0.4545
vn 0.6813 -0.5834 -0.4421
vn 0.6572 -0.6372 -0.4026
vn 0.2054 -0.7526 -0.6256
vn -0.7702 -0.6377 -0.0079
vn 0.2393 -0.9614 -0.1358
vn -0.0807 -0.8505 -0.5197
vn 0.7859 -0.2698 -0.5564
vn 0.8284 0.2804 0.4848
vn 0.2740 -0.7689 -0.5777
vn 0.7203 -0.5604 -0.4089
vn 0.4827 -0.2912 0.8260
vn 0.7527 -0.6564 0.0505
vn 0.6107 -0.7574 -0.2312
vn 0.5312 -0.6800 -0.5054
vn 0.5520 -0.5200 -0.6518
vn 0.2408 -0.1166 -0.9635
vn -0.7210 0.0398 -0.6918
vn -0.9563 0.2883 0.0499
vn -0.9921 0.0990 -0.0766
vn -0.8891 0.2869 0.3567
vn -0.8803 0.0162 0.4742
vn -0.7511 0.3470 0.5617
vn -0.1874 0.3102 0.9320
vn -0.2551 -0.9640 0.0754
vn -0.4802 -0.5608 -0.6745
vn 0.2845 -0.4312 -0.8562
vn 0.7906 -0.2962 -0.5360
vn -0.9070 0.3171 0.2770
vn -0.9759 0.0501 0.2122
vn 0.4128 0.0260 0.9105
vn 0.7981 0.2976 0.5239
vn 0.9309 -0.0534 -0.3612
vn 0.0114 -0.3956 -0.9184
vn -0.8688 -0.3946 -0.2992
vn -0.8206 -0.2140 0.5299
vn -0.0832 0.2030 0.9756
vn 0.9005 0.0978 0.4237
vn 0.8568 -0.0967 -0.5066
vn -0.0619 -0.3729 -0.9258
vn -0.7145 -0.2943 -0.6347
vn -0.8189 0.0375 0.5727
vn 0.0286 0.1440 0.9892
vn 0.8149 -0.3091 -0.4902
vn 0.7352 0.0954 0.6711
vn -0.0106 0.1917 0.9814
vn -0.3570 -0.7017 -0.6166
vn -0.7841 -0.0648 0.6172
vn -0.7195 -0.6395 0.2709
vn -0.9559 -0.2935 0.0085
vn -0.1837 -0.9098 0.3721
vn -0.4484 -0.8784 -0.1652
vn 0.8873 -0.2566 -0.3832
vn 0.5900 -0.6007 0.5395
vn 0.4944 -0.0128 0.8691
vn 0.9501 -0.3079 -0.0505
vn 0.9939 -0.0047 -0.1103
vn 0.2994 -0.1697 -0.9389
vn 0.6283 -0.5834 -0.5147
vn -0.8606 -0.1444 -0.4883
vn -0.8543 -0.1411 0.5003
vn -0.1293 -0.0135 0.9915
vn 0.3609 0.0326 0.9320
vn 0.4892 0.0008 0.8722
vn 0.9784 0.2054 0.0221
vn 0.3572 0.1096 -0.9276
vn -0.8659 -0.2007 -0.4581
vn -0.7247 -0.0885 -0.6833
vn -0.8966 -0.0553 0.4394
vn -0.8085 -0.2538 0.5310
vn -0.2538 -0.1324 0.9581
vn -0.3927 -0.0314 0.9191
vn 0.4085 0.0144 0.9126
vn -0.4189 -0.1888 0.8882
vn -0.8530 -0.2737 0.4444
vn -0.7202 -0.1617 -0.6747
vn 0.7547 0.2317 -0.6138
vn 0.2405 -0.1602 -0.9573
vn -0.5309 -0.3285 -0.7812
vn -0.8212 -0.3135 -0.4767
vn -0.7579 -0.4062 0.5105
vn -0.7579 -0.5835 0.2917
vn -0.3924 -0.5347 0.7484
vn -0.2829 -0.2680 0.9209
vn 0.6093 -0.1470 0.7792
vn 0.7110 0.0702 0.6996
vn 0.9958 -0.0130 0.0904
vn 0.3698 -0.8849 0.2832
vn -0.0914 -0.9883 -0.1224
vn 0.1975 -0.0652 0.9781
vn 0.9604 0.0397 0.2758
vn 0.3890 -0.0956 -0.9163
vn -0.8535 -0.0137 -0.5209
vn -0.8461 0.0175 0.5328
vn -0.0716 -0.0342 0.9969
vn 0.2189 -0.1317 0.9668
vn 0.9010 0.2531 0.3523
vn 0.4349 0.3324 -0.8369
vn -0.8897 -0.1937 -0.4133
vn -0.7724 -0.0090 -0.6351
vn -0.9160 -0.0424 0.3990
vn -0.7978 -0.3445 0.4948
vn -0.1099 -0.2832 0.9528
vn 0.2110 -0.2623 0.9416
vn 0.8247 0.0227 0.5651
vn 0.7783 0.4302 -0.4574
vn -0.8302 -0.3155 -0.4595
vn -0.7094 -0.1302 -0.6927
vn -0.8677 -0.4150 0.2738
vn -0.7020 -0.5761 0.4188
vn -0.0319 -0.4617 0.8865
vn -0.0291 -0.7244 0.6888
vn 0.7871 -0.4470 0.4251
vn 0.3605 -0.9033 -0.2327
vn -0.5906 -0.7901 0.1644
vn -0.4979 -0.5480 -0.6721
vn 0.2388 -0.4150 -0.8779
vn 0.0975 0.1031 -0.9899
vn -0.7045 -0.2025 -0.6802
vn -0.7471 -0.5693 0.3432
vn 0.8287 -0.1811 -0.5295
vn 0.0885 -0.1444 0.9856
vn 0.9347 -0.0638 0.3497
vn 0.5204 -0.0695 -0.8511
vn -0.8328 0.0446 -0.5518
vn -0.9273 0.0130 0.3742
vn 0.1253 -0.2678 0.9553
vn -0.1866 -0.4046 0.8953
vn 0.9365 0.1637 0.3102
vn 0.4980 0.3413 -0.7972
vn -0.6889 -0.0380 -0.7239
vn -0.8409 -0.0951 -0.5327
vn -0.8196 -0.3663 0.4406
vn -0.8427 -0.4361 0.3157
vn -0.7017 0.0730 -0.7087
vn -0.9560 -0.0385 0.2908
vn -0.2598 -0.1222 0.9579
vn -0.1540 -0.5383 0.8286
vn 0.2832 -0.8806 0.3799
vn 0.9319 -0.3349 0.1390
vn 0.8279 -0.0617 0.5574
vn 0.8552 0.3364 -0.3943
vn 0.1829 0.1454 -0.9723
vn -0.6811 -0.1380 -0.7191
vn -0.8679 -0.2681 -0.4182
vn -0.7433 -0.5383 0.3971
vn -0.8001 -0.5506 0.2380
vn 0.0740 -0.3883 0.9186
vn -0.1145 -0.2619 0.9583
vn 0.8718 -0.2152 0.4401
vn 0.6531 -0.0804 -0.7530
vn -0.7614 0.1993 -0.6169
vn -0.9386 0.0953 0.3316
vn -0.1028 -0.3415 0.9343
vn -0.3757 -0.4266 0.8227
vn 0.8509 0.0233 0.5248
vn 0.6319 0.3047 -0.7126
vn -0.5931 0.0196 -0.8049
vn -0.7451 0.0323 -0.6661
vn -0.9635 -0.1629 0.2122
vn -0.9549 -0.2958 0.0256
vn -0.5812 0.2247 -0.7822
vn -0.9837 0.1262 0.1284
vn -0.3304 -0.0844 0.9401
vn 0.0016 -0.4590 0.8885
vn -0.2333 -0.6235 0.7462
vn 0.7420 -0.1475 0.6540
vn 0.8824 0.4110 -0.2292
vn 0.2607 0.2252 -0.9388
vn -0.6574 -0.1584 -0.7367
vn -0.7862 -0.1986 -0.5852
vn -0.7975 -0.5790 0.1695
vn -0.7933 -0.6067 0.0504
vn 0.3678 -0.3746 -0.8511
vn -0.4248 -0.3067 -0.8518
vn -0.9633 -0.2643 0.0471
vn -0.4821 0.2267 0.8463
vn -0.7566 0.0298 0.6532
vn -0.8792 -0.4123 -0.2390
vn 0.8744 -0.1154 -0.4712
vn 0.9473 0.2620 0.1844
vn 0.9639 0.2498 0.0922
vn 0.9763 0.1143 -0.1837
vn 0.7693 0.3871 0.5083
vn 0.6486 0.4093 0.6417
vn -0.6916 -0.4896 -0.5310
vn -0.6239 -0.5164 -0.5866
vn 0.2895 0.4187 0.8608
vn 0.0603 0.3735 0.9257
vn -0.0042 -0.5565 -0.8308
vn -0.2921 -0.5257 -0.7990
vn 0.4016 -0.4317 -0.8077
vn -0.0188 0.0389 -0.9991
vn -0.6114 -0.2370 -0.7550
vn 0.7127 0.2084 -0.6698
vn 0.9162 0.3986 0.0414
vn 0.6913 0.5679 0.4467
vn 0.1575 0.6138 0.7736
vn -0.5262 0.5440 0.6536
vn -0.9666 0.0884 -0.2408
vn -0.7337 -0.2947 -0.6123
vn 0.0488 -0.1360 -0.9895
vn -0.6209 -0.5612 -0.5474
vn 0.7078 0.3139 -0.6329
vn 0.8980 0.4150 -0.1462
vn 0.8981 0.4299 -0.0930
vn 0.9074 0.4202 0.0114
vn 0.8702 0.4529 0.1940
vn 0.8572 0.4843 0.1750
vn 0.7319 0.5445 0.4098
vn 0.7823 0.4914 0.3829
vn 0.0683 0.3596 0.9306
vn 0.5865 0.5579 0.5872
vn 0.3975 0.6147 0.6813
vn 0.0147 0.4807 0.8768
vn 0.1858 -0.0226 0.9823
vn -0.2221 0.5076 0.8325
vn -0.1542 0.4242 0.8924
vn -0.7798 0.4392 0.4461
vn -0.5865 -0.4420 -0.6787
vn -0.9412 -0.1599 -0.2976
vn -0.5424 -0.6610 -0.5186
vn -0.5717 -0.6130 0.5453
vn -0.6379 -0.7250 -0.2598
vn 0.2544 -0.9314 -0.2603
vn 0.3660 -0.6781 0.6374
vn -0.2626 -0.5313 -0.8055
vn 0.6869 0.1684 -0.7070
vn -0.2930 -0.4535 -0.8417
vn -0.6277 -0.6463 -0.4338
vn -0.6572 -0.6458 -0.3885
vn -0.6813 -0.5930 -0.4292
vn -0.6288 -0.6407 -0.4405
vn -0.2054 -0.7662 -0.6089
vn 0.0807 -0.8617 -0.5009
vn -0.2393 -0.9641 -0.1148
vn 0.7703 -0.6377 0.0061
vn -0.7859 -0.2820 -0.5503
vn -0.8284 0.2910 0.4786
vn -0.2740 -0.7814 -0.5607
vn -0.7203 -0.5692 -0.3965
vn -0.4826 -0.2731 0.8322
vn -0.6107 -0.7622 -0.2146
vn -0.7527 -0.6551 0.0649
vn -0.5312 -0.6909 -0.4903
vn -0.5520 -0.5342 -0.6403
vn 0.7210 0.0246 -0.6925
vn -0.2409 -0.1378 -0.9607
vn 0.9921 0.0973 -0.0788
vn 0.9562 0.2893 0.0435
vn 0.8891 0.2946 0.3503
vn 0.8803 0.0266 0.4737
vn 0.1874 0.3305 0.9250
vn 0.7511 0.3592 0.5540
vn 0.2550 -0.9621 0.0966
vn -0.7905 -0.3079 -0.5294
vn -0.2845 -0.4498 -0.8466
vn 0.4801 -0.5754 -0.6621
vn 0.9759 0.0548 0.2111
vn 0.9070 0.3231 0.2700
vn -0.4128 0.0460 0.9097
vn -0.9310 -0.0613 -0.3599
vn -0.7981 0.3090 0.5173
vn -0.0113 -0.4156 -0.9095
vn 0.8688 -0.4010 -0.2904
vn 0.8206 -0.2023 0.5344
vn 0.0832 0.2243 0.9710
vn -0.8567 -0.1078 -0.5043
vn -0.9005 0.1070 0.4215
vn 0.7145 -0.3081 -0.6282
vn 0.0619 -0.3931 -0.9174
vn 0.8189 0.0500 0.5717
vn -0.0286 0.1657 0.9858
vn -0.8149 -0.3198 -0.4833
vn -0.7352 0.1101 0.6689
vn 0.0106 0.2131 0.9770
vn 0.3570 -0.7150 -0.6011
vn 0.7841 -0.0513 0.6185
vn 0.7195 -0.6334 0.2849
vn 0.9559 -0.2932 0.0149
vn 0.1836 -0.9015 0.3919
vn -0.5900 -0.5888 0.5525
vn -0.8873 -0.2649 -0.3775
vn 0.4484 -0.8818 -0.1460
vn -0.9501 -0.3089 -0.0438
vn -0.4945 0.0063 0.8692
vn -0.6283 -0.5945 -0.5018
vn -0.2994 -0.1903 -0.9349
vn -0.9939 -0.0072 -0.1102
vn 0.8606 -0.1551 -0.4850
vn 0.1293 0.0083 0.9916
vn 0.8543 -0.1301 0.5033
vn -0.3609 0.0530 0.9311
vn -0.4891 0.0200 0.8720
vn -0.3572 0.0892 -0.9298
vn -0.9784 0.2058 0.0176
vn 0.7247 -0.1034 -0.6812
vn 0.8660 -0.2107 -0.4536
vn 0.8966 -0.0457 0.4405
vn 0.3927 -0.0113 0.9196
vn 0.2538 -0.1113 0.9608
vn 0.8085 -0.2421 0.5365
vn -0.4085 0.0344 0.9121
vn 0.4190 -0.1692 0.8921
vn 0.8530 -0.2639 0.4503
vn 0.7201 -0.1765 -0.6710
vn -0.7547 0.2181 -0.6187
vn -0.2405 -0.1811 -0.9536
vn 0.8212 -0.3239 -0.4697
vn 0.5309 -0.3455 -0.7738
vn 0.7579 -0.3950 0.5193
vn 0.2829 -0.2478 0.9266
vn 0.3924 -0.5182 0.7599
vn 0.7580 -0.5769 0.3044
vn -0.7111 0.0855 0.6979
vn -0.6093 -0.1300 0.7822
vn -0.9958 -0.0111 0.0907
vn 0.0914 -0.9907 -0.1006
vn -0.3697 -0.8785 0.3026
vn -0.1975 -0.0438 0.9793
vn -0.3890 -0.1156 -0.9139
vn -0.9604 0.0457 0.2749
vn 0.8535 -0.0252 -0.5205
vn 0.8462 0.0283 0.5322
vn 0.0716 -0.0124 0.9974
vn -0.2189 -0.1105 0.9695
vn -0.4349 0.3140 -0.8440
vn -0.9010 0.2608 0.3466
vn 0.7724 -0.0228 -0.6347
vn 0.8897 -0.2027 -0.4090
vn 0.9160 -0.0337 0.3998
vn 0.7978 -0.3336 0.5023
vn 0.1099 -0.2622 0.9587
vn -0.2110 -0.2415 0.9472
vn -0.7783 0.4200 -0.4667
vn -0.8248 0.0351 0.5644
vn 0.7094 -0.1454 -0.6897
vn 0.8302 -0.3255 -0.4525
vn 0.8677 -0.4089 0.2827
vn 0.7020 -0.5667 0.4313
vn 0.0319 -0.4421 0.8964
vn -0.7871 -0.4376 0.4347
vn 0.0291 -0.7091 0.7045
vn -0.3605 -0.9081 -0.2129
vn -0.2387 -0.4341 -0.8687
vn 0.4979 -0.5626 -0.6600
vn 0.5906 -0.7863 0.1817
vn -0.0976 0.0814 -0.9919
vn 0.7045 -0.2173 -0.6756
vn 0.7471 -0.5616 0.3556
vn -0.8287 -0.1926 -0.5254
vn -0.0885 -0.1227 0.9885
vn -0.5204 -0.0882 -0.8494
vn -0.9347 -0.0561 0.3511
vn 0.8328 0.0325 -0.5526
vn 0.9273 0.0212 0.3738
vn -0.1253 -0.2468 0.9609
vn -0.9365 0.1705 0.3066
vn 0.1866 -0.3849 0.9039
vn -0.4980 0.3237 -0.8045
vn 0.8409 -0.1067 -0.5305
vn 0.6889 -0.0539 -0.7229
vn 0.8196 -0.3565 0.4485
vn 0.8427 -0.4290 0.3252
vn 0.7018 0.0575 -0.7101
vn 0.9560 -0.0321 0.2916
vn 0.2598 -0.1012 0.9604
vn 0.1540 -0.5200 0.8402
vn -0.8279 -0.0495 0.5586
vn -0.9320 -0.3318 0.1463
vn -0.2831 -0.8721 0.3991
vn -0.8552 0.3277 -0.4016
vn 0.8679 -0.2773 -0.4122
vn 0.6811 -0.1537 -0.7159
vn -0.1829 0.1241 -0.9753
vn 0.7433 -0.5295 0.4088
vn -0.0740 -0.3680 0.9269
vn 0.8001 -0.5453 0.2500
vn 0.1145 -0.2409 0.9638
vn -0.6531 -0.0969 -0.7510
vn -0.8718 -0.2055 0.4447
vn 0.7614 0.1857 -0.6211
vn 0.9386 0.1025 0.3294
vn 0.1029 -0.3209 0.9415
vn -0.8509 0.0348 0.5242
vn 0.3757 -0.4085 0.8318
vn -0.6319 0.2891 -0.7191
vn 0.7451 0.0176 -0.6667
vn 0.5931 0.0019 -0.8051
vn 0.9635 -0.1582 0.2157
vn 0.9549 -0.2952 0.0321
vn 0.5812 0.2075 -0.7869
vn 0.9837 0.1290 0.1256
vn 0.3304 -0.0638 0.9417
vn -0.0017 -0.4394 0.8983
vn -0.7420 -0.1332 0.6571
vn 0.2333 -0.6069 0.7597
vn -0.8824 0.4058 -0.2382
vn 0.7862 -0.2114 -0.5807
vn 0.6574 -0.1745 -0.7331
vn -0.2606 0.2045 -0.9435
vn 0.7975 -0.5752 0.1821
vn 0.7933 -0.6054 0.0637
vn 0.4248 -0.3253 -0.8448
vn -0.3678 -0.3932 -0.8427
vn 0.6954 0.4198 0.5832
vn 0.1988 0.6093 0.7676
vn 0.1186 -0.7258 0.6776
vn 0.7238 -0.3667 0.5845
vn 0.1665 -0.9280 0.3334
vn -0.1690 -0.8918 0.4196
vn -0.0403 -0.9609 0.2738
vn 0.2277 -0.9312 0.2847
vn -0.8694 0.3067 0.3874
vn -0.9328 0.2936 0.2091
vn 0.9149 0.3549 0.1922
vn 0.8911 0.3150 0.3268
vn 0.1464 -0.9882 -0.0446
vn 0.7988 0.5980 -0.0655
vn 0.9671 0.2492 0.0519
vn 0.0991 -0.9799 0.1730
vn -0.0853 -0.9883 0.1261
vn -0.1429 -0.9829 -0.1161
vn -0.8564 0.5070 -0.0977
vn -0.8375 0.5111 -0.1933
vn 0.9500 0.2900 -0.1157
vn 0.9259 0.2875 -0.2451
vn 0.0750 -0.9693 -0.2341
vn 0.0581 -0.9564 -0.2862
vn -0.2340 -0.9299 -0.2839
vn -0.2068 -0.9598 -0.1897
vn -0.7527 0.6485 0.1137
vn -0.8364 0.4499 0.3130
vn 0.9437 0.2598 -0.2048
vn 0.8571 0.5133 -0.0440
vn 0.4675 -0.8809 0.0740
vn -0.2248 -0.9359 0.2711
vn -0.3396 -0.9406 -0.0043
vn 0.3652 -0.9190 -0.1484
vn 0.2389 -0.6945 0.6787
vn -0.7624 0.5892 0.2675
vn -0.9468 0.2523 0.1996
vn -0.2978 -0.5810 0.7574
vn -0.6806 0.2185 0.6993
vn -0.0806 -0.9045 0.4188
vn 0.0780 -0.4324 -0.8983
vn -0.4330 -0.1662 -0.8859
vn -0.4175 0.2427 -0.8756
vn 0.3064 0.3233 -0.8953
vn 0.2701 -0.9401 -0.2080
vn 0.8943 0.2050 -0.3977
vn -0.3997 -0.9036 -0.1541
vn -0.9572 0.2851 -0.0499
vn 0.3240 -0.8192 -0.4731
vn 0.6750 0.2791 -0.6830
vn -0.5068 -0.7208 -0.4729
vn -0.8114 0.2823 -0.5118
vn 0.4733 0.8751 0.1011
vn 0.5105 0.8508 0.1248
vn 0.0725 0.9864 0.1473
vn 0.0640 0.9958 0.0659
vn 0.1629 0.6875 0.7077
vn 0.5117 0.5837 0.6304
vn 0.4944 0.6459 0.5817
vn 0.0478 0.7300 0.6817
vn 0.5165 0.8236 0.2343
vn 0.1738 0.9482 0.2659
vn 0.3936 0.9072 0.1485
vn -0.0178 0.9792 0.2021
vn 0.0726 0.7892 0.6098
vn 0.3629 0.7989 0.4797
vn -0.0172 0.8292 0.5586
vn 0.6439 0.6408 0.4182
vn 0.9283 0.1076 0.3559
vn 0.9725 0.0121 0.2324
vn 0.9594 0.0825 0.2698
vn 0.9069 0.1780 0.3818
vn -0.9262 0.3180 0.2026
vn -0.8365 0.2475 0.4889
vn -0.8286 0.0988 0.5510
vn -0.9523 -0.0741 0.2959
vn 0.9629 -0.0851 -0.2561
vn 0.9826 0.1310 -0.1319
vn 0.9988 0.0455 -0.0186
vn -0.9650 0.2387 -0.1086
vn -0.9732 0.2069 0.1000
vn -0.9942 -0.0855 0.0649
vn -0.9778 -0.1046 -0.1817
vn 0.9484 -0.0773 -0.3076
vn 0.9911 0.0346 -0.1289
vn 0.9511 -0.2257 -0.2111
vn 0.9446 -0.1283 -0.3022
vn 0.9860 -0.0976 -0.1350
vn 0.9458 0.1163 -0.3031
vn 0.9065 -0.2951 -0.3020
vn 0.9460 -0.2803 -0.1626
vn -0.9657 0.2128 0.1488
vn -0.9462 0.2469 0.2092
vn -0.9426 -0.2854 0.1736
vn -0.9602 -0.2590 0.1048
vn 0.8400 0.2105 0.5001
vn 0.7389 0.3711 0.5625
vn -0.5157 0.6853 0.5143
vn -0.6536 0.2335 0.7199
vn 0.2143 0.7024 0.6788
vn 0.1213 0.3844 0.9152
vn 0.9621 -0.0819 -0.2602
vn -0.9913 -0.1238 -0.0444
vn -0.9382 -0.2170 -0.2697
vn -0.9559 -0.2180 -0.1967
vn -0.9755 -0.1841 -0.1207
vn -0.9917 -0.0098 0.1281
vn -0.9681 -0.2273 0.1055
vn 0.8379 0.2021 -0.5071
vn 0.8355 -0.2061 -0.5093
vn -0.9871 0.1500 -0.0558
vn -0.9657 -0.2187 -0.1400
vn 0.6039 0.1221 -0.7876
vn 0.6246 -0.1240 -0.7711
vn -0.8836 0.1268 -0.4508
vn -0.8241 -0.1596 -0.5434
vn 0.1566 0.4681 -0.8697
vn 0.1823 -0.1608 -0.9700
vn -0.4135 0.0872 -0.9063
vn -0.3750 -0.1143 -0.9200
vn 0.8316 0.5324 0.1582
vn 0.7355 0.6416 0.2177
vn -0.7206 0.5933 0.3587
vn -0.8669 0.4519 0.2103
vn 0.9185 0.3935 0.0382
vn 0.8857 0.4489 0.1184
vn -0.9464 0.3151 0.0709
vn -0.9880 0.1443 -0.0556
vn 0.9826 0.1113 -0.1486
vn 0.9718 0.2054 -0.1159
vn -0.9997 0.0090 -0.0221
vn -0.9842 -0.0759 0.1602
vn 0.9576 0.0510 -0.2834
vn 0.9904 0.0885 -0.1059
vn -0.9804 -0.0458 0.1914
vn -0.9923 0.0190 0.1224
vn 0.9803 0.1202 0.1568
vn 0.7880 0.5939 0.1622
vn 0.6258 0.6876 0.3683
vn -0.5338 0.6656 0.5216
vn 0.0927 0.8023 0.5897
vn 0.9524 0.3045 -0.0145
vn -0.9919 0.0308 -0.1231
vn 0.8482 0.0434 -0.5279
vn -0.9852 0.0715 -0.1555
vn 0.6213 0.1196 -0.7744
vn -0.8216 0.1106 -0.5592
vn 0.1989 0.0873 -0.9761
vn -0.4060 0.1848 -0.8950
vn 0.9032 0.4175 0.0992
vn 0.8564 0.4694 0.2152
vn 0.8346 0.5008 0.2293
vn -0.4001 0.8611 0.3138
vn -0.4260 0.8878 0.1739
vn -0.4632 0.8674 0.1818
vn -0.9591 0.2732 0.0742
vn -0.9857 0.1339 0.1025
vn -0.9865 0.0692 0.1485
vn -0.9821 0.0817 0.1696
vn -0.9851 0.1466 0.0903
vn -0.9479 0.1898 -0.2558
vn -0.7731 0.2348 -0.5892
vn -0.4437 0.2780 -0.8520
vn 0.1839 0.2593 -0.9481
vn 0.6533 0.2023 -0.7296
vn 0.8877 0.2044 -0.4126
vn 0.9498 0.2089 -0.2327
vn 0.9793 0.1913 -0.0667
vn 0.9569 0.2871 -0.0429
vn 0.9998 -0.0104 0.0165
vn -0.2787 0.7573 0.5906
vn -0.3198 0.8200 0.4747
vn -0.3130 0.7513 0.5810
vn -0.3912 0.6528 0.6487
vn -0.3629 0.6615 0.6563
vn -0.5879 0.7671 0.2570
vn 0.8160 0.5444 0.1942
vn 0.7855 0.5540 0.2759
vn 0.7515 0.5564 0.3545
vn 0.6394 0.5813 0.5033
vn -0.8064 0.4989 0.3175
vn -0.9801 0.1592 0.1187
vn -0.8370 0.4070 0.3658
vn -0.9295 0.3498 0.1170
vn -0.5748 0.7000 0.4238
vn 0.0070 0.7819 0.6233
vn -0.2431 0.7772 0.5803
vn 0.4649 0.6904 0.5543
vn -0.7999 0.4832 0.3560
vn 0.7721 0.5890 0.2386
vn 0.6531 0.6557 0.3788
vn -0.9784 0.0526 0.1998
vn -0.6954 0.4198 0.5833
vn -0.7238 -0.3667 0.5845
vn -0.1186 -0.7258 0.6776
vn -0.1989 0.6093 0.7676
vn -0.1665 -0.9279 0.3335
vn -0.2277 -0.9312 0.2848
vn 0.0404 -0.9609 0.2738
vn 0.1689 -0.8918 0.4196
vn 0.8694 0.3067 0.3874
vn 0.9328 0.2936 0.2091
vn -0.9149 0.3549 0.1922
vn -0.8910 0.3150 0.3269
vn -0.1463 -0.9882 -0.0447
vn -0.0991 -0.9799 0.1730
vn -0.9671 0.2492 0.0519
vn -0.7988 0.5980 -0.0655
vn 0.0853 -0.9884 0.1260
vn 0.1429 -0.9829 -0.1161
vn 0.8564 0.5070 -0.0977
vn 0.8375 0.5111 -0.1933
vn -0.9500 0.2900 -0.1157
vn -0.0581 -0.9564 -0.2862
vn -0.0750 -0.9693 -0.2341
vn -0.9259 0.2876 -0.2451
vn 0.2340 -0.9299 -0.2839
vn 0.2068 -0.9598 -0.1898
vn 0.7527 0.6485 0.1137
vn 0.8364 0.4499 0.3130
vn -0.9437 0.2598 -0.2048
vn -0.4674 -0.8809 0.0740
vn -0.8571 0.5133 -0.0440
vn 0.2248 -0.9359 0.2711
vn -0.2390 -0.6945 0.6787
vn -0.3652 -0.9190 -0.1484
vn 0.3396 -0.9406 -0.0043
vn 0.7624 0.5892 0.2675
vn 0.2978 -0.5810 0.7574
vn 0.9469 0.2523 0.1996
vn 0.6806 0.2185 0.6993
vn 0.0806 -0.9045 0.4188
vn -0.0780 -0.4324 -0.8983
vn -0.3064 0.3233 -0.8953
vn 0.4175 0.2427 -0.8756
vn 0.4330 -0.1662 -0.8860
vn -0.8943 0.2050 -0.3977
vn -0.2701 -0.9401 -0.2080
vn 0.3997 -0.9036 -0.1540
vn 0.9572 0.2851 -0.0499
vn -0.6750 0.2791 -0.6830
vn -0.3240 -0.8193 -0.4731
vn 0.5068 -0.7208 -0.4729
vn 0.8114 0.2823 -0.5118
vn -0.4733 0.8751 0.1011
vn -0.0640 0.9958 0.0659
vn -0.0725 0.9864 0.1473
vn -0.5105 0.8508 0.1248
vn -0.1629 0.6875 0.7077
vn -0.0478 0.7300 0.6817
vn -0.4944 0.6459 0.5817
vn -0.5117 0.5837 0.6304
vn -0.1738 0.9482 0.2659
vn -0.5165 0.8236 0.2343
vn -0.3936 0.9072 0.1485
vn 0.0178 0.9792 0.2021
vn -0.0726 0.7892 0.6098
vn 0.0171 0.8292 0.5586
vn -0.3629 0.7989 0.4797
vn -0.6439 0.6408 0.4182
vn -0.9283 0.1076 0.3560
vn -0.9069 0.1780 0.3818
vn -0.9594 0.0825 0.2698
vn -0.9725 0.0121 0.2325
vn 0.9262 0.3180 0.2025
vn 0.9523 -0.0740 0.2960
vn 0.8286 0.0988 0.5510
vn 0.8365 0.2475 0.4888
vn -0.9629 -0.0851 -0.2561
vn -0.9988 0.0455 -0.0186
vn -0.9826 0.1311 -0.1319
vn 0.9650 0.2387 -0.1086
vn 0.9778 -0.1046 -0.1817
vn 0.9942 -0.0856 0.0649
vn 0.9732 0.2070 0.1000
vn -0.9484 -0.0773 -0.3076
vn -0.9446 -0.1283 -0.3022
vn -0.9511 -0.2257 -0.2111
vn -0.9911 0.0346 -0.1289
vn -0.9860 -0.0976 -0.1349
vn -0.9460 -0.2803 -0.1626
vn -0.9065 -0.2951 -0.3020
vn -0.9458 0.1163 -0.3031
vn 0.9657 0.2128 0.1488
vn 0.9602 -0.2590 0.1048
vn 0.9426 -0.2854 0.1736
vn 0.9462 0.2469 0.2092
vn -0.8400 0.2105 0.5001
vn -0.7389 0.3711 0.5625
vn 0.6536 0.2335 0.7199
vn 0.5157 0.6853 0.5143
vn -0.2143 0.7024 0.6787
vn -0.1213 0.3844 0.9152
vn -0.9621 -0.0819 -0.2602
vn 0.9913 -0.1239 -0.0444
vn 0.9755 -0.1841 -0.1207
vn 0.9559 -0.2180 -0.1967
vn 0.9381 -0.2170 -0.2698
vn 0.9681 -0.2273 0.1055
vn 0.9917 -0.0098 0.1282
vn -0.8355 -0.2061 -0.5093
vn -0.8379 0.2021 -0.5071
vn 0.9871 0.1499 -0.0558
vn 0.9657 -0.2187 -0.1400
vn -0.6246 -0.1240 -0.7711
vn -0.6039 0.1221 -0.7876
vn 0.8836 0.1268 -0.4508
vn 0.8241 -0.1597 -0.5434
vn -0.1823 -0.1608 -0.9700
vn -0.1565 0.4682 -0.8697
vn 0.4136 0.0872 -0.9063
vn 0.3750 -0.1143 -0.9200
vn -0.7355 0.6416 0.2177
vn -0.8316 0.5324 0.1582
vn 0.8671 0.4518 0.2100
vn 0.7206 0.5933 0.3587
vn -0.8857 0.4489 0.1184
vn -0.9185 0.3935 0.0382
vn 0.9880 0.1443 -0.0556
vn 0.9464 0.3151 0.0709
vn -0.9718 0.2054 -0.1159
vn -0.9826 0.1113 -0.1486
vn 0.9842 -0.0759 0.1602
vn 0.9997 0.0090 -0.0221
vn -0.9904 0.0885 -0.1059
vn -0.9576 0.0510 -0.2834
vn 0.9923 0.0190 0.1224
vn 0.9804 -0.0458 0.1914
vn -0.9803 0.1201 0.1568
vn -0.7880 0.5939 0.1622
vn -0.6258 0.6876 0.3683
vn 0.5338 0.6656 0.5216
vn -0.0927 0.8023 0.5897
vn -0.9524 0.3045 -0.0145
vn 0.9919 0.0308 -0.1231
vn -0.8482 0.0434 -0.5279
vn 0.9852 0.0715 -0.1555
vn -0.6213 0.1196 -0.7744
vn 0.8216 0.1106 -0.5592
vn -0.1989 0.0873 -0.9761
vn 0.4060 0.1848 -0.8950
vn -0.8564 0.4694 0.2152
vn -0.9032 0.4175 0.0993
vn -0.8346 0.5008 0.2293
vn 0.4260 0.8878 0.1739
vn 0.4001 0.8611 0.3138
vn 0.4632 0.8674 0.1818
vn 0.9857 0.1339 0.1025
vn 0.9591 0.2732 0.0742
vn 0.9865 0.0692 0.1485
vn 0.9821 0.0817 0.1696
vn 0.9851 0.1466 0.0903
vn 0.9479 0.1898 -0.2558
vn 0.7731 0.2348 -0.5892
vn 0.4437 0.2780 -0.8520
vn -0.6533 0.2023 -0.7295
vn -0.1839 0.2593 -0.9481
vn -0.8877 0.2044 -0.4126
vn -0.9498 0.2089 -0.2327
vn -0.9793 0.1913 -0.0667
vn -0.9569 0.2871 -0.0429
vn -0.9998 -0.0104 0.0165
vn 0.3130 0.7513 0.5810
vn 0.3199 0.8200 0.4747
vn 0.2787 0.7573 0.5906
vn 0.3912 0.6528 0.6487
vn 0.3629 0.6615 0.6563
vn 0.5879 0.7671 0.2570
vn -0.8160 0.5444 0.1942
vn -0.7855 0.5540 0.2759
vn -0.7515 0.5564 0.3545
vn -0.6394 0.5813 0.5033
vn 0.8064 0.4989 0.3175
vn 0.8370 0.4070 0.3658
vn 0.9801 0.1592 0.1187
vn 0.9295 0.3498 0.1170
vn 0.5748 0.7000 0.4238
vn -0.0070 0.7819 0.6233
vn 0.2431 0.7772 0.5803
vn -0.4649 0.6904 0.5543
vn 0.7999 0.4832 0.3560
vn -0.7721 0.5890 0.2386
vn -0.6531 0.6557 0.3788
vn 0.9784 0.0526 0.1998
vt 0.160396 0.614564
vt 0.187590 0.613251
vt 0.185957 0.739772
vt 0.155367 0.739772
vt 0.208663 0.611122
vt 0.209158 0.739772
vt 0.231230 0.611820
vt 0.237207 0.739772
vt 0.259100 0.612796
vt 0.259100 0.739772
vt 0.004642 0.613417
vt 0.028428 0.618990
vt 0.037402 0.739772
vt 0.004642 0.739772
vt 0.051235 0.661607
vt 0.051117 0.624619
vt 0.072941 0.645958
vt 0.088079 0.573873
vt 0.103653 0.567435
vt 0.088348 0.601388
vt 0.128180 0.615560
vt 0.140142 0.576440
vt 0.141529 0.615335
vt 0.162474 0.564523
vt 0.122850 0.522741
vt 0.144580 0.520806
vt 0.142025 0.532970
vt 0.119915 0.537097
vt 0.164829 0.523288
vt 0.162642 0.533940
vt 0.183493 0.525736
vt 0.182653 0.534320
vt 0.194433 0.524300
vt 0.203062 0.522632
vt 0.205937 0.532314
vt 0.194031 0.532155
vt 0.220409 0.518739
vt 0.225151 0.531029
vt 0.259100 0.513877
vt 0.259100 0.532424
vt 0.004642 0.500209
vt 0.038417 0.511282
vt 0.031934 0.527121
vt 0.004642 0.514868
vt 0.055162 0.520514
vt 0.052442 0.531816
vt 0.073754 0.522411
vt 0.071277 0.531580
vt 0.088884 0.520962
vt 0.103469 0.514364
vt 0.103252 0.528718
vt 0.087777 0.530653
vt 0.056565 0.739772
vt 0.075944 0.680745
vt 0.073691 0.739772
vt 0.090286 0.625081
vt 0.104381 0.541966
vt 0.069818 0.577886
vt 0.118572 0.509888
vt 0.137305 0.506426
vt 0.088209 0.547575
vt 0.069444 0.549057
vt 0.050940 0.545719
vt 0.030600 0.541508
vt 0.004642 0.533346
vt 0.167132 0.510014
vt 0.183830 0.512889
vt 0.192825 0.512907
vt 0.199459 0.512378
vt 0.215114 0.508104
vt 0.259100 0.499162
vt 0.119572 0.572042
vt 0.185488 0.561681
vt 0.211012 0.560287
vt 0.227780 0.558698
vt 0.259100 0.541897
vt 0.030072 0.553383
vt 0.004642 0.542783
vt 0.049241 0.561058
vt 0.051085 0.573263
vt 0.029710 0.566068
vt 0.069492 0.562239
vt 0.127620 0.739772
vt 0.100484 0.739772
vt 0.101599 0.661904
vt 0.105888 0.620522
vt 0.004642 0.559988
vt 0.259100 0.559166
vt 0.089381 0.560971
vt 0.137898 0.486432
vt 0.162679 0.486432
vt 0.079523 0.486432
vt 0.101727 0.486432
vt 0.061577 0.486432
vt 0.042796 0.486432
vt 0.004642 0.486432
vt 0.211680 0.486432
vt 0.259100 0.486432
vt 0.195979 0.486432
vt 0.178523 0.486432
vt 0.031598 0.800870
vt 0.054126 0.791811
vt 0.027168 0.811671
vt 0.069096 0.794055
vt 0.079042 0.791513
vt 0.083540 0.806113
vt 0.069160 0.806868
vt 0.079959 0.813414
vt 0.098050 0.828913
vt 0.098767 0.848023
vt 0.075332 0.824466
vt 0.111707 0.848418
vt 0.121921 0.865225
vt 0.140934 0.867522
vt 0.142590 0.902472
vt 0.124376 0.889754
vt 0.169665 0.909276
vt 0.169419 0.995871
vt 0.156795 0.995871
vt 0.183832 0.911985
vt 0.184140 0.995871
vt 0.196788 0.819589
vt 0.210450 0.812582
vt 0.208794 0.842045
vt 0.227048 0.798377
vt 0.227945 0.817312
vt 0.258257 0.807428
vt 0.258257 0.817084
vt 0.005987 0.811408
vt 0.005987 0.821064
vt 0.116686 0.761256
vt 0.145846 0.759272
vt 0.143824 0.780293
vt 0.120622 0.777415
vt 0.170818 0.768644
vt 0.169641 0.786315
vt 0.185405 0.777280
vt 0.183769 0.792966
vt 0.196857 0.783649
vt 0.208599 0.778797
vt 0.208521 0.793639
vt 0.196113 0.796310
vt 0.224988 0.766060
vt 0.226163 0.783398
vt 0.242225 0.761007
vt 0.258257 0.755229
vt 0.258257 0.770290
vt 0.244158 0.775918
vt 0.005987 0.759209
vt 0.041874 0.767256
vt 0.037177 0.779975
vt 0.005987 0.774269
vt 0.059595 0.771780
vt 0.058459 0.779821
vt 0.078385 0.771840
vt 0.078713 0.780628
vt 0.095324 0.768502
vt 0.097270 0.779511
vt 0.170471 0.803010
vt 0.147897 0.798160
vt 0.138737 0.794917
vt 0.112113 0.790350
vt 0.127786 0.795634
vt 0.087748 0.791109
vt 0.035068 0.791082
vt 0.005987 0.790006
vt 0.258257 0.786027
vt 0.238800 0.793549
vt 0.210673 0.801805
vt 0.197281 0.803103
vt 0.185858 0.803579
vt 0.186057 0.806280
vt 0.197791 0.807563
vt 0.182744 0.826911
vt 0.069069 0.813408
vt 0.035647 0.834022
vt 0.054016 0.815146
vt 0.053842 0.829634
vt 0.005987 0.871373
vt 0.035276 0.995871
vt 0.005987 0.995871
vt 0.234601 0.899375
vt 0.258257 0.867394
vt 0.258257 0.995871
vt 0.226783 0.995871
vt 0.208429 0.913127
vt 0.205844 0.995871
vt 0.196832 0.913663
vt 0.196422 0.995871
vt 0.231236 0.865070
vt 0.211944 0.804418
vt 0.098650 0.790478
vt 0.101260 0.815322
vt 0.123735 0.822951
vt 0.098722 0.878933
vt 0.078196 0.867204
vt 0.052621 0.846063
vt 0.060094 0.995871
vt 0.153514 0.833658
vt 0.169887 0.836810
vt 0.143649 0.832035
vt 0.169544 0.869022
vt 0.184076 0.866283
vt 0.197639 0.862745
vt 0.005987 0.837507
vt 0.258257 0.833528
vt 0.077855 0.995871
vt 0.211115 0.862091
vt 0.230394 0.883458
vt 0.005987 0.858884
vt 0.258257 0.854904
vt 0.138168 0.995871
vt 0.108889 0.995871
vt 0.005987 0.745902
vt 0.043267 0.745902
vt 0.228691 0.745902
vt 0.258257 0.745902
vt 0.207272 0.745902
vt 0.183353 0.745902
vt 0.166736 0.745902
vt 0.144474 0.745902
vt 0.121436 0.745902
vt 0.101356 0.745902
vt 0.083631 0.745902
vt 0.062988 0.745902
vt 0.842246 0.840903
vt 0.817650 0.846624
vt 0.817133 0.829644
vt 0.840432 0.832895
vt 0.799308 0.851064
vt 0.798384 0.828340
vt 0.771710 0.849076
vt 0.774656 0.828976
vt 0.747619 0.849168
vt 0.747619 0.818914
vt 0.992416 0.848999
vt 0.973159 0.833027
vt 0.992416 0.818914
vt 0.968402 0.981755
vt 0.944854 0.981756
vt 0.943100 0.949452
vt 0.968391 0.954074
vt 0.922323 0.981755
vt 0.920271 0.946129
vt 0.898585 0.981755
vt 0.898289 0.945280
vt 0.872180 0.981755
vt 0.873993 0.945308
vt 0.864959 0.836316
vt 0.817118 0.806923
vt 0.844381 0.811254
vt 0.797765 0.808375
vt 0.775014 0.809925
vt 0.747619 0.807888
vt 0.971616 0.813468
vt 0.992416 0.807888
vt 0.946615 0.836113
vt 0.944373 0.812578
vt 0.917941 0.834565
vt 0.918212 0.812625
vt 0.892169 0.836997
vt 0.895716 0.813656
vt 0.871370 0.813088
vt 0.833250 0.981755
vt 0.853687 0.981755
vt 0.854032 0.986500
vt 0.833796 0.986500
vt 0.806134 0.981755
vt 0.807446 0.986500
vt 0.777595 0.981755
vt 0.778875 0.986500
vt 0.747619 0.981755
vt 0.747619 0.986500
vt 0.992416 0.981755
vt 0.992416 0.986500
vt 0.969246 0.986500
vt 0.944960 0.986500
vt 0.923029 0.986500
vt 0.898953 0.986500
vt 0.873279 0.986500
vt 0.768634 0.774332
vt 0.792709 0.766907
vt 0.812510 0.764781
vt 0.835408 0.758435
vt 0.871515 0.755294
vt 0.896696 0.753543
vt 0.925561 0.750831
vt 0.951356 0.752052
vt 0.968904 0.770913
vt 0.992416 0.777135
vt 0.747619 0.777135
vt 0.851774 0.942428
vt 0.825439 0.939921
vt 0.814527 0.940980
vt 0.776565 0.948751
vt 0.804313 0.943671
vt 0.747619 0.958284
vt 0.992416 0.958284
vt 0.504411 0.345613
vt 0.547510 0.347014
vt 0.549160 0.378633
vt 0.505209 0.377060
vt 0.845889 0.346712
vt 0.888328 0.343227
vt 0.889118 0.370323
vt 0.845766 0.373439
vt 0.957915 0.335478
vt 0.996140 0.331872
vt 0.996140 0.359701
vt 0.955121 0.367205
vt 0.416603 0.337504
vt 0.457598 0.341487
vt 0.459621 0.372766
vt 0.417821 0.367331
vt 0.517730 0.637755
vt 0.557783 0.635852
vt 0.558004 0.675097
vt 0.535266 0.672818
vt 0.524478 0.560326
vt 0.526557 0.523336
vt 0.556014 0.510792
vt 0.556908 0.559708
vt 0.412805 0.559328
vt 0.422183 0.530405
vt 0.470510 0.517859
vt 0.449978 0.562648
vt 0.959418 0.416504
vt 0.996140 0.413636
vt 0.996284 0.453503
vt 0.957469 0.458241
vt 0.514575 0.603798
vt 0.557423 0.604158
vt 0.403931 0.601497
vt 0.440459 0.605213
vt 0.436279 0.633267
vt 0.405580 0.629240
vt 0.965765 0.550036
vt 0.997805 0.540822
vt 0.996401 0.575602
vt 0.964731 0.590558
vt 0.330883 0.544928
vt 0.329626 0.508410
vt 0.344737 0.511784
vt 0.342359 0.545827
vt 0.503636 0.277022
vt 0.544285 0.275906
vt 0.845948 0.300829
vt 0.890808 0.297000
vt 0.961319 0.286553
vt 0.996140 0.282768
vt 0.413940 0.283701
vt 0.452022 0.279245
vt 0.503368 0.230415
vt 0.542984 0.231717
vt 0.845789 0.245365
vt 0.889640 0.242242
vt 0.961639 0.232250
vt 0.996140 0.225737
vt 0.420169 0.227646
vt 0.452215 0.230019
vt 0.540100 0.176637
vt 0.502956 0.175231
vt 0.503550 0.125943
vt 0.542334 0.125613
vt 0.887590 0.125374
vt 0.845024 0.126918
vt 0.844398 0.068440
vt 0.886293 0.068012
vt 0.996140 0.172465
vt 0.960863 0.178090
vt 0.963250 0.122647
vt 0.996140 0.119944
vt 0.451746 0.180389
vt 0.422537 0.176944
vt 0.419987 0.122366
vt 0.459712 0.122813
vt 0.847048 0.447435
vt 0.863131 0.463074
vt 0.850578 0.462268
vt 0.864875 0.612846
vt 0.861068 0.588466
vt 0.885209 0.583594
vt 0.883892 0.611644
vt 0.433283 0.661784
vt 0.406059 0.649765
vt 0.483092 0.670377
vt 0.468396 0.667997
vt 0.477120 0.635621
vt 0.503093 0.667328
vt 0.889632 0.657566
vt 0.866397 0.654100
vt 0.862166 0.633765
vt 0.887036 0.636708
vt 0.538871 0.686149
vt 0.557956 0.688020
vt 0.557805 0.706063
vt 0.539935 0.705341
vt 0.490092 0.687345
vt 0.517724 0.685830
vt 0.516926 0.707286
vt 0.487245 0.706160
vt 0.416730 0.402059
vt 0.446077 0.420255
vt 0.435993 0.461216
vt 0.406020 0.433222
vt 0.461735 0.421624
vt 0.462890 0.469751
vt 0.361969 0.477398
vt 0.380073 0.507152
vt 0.357920 0.493884
vt 0.846687 0.595689
vt 0.848360 0.642452
vt 0.365373 0.559500
vt 0.363329 0.547258
vt 0.377594 0.546628
vt 0.343159 0.550301
vt 0.350239 0.554689
vt 0.355097 0.568884
vt 0.344537 0.569446
vt 0.361205 0.522592
vt 0.353514 0.538895
vt 0.372802 0.629710
vt 0.377011 0.621086
vt 0.395673 0.630943
vt 0.397841 0.632115
vt 0.407815 0.660267
vt 0.846774 0.621278
vt 0.338921 0.595722
vt 0.349449 0.587103
vt 0.354963 0.608441
vt 0.383021 0.611726
vt 0.557726 0.714688
vt 0.534715 0.713468
vt 0.486383 0.710521
vt 0.517555 0.712881
vt 0.909377 0.653210
vt 0.904790 0.634887
vt 0.916322 0.631561
vt 0.917681 0.648967
vt 0.462846 0.699884
vt 0.462446 0.680538
vt 0.909468 0.607766
vt 0.899841 0.656377
vt 0.900938 0.634653
vt 0.906381 0.607939
vt 0.918923 0.615342
vt 0.924569 0.582708
vt 0.926810 0.594548
vt 0.908611 0.581157
vt 0.919013 0.580982
vt 0.929043 0.630552
vt 0.922595 0.642211
vt 0.997171 0.596047
vt 0.975582 0.609962
vt 0.491555 0.561775
vt 0.499627 0.523205
vt 0.478155 0.604853
vt 0.515432 0.722694
vt 0.466232 0.726770
vt 0.557588 0.728312
vt 0.535638 0.725498
vt 0.502731 0.467792
vt 0.504414 0.422325
vt 0.534318 0.465479
vt 0.551914 0.420042
vt 0.554483 0.464454
vt 0.438124 0.496386
vt 0.383945 0.398126
vt 0.379342 0.436602
vt 0.384944 0.331872
vt 0.386005 0.359701
vt 0.384944 0.282768
vt 0.384944 0.225737
vt 0.384944 0.172465
vt 0.384944 0.119944
vt 0.920370 0.125973
vt 0.923857 0.067584
vt 0.924126 0.292300
vt 0.922490 0.239195
vt 0.920176 0.339847
vt 0.918665 0.370629
vt 0.923689 0.182679
vt 0.888533 0.461932
vt 0.885610 0.421104
vt 0.915859 0.419178
vt 0.915524 0.461514
vt 0.845789 0.586967
vt 0.859788 0.575590
vt 0.885344 0.570243
vt 0.909424 0.570409
vt 0.922218 0.570918
vt 0.935976 0.575313
vt 0.897574 0.565229
vt 0.908317 0.563215
vt 0.922080 0.563877
vt 0.957890 0.491677
vt 0.996513 0.490500
vt 0.917149 0.499784
vt 0.888180 0.497753
vt 0.886865 0.486590
vt 0.901399 0.502118
vt 0.863903 0.505923
vt 0.911040 0.545030
vt 0.912067 0.551816
vt 0.855604 0.556105
vt 0.875275 0.541505
vt 0.845875 0.421318
vt 0.916923 0.518436
vt 0.924809 0.535866
vt 0.931623 0.531668
vt 0.927855 0.540147
vt 0.908612 0.702242
vt 0.932488 0.713565
vt 0.952745 0.737176
vt 0.968596 0.754657
vt 0.992416 0.766420
vt 0.747619 0.766420
vt 0.764664 0.761180
vt 0.788059 0.743445
vt 0.811704 0.726152
vt 0.835133 0.706912
vt 0.877097 0.694253
vt 0.747619 0.759458
vt 0.759371 0.753170
vt 0.774366 0.743436
vt 0.785242 0.727231
vt 0.804195 0.707525
vt 0.825536 0.689883
vt 0.847547 0.677653
vt 0.879746 0.671499
vt 0.920121 0.679204
vt 0.940202 0.695734
vt 0.952933 0.720226
vt 0.971134 0.742489
vt 0.992416 0.759459
vt 0.802661 0.898430
vt 0.773885 0.900768
vt 0.825729 0.900294
vt 0.850937 0.898071
vt 0.869747 0.898705
vt 0.894977 0.895224
vt 0.922019 0.899182
vt 0.945764 0.898492
vt 0.967089 0.899208
vt 0.992416 0.905237
vt 0.747619 0.905237
vt 0.896814 0.926400
vt 0.874076 0.925678
vt 0.918972 0.929174
vt 0.944404 0.929899
vt 0.967483 0.930750
vt 0.992417 0.933607
vt 0.775164 0.929247
vt 0.747619 0.933607
vt 0.803857 0.926680
vt 0.822026 0.926282
vt 0.812113 0.926503
vt 0.852154 0.922442
vt 0.970023 0.951812
vt 0.992416 0.955491
vt 0.747619 0.955491
vt 0.815795 0.932205
vt 0.814150 0.932375
vt 0.814234 0.927270
vt 0.816065 0.927420
vt 0.825843 0.932357
vt 0.851345 0.931783
vt 0.817679 0.937474
vt 0.816259 0.938761
vt 0.838316 0.996481
vt 0.992416 0.997944
vt 0.844851 0.004606
vt 0.884708 0.004606
vt 0.922081 0.004606
vt 0.963044 0.004606
vt 0.963347 0.067027
vt 0.996140 0.068042
vt 0.996140 0.004606
vt 0.416730 0.004606
vt 0.420405 0.067050
vt 0.384944 0.068042
vt 0.384944 0.004606
vt 0.466105 0.065626
vt 0.465585 0.004606
vt 0.506114 0.004606
vt 0.502221 0.067258
vt 0.542803 0.067322
vt 0.549871 0.004606
vt 0.888963 0.186046
vt 0.845490 0.188594
vt 0.414232 0.836380
vt 0.416037 0.828245
vt 0.441930 0.825659
vt 0.439006 0.841836
vt 0.460259 0.825904
vt 0.459097 0.846443
vt 0.484082 0.827680
vt 0.490188 0.843813
vt 0.515570 0.822592
vt 0.515570 0.841816
vt 0.269465 0.841816
vt 0.269466 0.822592
vt 0.288587 0.829888
vt 0.298416 0.978573
vt 0.294048 0.946684
vt 0.318058 0.942004
vt 0.318026 0.978573
vt 0.340096 0.939372
vt 0.338255 0.978573
vt 0.361057 0.938920
vt 0.357320 0.978573
vt 0.384500 0.940015
vt 0.378749 0.978573
vt 0.388408 0.831539
vt 0.413668 0.807246
vt 0.441210 0.803899
vt 0.459206 0.807112
vt 0.484074 0.808697
vt 0.515570 0.808483
vt 0.269466 0.808483
vt 0.289318 0.812147
vt 0.315472 0.809188
vt 0.314437 0.832204
vt 0.341471 0.808105
vt 0.341611 0.831984
vt 0.364981 0.808893
vt 0.367092 0.831407
vt 0.387368 0.808769
vt 0.423095 0.978572
vt 0.422803 0.983065
vt 0.398839 0.983065
vt 0.399006 0.978573
vt 0.455549 0.978573
vt 0.455248 0.983065
vt 0.486840 0.978572
vt 0.487638 0.983065
vt 0.515570 0.978573
vt 0.515570 0.983065
vt 0.297399 0.983065
vt 0.269465 0.983065
vt 0.269465 0.978573
vt 0.316974 0.983065
vt 0.336465 0.983065
vt 0.355985 0.983065
vt 0.377258 0.983065
vt 0.460888 0.766568
vt 0.487093 0.773417
vt 0.441678 0.762907
vt 0.415226 0.754759
vt 0.386427 0.751186
vt 0.361598 0.748807
vt 0.332511 0.745750
vt 0.313628 0.754705
vt 0.290309 0.769028
vt 0.269466 0.778562
vt 0.515570 0.778562
vt 0.406359 0.943452
vt 0.425847 0.942497
vt 0.437605 0.942774
vt 0.458484 0.944639
vt 0.485555 0.946033
vt 0.515570 0.948724
vt 0.269465 0.948724
vt 0.589837 0.346214
vt 0.592915 0.379075
vt 0.795944 0.374103
vt 0.798615 0.345908
vt 0.737276 0.348000
vt 0.741210 0.378383
vt 0.704058 0.381474
vt 0.701107 0.349498
vt 0.671284 0.349724
vt 0.677743 0.384924
vt 0.640891 0.381732
vt 0.634900 0.348981
vt 0.598226 0.639110
vt 0.580915 0.673904
vt 0.589507 0.560916
vt 0.584184 0.521197
vt 0.692171 0.563751
vt 0.663304 0.565061
vt 0.642943 0.518769
vt 0.692794 0.526945
vt 0.741228 0.428795
vt 0.739038 0.467239
vt 0.714757 0.463446
vt 0.712257 0.428991
vt 0.600375 0.604900
vt 0.700167 0.608188
vt 0.707139 0.633602
vt 0.680501 0.636037
vt 0.673020 0.608405
vt 0.729559 0.554687
vt 0.731753 0.595434
vt 0.698460 0.579932
vt 0.698156 0.548301
vt 0.584746 0.280680
vt 0.801284 0.301632
vt 0.697352 0.295662
vt 0.731999 0.297800
vt 0.634707 0.287636
vt 0.669649 0.296278
vt 0.581152 0.233648
vt 0.802018 0.246381
vt 0.693560 0.241057
vt 0.729675 0.243383
vt 0.631438 0.237810
vt 0.661505 0.238347
vt 0.575282 0.126562
vt 0.574904 0.176407
vt 0.802342 0.127808
vt 0.800295 0.069547
vt 0.695821 0.186138
vt 0.696749 0.127808
vt 0.728744 0.128730
vt 0.730839 0.187740
vt 0.630426 0.187349
vt 0.626786 0.126864
vt 0.663947 0.127621
vt 0.660455 0.186418
vt 0.812519 0.615576
vt 0.791199 0.615916
vt 0.793478 0.591169
vt 0.810916 0.591112
vt 0.714003 0.649637
vt 0.685673 0.658130
vt 0.637146 0.673522
vt 0.614224 0.670073
vt 0.639510 0.637666
vt 0.649842 0.666679
vt 0.577164 0.687112
vt 0.575672 0.706227
vt 0.628627 0.691654
vt 0.629352 0.706166
vt 0.598394 0.709502
vt 0.598775 0.688000
vt 0.686876 0.419392
vt 0.700572 0.451589
vt 0.682113 0.466835
vt 0.658850 0.428168
vt 0.652447 0.470843
vt 0.643410 0.426707
vt 0.839009 0.539972
vt 0.840787 0.556318
vt 0.837949 0.565299
vt 0.832313 0.560528
vt 0.833833 0.608530
vt 0.820904 0.620017
vt 0.824098 0.598120
vt 0.821758 0.653294
vt 0.822174 0.640657
vt 0.833413 0.644148
vt 0.313848 0.549791
vt 0.319629 0.546560
vt 0.318683 0.550517
vt 0.316693 0.570524
vt 0.305654 0.568586
vt 0.317037 0.509222
vt 0.326562 0.592517
vt 0.331820 0.600690
vt 0.323336 0.596487
vt 0.833564 0.627163
vt 0.262911 0.646893
vt 0.270397 0.608465
vt 0.274929 0.618709
vt 0.795266 0.638016
vt 0.808668 0.638803
vt 0.580681 0.714566
vt 0.630540 0.711306
vt 0.597225 0.714848
vt 0.773875 0.649578
vt 0.765067 0.646997
vt 0.768724 0.634298
vt 0.781237 0.636443
vt 0.658913 0.699638
vt 0.657161 0.684016
vt 0.774614 0.611192
vt 0.659704 0.702834
vt 0.784640 0.636539
vt 0.766735 0.618500
vt 0.765610 0.585017
vt 0.759757 0.590722
vt 0.778015 0.589670
vt 0.756535 0.643206
vt 0.742922 0.637518
vt 0.701719 0.603133
vt 0.721514 0.620883
vt 0.622666 0.563014
vt 0.614431 0.522830
vt 0.636706 0.606832
vt 0.630023 0.717709
vt 0.600033 0.724246
vt 0.579621 0.726438
vt 0.608171 0.469090
vt 0.599819 0.421970
vt 0.574870 0.465229
vt 0.770662 0.130037
vt 0.766937 0.069086
vt 0.768539 0.300155
vt 0.769226 0.246421
vt 0.773624 0.347606
vt 0.773560 0.374106
vt 0.767822 0.188961
vt 0.661116 0.711636
vt 0.773594 0.428695
vt 0.773019 0.459722
vt 0.827626 0.576004
vt 0.833928 0.589214
vt 0.791041 0.573802
vt 0.799552 0.570807
vt 0.777783 0.574704
vt 0.763679 0.572000
vt 0.759075 0.567280
vt 0.774185 0.566677
vt 0.787895 0.568187
vt 0.731613 0.521992
vt 0.711268 0.498193
vt 0.775735 0.504541
vt 0.735350 0.499126
vt 0.844242 0.509000
vt 0.830647 0.465688
vt 0.780296 0.527693
vt 0.774292 0.523571
vt 0.799765 0.499496
vt 0.802650 0.507049
vt 0.836291 0.511230
vt 0.832236 0.513226
vt 0.821007 0.421636
vt 0.821568 0.467839
vt 0.802066 0.484009
vt 0.765041 0.539876
vt 0.775840 0.551939
vt 0.327314 0.708241
vt 0.351916 0.695483
vt 0.306021 0.733219
vt 0.295457 0.748230
vt 0.269466 0.759365
vt 0.494813 0.763969
vt 0.515570 0.761920
vt 0.463895 0.742082
vt 0.447030 0.725972
vt 0.426138 0.707622
vt 0.386836 0.687548
vt 0.497660 0.753110
vt 0.515570 0.754788
vt 0.464228 0.727195
vt 0.480758 0.742688
vt 0.452984 0.706807
vt 0.441832 0.681611
vt 0.427956 0.670613
vt 0.352943 0.665652
vt 0.396636 0.661496
vt 0.324101 0.684778
vt 0.301460 0.716394
vt 0.287178 0.739815
vt 0.269465 0.752659
vt 0.458944 0.891052
vt 0.488850 0.890532
vt 0.434874 0.896134
vt 0.407800 0.893296
vt 0.388176 0.893873
vt 0.365941 0.891438
vt 0.339436 0.894192
vt 0.315057 0.892017
vt 0.293949 0.891446
vt 0.269465 0.895352
vt 0.515570 0.895352
vt 0.363851 0.918271
vt 0.384855 0.918566
vt 0.341619 0.918411
vt 0.317357 0.924178
vt 0.294811 0.926021
vt 0.269465 0.922951
vt 0.488196 0.924670
vt 0.515570 0.922951
vt 0.458208 0.924938
vt 0.431255 0.923046
vt 0.442315 0.923259
vt 0.406703 0.920081
vt 0.361142 0.936348
vt 0.340095 0.935972
vt 0.292560 0.943409
vt 0.269465 0.943916
vt 0.515570 0.943916
vt 0.437792 0.932209
vt 0.438665 0.925269
vt 0.439711 0.927314
vt 0.439161 0.932449
vt 0.408251 0.932157
vt 0.431169 0.932443
vt 0.434635 0.938741
vt 0.436824 0.938822
vt 0.515570 0.997089
vt 0.269465 0.997089
vt 0.798803 0.004606
vt 0.767850 0.004606
vt 0.731793 0.004606
vt 0.728513 0.068077
vt 0.695638 0.067351
vt 0.699097 0.004606
vt 0.668425 0.004606
vt 0.664045 0.067305
vt 0.630388 0.065439
vt 0.628522 0.004606
vt 0.595230 0.004606
vt 0.578086 0.065705
vt 0.575543 0.004606
vt 0.801762 0.189559
vt 0.801925 0.425817
vt 0.819956 0.552552
vt 0.798797 0.536866
vt 0.815944 0.470029
vt 0.807847 0.451564
vt 0.853146 0.558223
vt 0.808618 0.425138
vt 0.822277 0.441466
vt 0.813443 0.570333
vt 0.659390 0.722747
vt 0.785066 0.651952
vt 0.794143 0.652087
vt 0.807555 0.653273
vt 0.302052 0.552125
vt 0.315047 0.543945
vt 0.295945 0.519795
vt 0.312550 0.523229
vt 0.346107 0.546243
vt 0.332146 0.585979
vt 0.344734 0.583508
vt 0.336005 0.592281
vt 0.371752 0.564066
vt 0.360704 0.577567
vt 0.396699 0.596394
vt 0.351075 0.617062
vt 0.307696 0.608027
vt 0.312900 0.616658
vt 0.289144 0.634392
vt 0.280528 0.628802
vt 0.286239 0.556962
vt 0.297387 0.577316
vt 0.318910 0.584932
vt 0.300757 0.569599
vt 0.314173 0.590244
vt 0.264370 0.672067
vt 0.330348 0.570567
vt 0.330498 0.488564
vt 0.311387 0.490564
vt 0.354365 0.509549
vt 0.350505 0.495170
vt 0.291585 0.554699
vt 0.302370 0.499782
vt 0.308249 0.498627
vt 0.285089 0.519544
vt 0.836198 0.575063
vt 0.313307 0.477202
vt 0.331963 0.449049
vt 0.293419 0.494006
vt 0.657817 0.732183
vt 0.815243 0.448611
vt 0.685029 0.494708
vt 0.843004 0.566359
vt 0.794230 0.569062
vt 0.909094 0.521699
vt 0.937268 0.557607
vt 0.772819 0.541907
vt 0.793620 0.560879
vt 0.464854 0.707088
vt 0.464733 0.716361
vt 0.007277 0.401822
vt 0.007277 0.367447
vt 0.014160 0.367447
vt 0.014160 0.401822
vt 0.038339 0.401822
vt 0.038339 0.367447
vt 0.059868 0.367447
vt 0.059868 0.401822
vt 0.066345 0.367447
vt 0.066345 0.401822
vt 0.038157 0.304641
vt 0.066345 0.304641
vt 0.059868 0.314372
vt 0.038339 0.314372
vt 0.033034 0.449763
vt 0.007277 0.437561
vt 0.014160 0.433451
vt 0.034055 0.444188
vt 0.038339 0.329199
vt 0.059868 0.329199
vt 0.066345 0.329199
vt 0.007277 0.329199
vt 0.014160 0.329199
vt 0.059868 0.432772
vt 0.066345 0.436886
vt 0.043402 0.443082
vt 0.044309 0.448268
vt 0.014160 0.314372
vt 0.007277 0.304641
vt 0.173655 0.470530
vt 0.173655 0.463647
vt 0.139280 0.463647
vt 0.139280 0.470530
vt 0.173655 0.439468
vt 0.173655 0.417938
vt 0.139280 0.417938
vt 0.139280 0.439467
vt 0.173655 0.411462
vt 0.139280 0.411462
vt 0.076474 0.439650
vt 0.086205 0.439468
vt 0.086205 0.417938
vt 0.076474 0.411462
vt 0.221596 0.444773
vt 0.216021 0.443752
vt 0.205285 0.463647
vt 0.209395 0.470530
vt 0.101033 0.417938
vt 0.101033 0.439467
vt 0.101033 0.411462
vt 0.101033 0.463647
vt 0.101033 0.470530
vt 0.204605 0.417938
vt 0.208719 0.411462
vt 0.214915 0.434405
vt 0.220101 0.433498
vt 0.086205 0.463647
vt 0.076474 0.470530
vt 0.372392 0.395392
vt 0.343670 0.427681
vt 0.321418 0.405369
vt 0.345822 0.384751
vt 0.316183 0.436153
vt 0.287408 0.440367
vt 0.287388 0.412525
vt 0.300605 0.411477
vt 0.312985 0.283594
vt 0.339586 0.261487
vt 0.327150 0.294979
vt 0.362316 0.293094
vt 0.336638 0.312190
vt 0.377126 0.342921
vt 0.346865 0.345368
vt 0.306528 0.363582
vt 0.297568 0.372570
vt 0.292456 0.360437
vt 0.287359 0.376323
vt 0.287347 0.362541
vt 0.290342 0.324452
vt 0.297694 0.331046
vt 0.292559 0.336304
vt 0.287321 0.330120
vt 0.307931 0.348297
vt 0.297619 0.348136
vt 0.310030 0.326721
vt 0.318747 0.347273
vt 0.314254 0.306986
vt 0.328904 0.317881
vt 0.303246 0.318280
vt 0.291160 0.312969
vt 0.305876 0.296850
vt 0.304598 0.384863
vt 0.287369 0.388921
vt 0.319690 0.369319
vt 0.287335 0.348130
vt 0.287315 0.322475
vt 0.287253 0.246984
vt 0.311910 0.248802
vt 0.301124 0.278930
vt 0.287277 0.276870
vt 0.287290 0.292707
vt 0.297743 0.293465
vt 0.287308 0.312046
vt 0.288399 0.319448
vt 0.291180 0.321499
vt 0.296185 0.319085
vt 0.289351 0.316935
vt 0.287310 0.316734
vt 0.287312 0.318801
vt 0.329358 0.164044
vt 0.366629 0.176945
vt 0.354328 0.195358
vt 0.292793 0.173395
vt 0.311502 0.170307
vt 0.328038 0.208958
vt 0.293005 0.214368
vt 0.326311 0.056590
vt 0.308274 0.048453
vt 0.317845 0.007719
vt 0.336729 0.016941
vt 0.292227 0.047321
vt 0.292026 0.002566
vt 0.355894 0.032495
vt 0.373327 0.057577
vt 0.341180 0.077465
vt 0.350933 0.109651
vt 0.378861 0.081211
vt 0.382717 0.101828
vt 0.347974 0.143470
vt 0.380889 0.140511
vt 0.375848 0.158400
vt 0.342305 0.201011
vt 0.383442 0.122805
vt 0.202361 0.395558
vt 0.228912 0.384866
vt 0.253350 0.405436
vt 0.231147 0.427791
vt 0.258632 0.436209
vt 0.274170 0.411503
vt 0.261580 0.283644
vt 0.247433 0.295057
vt 0.234944 0.261590
vt 0.237971 0.312286
vt 0.212259 0.293241
vt 0.227801 0.345484
vt 0.197534 0.343097
vt 0.268168 0.363619
vt 0.282235 0.360447
vt 0.277143 0.372590
vt 0.284290 0.324458
vt 0.282092 0.336315
vt 0.276948 0.331067
vt 0.277052 0.348155
vt 0.266740 0.348337
vt 0.264606 0.326766
vt 0.255921 0.347334
vt 0.260349 0.307039
vt 0.271376 0.318311
vt 0.245716 0.317962
vt 0.283451 0.312977
vt 0.268711 0.296887
vt 0.270134 0.384896
vt 0.255016 0.369382
vt 0.273433 0.278957
vt 0.262599 0.248851
vt 0.276839 0.293485
vt 0.283448 0.321507
vt 0.286226 0.319450
vt 0.278439 0.319103
vt 0.285270 0.316938
vt 0.256146 0.164373
vt 0.233623 0.193313
vt 0.218993 0.177608
vt 0.257926 0.209273
vt 0.274057 0.170475
vt 0.258227 0.056895
vt 0.247454 0.017342
vt 0.266253 0.007951
vt 0.276190 0.048597
vt 0.228429 0.033068
vt 0.243547 0.077904
vt 0.211222 0.058306
vt 0.234083 0.110176
vt 0.202230 0.102639
vt 0.205901 0.081988
vt 0.237345 0.143967
vt 0.209607 0.159147
vt 0.204405 0.141304
vt 0.243588 0.201455
vt 0.201693 0.123622
vt 0.574600 0.932754
vt 0.569134 0.997033
vt 0.592009 0.997033
vt 0.589897 0.933187
vt 0.680249 0.997033
vt 0.668197 0.926339
vt 0.657599 0.926845
vt 0.659393 0.997033
vt 0.634845 0.929541
vt 0.629308 0.997033
vt 0.551785 0.934951
vt 0.537187 0.997033
vt 0.606367 0.931571
vt 0.607115 0.997033
vt 0.714609 0.997033
vt 0.721585 0.927484
vt 0.696575 0.926067
vt 0.697822 0.997033
vt 0.677701 0.925908
vt 0.709846 0.915709
vt 0.696567 0.912416
vt 0.676412 0.912062
vt 0.660126 0.915379
vt 0.633397 0.916950
vt 0.605400 0.918443
vt 0.588745 0.920494
vt 0.570248 0.917206
vt 0.551006 0.929783
vt 0.706111 0.900322
vt 0.694127 0.891503
vt 0.679821 0.886982
vt 0.669550 0.854343
vt 0.659434 0.854917
vt 0.663590 0.886724
vt 0.644652 0.856490
vt 0.626261 0.856103
vt 0.630524 0.885496
vt 0.645375 0.886879
vt 0.602361 0.860147
vt 0.591622 0.875461
vt 0.611520 0.884108
vt 0.613832 0.858280
vt 0.578155 0.862634
vt 0.568823 0.867584
vt 0.581175 0.886758
vt 0.567599 0.887725
vt 0.558079 0.892807
vt 0.547606 0.904858
vt 0.541490 0.921174
vt 0.540246 0.833301
vt 0.533086 0.828607
vt 0.532452 0.835413
vt 0.535910 0.839573
vt 0.691371 0.866271
vt 0.693969 0.849316
vt 0.681061 0.851377
vt 0.708481 0.849458
vt 0.705616 0.865872
vt 0.724667 0.866373
vt 0.725711 0.848746
vt 0.535309 0.881196
vt 0.520922 0.878993
vt 0.517206 0.888302
vt 0.533099 0.897636
vt 0.549758 0.876488
vt 0.558915 0.872298
vt 0.527317 0.909165
vt 0.517347 0.903800
vt 0.588642 0.855243
vt 0.578195 0.854228
vt 0.582186 0.846362
vt 0.571713 0.840821
vt 0.729559 0.840040
vt 0.713677 0.839880
vt 0.696262 0.838955
vt 0.679562 0.841392
vt 0.668856 0.838590
vt 0.659436 0.837396
vt 0.626963 0.833221
vt 0.617366 0.834383
vt 0.610854 0.836535
vt 0.604905 0.839155
vt 0.651295 0.763431
vt 0.655760 0.763935
vt 0.658290 0.760575
vt 0.651089 0.758860
vt 0.648338 0.835193
vt 0.636814 0.832383
vt 0.724196 0.916762
vt 0.727912 0.898683
vt 0.593612 0.841773
vt 0.574161 0.852732
vt 0.553833 0.860745
vt 0.543004 0.862347
vt 0.532241 0.862080
vt 0.522467 0.862536
vt 0.568728 0.848066
vt 0.568333 0.852551
vt 0.561191 0.856805
vt 0.550674 0.854349
vt 0.541187 0.858406
vt 0.530936 0.850218
vt 0.521367 0.849402
vt 0.564685 0.847967
vt 0.558877 0.851779
vt 0.536353 0.843637
vt 0.542326 0.838856
vt 0.550400 0.832353
vt 0.528987 0.841616
vt 0.556632 0.833926
vt 0.554971 0.828345
vt 0.547553 0.829853
vt 0.561287 0.830882
vt 0.522335 0.839624
vt 0.526588 0.833663
vt 0.567401 0.836233
vt 0.686868 0.782266
vt 0.688283 0.784230
vt 0.690116 0.782769
vt 0.688787 0.780472
vt 0.592698 0.834294
vt 0.582485 0.837202
vt 0.583836 0.815827
vt 0.568351 0.813245
vt 0.568357 0.831126
vt 0.612468 0.824075
vt 0.612014 0.832680
vt 0.607771 0.832743
vt 0.602578 0.833567
vt 0.745042 0.849452
vt 0.746355 0.839946
vt 0.736493 0.875545
vt 0.742209 0.862604
vt 0.592161 0.817999
vt 0.590999 0.813211
vt 0.581899 0.794384
vt 0.568301 0.792897
vt 0.556122 0.811074
vt 0.554284 0.815747
vt 0.607531 0.818347
vt 0.606952 0.812217
vt 0.598873 0.813867
vt 0.600011 0.820246
vt 0.589092 0.795937
vt 0.594282 0.795255
vt 0.603021 0.793427
vt 0.557959 0.796181
vt 0.549436 0.824109
vt 0.575833 0.779988
vt 0.571279 0.771911
vt 0.564742 0.773238
vt 0.559027 0.789642
vt 0.601035 0.787347
vt 0.594699 0.772698
vt 0.588635 0.774946
vt 0.593114 0.789847
vt 0.585949 0.773951
vt 0.588657 0.791771
vt 0.581348 0.771957
vt 0.586491 0.769284
vt 0.589227 0.765623
vt 0.583102 0.761022
vt 0.568933 0.765954
vt 0.599343 0.768815
vt 0.617044 0.826040
vt 0.743995 0.815813
vt 0.728635 0.816658
vt 0.638199 0.821219
vt 0.631200 0.825182
vt 0.624786 0.826510
vt 0.617000 0.802484
vt 0.616523 0.796797
vt 0.611794 0.799215
vt 0.742336 0.792771
vt 0.726976 0.792841
vt 0.636963 0.802737
vt 0.629448 0.797802
vt 0.629220 0.802774
vt 0.623258 0.802746
vt 0.623189 0.797453
vt 0.615962 0.781061
vt 0.615853 0.777668
vt 0.608391 0.778923
vt 0.742282 0.773217
vt 0.735037 0.773648
vt 0.637177 0.780628
vt 0.631360 0.777374
vt 0.631473 0.782292
vt 0.623318 0.781411
vt 0.623412 0.777961
vt 0.614789 0.763592
vt 0.618450 0.755071
vt 0.614309 0.751216
vt 0.605833 0.759010
vt 0.623124 0.748729
vt 0.623774 0.754886
vt 0.628600 0.755389
vt 0.631220 0.751413
vt 0.639474 0.757783
vt 0.631730 0.762460
vt 0.623647 0.762534
vt 0.733837 0.765464
vt 0.727000 0.762262
vt 0.726705 0.771492
vt 0.642312 0.825846
vt 0.727235 0.819236
vt 0.711706 0.820451
vt 0.662136 0.823709
vt 0.654415 0.827004
vt 0.648210 0.828359
vt 0.644651 0.803694
vt 0.643449 0.792291
vt 0.637707 0.786913
vt 0.637352 0.805170
vt 0.723396 0.796228
vt 0.707178 0.798964
vt 0.663442 0.807058
vt 0.667544 0.788590
vt 0.658168 0.792324
vt 0.656125 0.803220
vt 0.650771 0.802329
vt 0.650897 0.791636
vt 0.655584 0.807433
vt 0.650536 0.806292
vt 0.644643 0.807553
vt 0.643923 0.769568
vt 0.647194 0.764053
vt 0.644944 0.760939
vt 0.638882 0.768175
vt 0.712414 0.780402
vt 0.665658 0.768816
vt 0.657490 0.769129
vt 0.659096 0.787437
vt 0.651168 0.786924
vt 0.650962 0.768688
vt 0.642904 0.787618
vt 0.716505 0.768695
vt 0.711770 0.767465
vt 0.720990 0.776748
vt 0.666019 0.829779
vt 0.710321 0.816631
vt 0.695440 0.818802
vt 0.681363 0.834826
vt 0.672587 0.831378
vt 0.673781 0.809044
vt 0.676155 0.798586
vt 0.668690 0.792337
vt 0.664401 0.805929
vt 0.705870 0.795692
vt 0.694935 0.799569
vt 0.687215 0.800964
vt 0.686235 0.812054
vt 0.680215 0.810598
vt 0.681482 0.800886
vt 0.686121 0.817637
vt 0.679503 0.815147
vt 0.672917 0.813351
vt 0.570759 0.849468
vt 0.676363 0.795396
vt 0.682579 0.785700
vt 0.680536 0.778577
vt 0.696767 0.787169
vt 0.692656 0.788735
vt 0.688574 0.789815
vt 0.687533 0.798322
vt 0.681893 0.797977
vt 0.685407 0.789134
vt 0.697007 0.780337
vt 0.690341 0.785543
vt 0.689299 0.785986
vt 0.740288 0.763828
vt 0.733788 0.760367
vt 0.608386 0.784596
vt 0.610176 0.792467
vt 0.611657 0.810906
vt 0.611854 0.817793
vt 0.704158 0.779490
vt 0.706304 0.769812
vt 0.101716 0.190343
vt 0.116573 0.183222
vt 0.117941 0.190179
vt 0.107345 0.196634
vt 0.098149 0.216737
vt 0.143386 0.203796
vt 0.154133 0.220828
vt 0.092022 0.237418
vt 0.148112 0.195613
vt 0.161027 0.216020
vt 0.083930 0.234648
vt 0.091407 0.213448
vt 0.094144 0.288736
vt 0.086503 0.291239
vt 0.082158 0.265467
vt 0.090360 0.265947
vt 0.163361 0.244906
vt 0.161848 0.269708
vt 0.170827 0.241841
vt 0.169515 0.269825
vt 0.105306 0.334332
vt 0.098854 0.315485
vt 0.107580 0.311422
vt 0.112580 0.331382
vt 0.157564 0.299327
vt 0.161804 0.319678
vt 0.165852 0.300739
vt 0.169958 0.318354
vt 0.114476 0.368910
vt 0.110225 0.350514
vt 0.118612 0.346883
vt 0.164198 0.342072
vt 0.168498 0.354896
vt 0.129147 0.363886
vt 0.124536 0.351573
vt 0.175652 0.333307
vt 0.184481 0.351410
vt 0.166758 0.334990
vt 0.127488 0.181305
vt 0.125853 0.190194
vt 0.150354 0.384418
vt 0.159840 0.382194
vt 0.167018 0.396066
vt 0.148316 0.399934
vt 0.135524 0.374809
vt 0.123094 0.385808
vt 0.169623 0.367071
vt 0.185024 0.370384
vt 0.141100 0.380412
vt 0.131589 0.393152
vt 0.166166 0.375374
vt 0.179479 0.384859
vt 0.090304 0.052398
vt 0.102137 0.071190
vt 0.079276 0.078499
vt 0.072614 0.060033
vt 0.092501 0.123472
vt 0.101642 0.122081
vt 0.107120 0.141290
vt 0.096969 0.143428
vt 0.113103 0.090789
vt 0.083547 0.098786
vt 0.073582 0.041204
vt 0.068041 0.043434
vt 0.101703 0.160055
vt 0.111435 0.173700
vt 0.104492 0.175833
vt 0.110163 0.157903
vt 0.103381 0.031645
vt 0.122843 0.042987
vt 0.118022 0.050055
vt 0.096555 0.037725
vt 0.020301 0.067625
vt 0.029884 0.050951
vt 0.039625 0.052978
vt 0.030544 0.069776
vt 0.176877 0.089954
vt 0.161273 0.100900
vt 0.156776 0.084697
vt 0.000825 0.135449
vt 0.006751 0.101259
vt 0.017040 0.101922
vt 0.012063 0.135260
vt 0.192778 0.120739
vt 0.203233 0.147359
vt 0.189240 0.154502
vt 0.179297 0.134827
vt 0.209041 0.162135
vt 0.220585 0.182270
vt 0.211002 0.187339
vt 0.196609 0.168734
vt 0.011406 0.242634
vt 0.011538 0.217014
vt 0.021418 0.217022
vt 0.023238 0.241477
vt 0.075042 0.021531
vt 0.072719 0.027562
vt 0.050036 0.027269
vt 0.054925 0.031474
vt 0.060998 0.020532
vt 0.062608 0.027149
vt 0.171501 0.117553
vt 0.004424 0.178371
vt 0.000892 0.158753
vt 0.014321 0.158746
vt 0.016157 0.178337
vt 0.009904 0.197093
vt 0.019063 0.197428
vt 0.229686 0.198196
vt 0.218684 0.204291
vt 0.011781 0.259894
vt 0.025701 0.261024
vt 0.236116 0.207419
vt 0.223095 0.213444
vt 0.011129 0.271202
vt 0.024427 0.276372
vt 0.244037 0.216970
vt 0.234511 0.226009
vt 0.009245 0.284636
vt 0.022663 0.288181
vt 0.114780 0.062391
vt 0.094430 0.044564
vt 0.044618 0.057822
vt 0.039708 0.074818
vt 0.143765 0.112152
vt 0.139463 0.097128
vt 0.034712 0.101790
vt 0.033948 0.136507
vt 0.173119 0.158391
vt 0.161530 0.144950
vt 0.044706 0.177632
vt 0.034517 0.198218
vt 0.197810 0.195284
vt 0.184013 0.176613
vt 0.035282 0.216577
vt 0.039319 0.241395
vt 0.148295 0.071550
vt 0.132150 0.080111
vt 0.072689 0.034071
vt 0.059286 0.038123
vt 0.064982 0.034576
vt 0.152572 0.127812
vt 0.042148 0.156044
vt 0.205014 0.210867
vt 0.042672 0.261394
vt 0.211449 0.223868
vt 0.042931 0.278948
vt 0.221373 0.238021
vt 0.043440 0.292168
vt 0.136700 0.148583
vt 0.133796 0.135229
vt 0.131019 0.120190
vt 0.063129 0.044489
vt 0.055682 0.061799
vt 0.054789 0.081923
vt 0.053448 0.157040
vt 0.070535 0.172724
vt 0.055703 0.195820
vt 0.067189 0.216316
vt 0.067038 0.241468
vt 0.068748 0.262486
vt 0.073333 0.274287
vt 0.077888 0.287550
vt 0.194470 0.255952
vt 0.188358 0.240357
vt 0.184765 0.228853
vt 0.177385 0.209280
vt 0.166135 0.187049
vt 0.145437 0.172458
vt 0.154909 0.064943
vt 0.098262 0.175951
vt 0.094225 0.174511
vt 0.093196 0.163269
vt 0.086259 0.145021
vt 0.081906 0.126010
vt 0.053372 0.104651
vt 0.255375 0.228615
vt 0.247327 0.239448
vt 0.232184 0.253074
vt 0.204733 0.269406
vt 0.123460 0.167353
vt 0.120795 0.152872
vt 0.118503 0.137411
vt 0.116972 0.120292
vt 0.086991 0.177161
vt 0.082355 0.180769
vt 0.084927 0.166548
vt 0.050685 0.136332
vt 0.064652 0.129315
vt 0.086158 0.108361
vt 0.074070 0.111839
vt 0.099549 0.106502
vt 0.071235 0.145370
vt 0.116394 0.171205
vt 0.122449 0.104093
vt 0.187885 0.385741
vt 0.172833 0.400586
vt 0.145979 0.406718
vt 0.127905 0.397934
vt 0.118817 0.389106
vt 0.110554 0.370102
vt 0.105828 0.351840
vt 0.101143 0.338410
vt 0.094418 0.318429
vt 0.083181 0.291996
vt 0.079610 0.264998
vt 0.081356 0.233031
vt 0.087994 0.213035
vt 0.099535 0.189612
vt 0.114968 0.179064
vt 0.131752 0.178836
vt 0.152373 0.194158
vt 0.164563 0.214917
vt 0.176298 0.240843
vt 0.174379 0.271058
vt 0.170918 0.292647
vt 0.171015 0.303817
vt 0.173288 0.316600
vt 0.179780 0.331513
vt 0.189975 0.350443
vt 0.193092 0.369767
vt 0.073948 0.193155
s 1
f 1/1/1 2/2/2 3/3/3
f 1/1/1 3/3/3 4/4/4
f 2/2/2 5/5/5 6/6/6
f 2/2/2 6/6/6 3/3/3
f 5/5/5 7/7/7 8/8/8
f 5/5/5 8/8/8 6/6/6
f 7/7/7 9/9/9 10/10/10
f 7/7/7 10/10/10 8/8/8
f 9/11/9 11/12/11 12/13/12
f 9/11/9 12/13/12 10/14/10
f 11/12/11 13/15/13 12/13/12
f 14/16/14 15/17/15 13/15/13
f 16/18/16 17/19/17 18/20/18
f 19/21/19 20/22/20 21/23/21
f 20/22/20 22/24/22 21/23/21
f 23/25/23 24/26/24 25/27/25
f 23/25/23 25/27/25 26/28/26
f 24/26/24 27/29/27 28/30/28
f 24/26/24 28/30/28 25/27/25
f 27/29/27 29/31/29 30/32/30
f 27/29/27 30/32/30 28/30/28
f 31/33/31 32/34/32 33/35/33
f 31/33/31 33/35/33 34/36/34
f 32/34/32 35/37/35 36/38/36
f 32/34/32 36/38/36 33/35/33
f 35/37/35 37/39/37 38/40/38
f 35/37/35 38/40/38 36/38/36
f 39/41/39 40/42/40 41/43/41
f 39/41/39 41/43/41 37/44/37
f 40/42/40 42/45/42 43/46/43
f 40/42/40 43/46/43 41/43/41
f 42/45/42 44/47/44 45/48/45
f 42/45/42 45/48/45 43/46/43
f 46/49/46 47/50/47 48/51/48
f 46/49/46 48/51/48 49/52/49
f 50/53/50 51/54/51 52/55/52
f 53/56/53 18/20/18 17/19/17
f 12/13/12 13/15/13 50/53/50
f 54/57/54 26/28/26 17/19/17
f 54/57/54 23/25/23 26/28/26
f 55/58/55 18/20/18 15/17/15
f 44/47/44 46/49/46 49/52/49
f 44/47/44 49/52/49 45/48/45
f 47/50/47 56/59/56 23/25/23
f 47/50/47 23/25/23 48/51/48
f 56/59/56 57/60/57 23/25/23
f 48/51/48 23/25/23 54/57/54
f 49/52/49 48/51/48 54/57/54
f 49/52/49 54/57/54 58/61/58
f 45/48/45 49/52/49 58/61/58
f 45/48/45 58/61/58 59/62/59
f 43/46/43 45/48/45 59/62/59
f 43/46/43 59/62/59 60/63/60
f 41/43/41 43/46/43 60/63/60
f 41/43/41 60/63/60 61/64/61
f 37/44/37 41/43/41 61/64/61
f 37/44/37 61/64/61 38/65/38
f 23/25/23 57/60/57 24/26/24
f 57/60/57 62/66/62 27/29/27
f 57/60/57 27/29/27 24/26/24
f 62/66/62 63/67/63 29/31/29
f 62/66/62 29/31/29 27/29/27
f 64/68/64 65/69/65 32/34/32
f 64/68/64 32/34/32 31/33/31
f 65/69/65 66/70/66 35/37/35
f 65/69/65 35/37/35 32/34/32
f 66/70/66 39/71/39 37/39/37
f 66/70/66 37/39/37 35/37/35
f 67/72/67 25/27/25 20/22/20
f 20/22/20 28/30/28 22/24/22
f 28/30/28 30/32/30 68/73/68
f 28/30/28 68/73/68 22/24/22
f 34/36/34 33/35/33 69/74/69
f 34/36/34 69/74/69 68/73/68
f 33/35/33 36/38/36 70/75/70
f 33/35/33 70/75/70 69/74/69
f 36/38/36 38/40/38 71/76/71
f 38/65/38 61/64/61 72/77/72
f 38/65/38 72/77/72 71/78/71
f 72/77/72 73/79/73 74/80/74
f 72/77/72 74/80/74 75/81/75
f 73/79/73 76/82/76 55/58/55
f 73/79/73 55/58/55 74/80/74
f 55/58/55 16/18/16 18/20/18
f 67/72/67 20/22/20 19/21/19
f 25/27/25 28/30/28 20/22/20
f 21/23/21 1/1/1 4/4/4
f 21/23/21 4/4/4 77/83/77
f 78/84/78 21/23/21 77/83/77
f 79/85/79 19/21/19 21/23/21
f 79/85/79 21/23/21 78/84/78
f 79/85/79 51/54/51 53/56/53
f 79/85/79 53/56/53 80/86/80
f 15/17/15 18/20/18 53/56/53
f 51/54/51 79/85/79 78/84/78
f 51/54/51 78/84/78 52/55/52
f 15/17/15 53/56/53 51/54/51
f 71/78/71 72/77/72 75/81/75
f 71/78/71 75/81/75 81/87/81
f 36/38/36 71/76/71 81/88/81
f 36/38/36 81/88/81 70/75/70
f 17/19/17 67/72/67 80/86/80
f 17/19/17 80/86/80 53/56/53
f 26/28/26 25/27/25 67/72/67
f 26/28/26 67/72/67 17/19/17
f 80/86/80 67/72/67 19/21/19
f 79/85/79 80/86/80 19/21/19
f 30/32/30 34/36/34 68/73/68
f 29/31/29 31/33/31 34/36/34
f 29/31/29 34/36/34 30/32/30
f 63/67/63 64/68/64 31/33/31
f 63/67/63 31/33/31 29/31/29
f 21/23/21 22/24/22 1/1/1
f 22/24/22 68/73/68 2/2/2
f 22/24/22 2/2/2 1/1/1
f 68/73/68 69/74/69 5/5/5
f 68/73/68 5/5/5 2/2/2
f 69/74/69 70/75/70 7/7/7
f 69/74/69 7/7/7 5/5/5
f 70/75/70 81/88/81 9/9/9
f 70/75/70 9/9/9 7/7/7
f 81/87/81 75/81/75 11/12/11
f 81/87/81 11/12/11 9/11/9
f 75/81/75 74/80/74 14/16/14
f 75/81/75 14/16/14 11/12/11
f 74/80/74 55/58/55 15/17/15
f 74/80/74 15/17/15 14/16/14
f 11/12/11 14/16/14 13/15/13
f 13/15/13 15/17/15 51/54/51
f 50/53/50 13/15/13 51/54/51
f 76/82/76 82/89/82 16/18/16
f 76/82/76 16/18/16 55/58/55
f 82/89/82 54/57/54 17/19/17
f 82/89/82 17/19/17 16/18/16
f 61/64/61 60/63/60 73/79/73
f 61/64/61 73/79/73 72/77/72
f 60/63/60 59/62/59 76/82/76
f 60/63/60 76/82/76 73/79/73
f 59/62/59 58/61/58 82/89/82
f 59/62/59 82/89/82 76/82/76
f 58/61/58 54/57/54 82/89/82
f 62/66/62 57/60/57 83/90/83
f 62/66/62 83/90/83 84/91/84
f 57/60/57 56/59/56 83/90/83
f 47/50/47 46/49/46 85/92/85
f 47/50/47 85/92/85 86/93/86
f 44/47/44 42/45/42 87/94/87
f 44/47/44 87/94/87 85/92/85
f 42/45/42 40/42/40 88/95/88
f 42/45/42 88/95/88 87/94/87
f 40/42/40 39/41/39 89/96/89
f 40/42/40 89/96/89 88/95/88
f 39/71/39 66/70/66 90/97/90
f 39/71/39 90/97/90 89/98/89
f 66/70/66 65/69/65 91/99/91
f 66/70/66 91/99/91 90/97/90
f 65/69/65 64/68/64 91/99/91
f 63/67/63 62/66/62 84/91/84
f 63/67/63 84/91/84 92/100/92
f 85/92/85 46/49/46 44/47/44
f 83/90/83 56/59/56 47/50/47
f 83/90/83 47/50/47 86/93/86
f 91/99/91 64/68/64 63/67/63
f 91/99/91 63/67/63 92/100/92
f 93/101/93 94/102/94 95/103/95
f 96/104/96 97/105/97 98/106/98
f 96/104/96 98/106/98 99/107/99
f 100/108/100 101/109/101 102/110/102
f 100/108/100 102/110/102 103/111/103
f 104/112/104 105/113/105 102/110/102
f 105/113/105 106/114/106 107/115/107
f 105/113/105 107/115/107 108/116/108
f 107/115/107 109/117/109 110/118/110
f 107/115/107 110/118/110 111/119/111
f 109/117/109 112/120/112 113/121/113
f 109/117/109 113/121/113 110/118/110
f 114/122/114 115/123/115 116/124/116
f 115/123/115 117/125/117 118/126/118
f 115/123/115 118/126/118 116/124/116
f 118/126/118 119/127/119 120/128/120
f 119/129/119 93/101/93 95/103/95
f 119/129/119 95/103/95 120/130/120
f 121/131/121 122/132/122 123/133/123
f 121/131/121 123/133/123 124/134/124
f 122/132/122 125/135/125 126/136/126
f 122/132/122 126/136/126 123/133/123
f 125/135/125 127/137/127 128/138/128
f 125/135/125 128/138/128 126/136/126
f 129/139/129 130/140/130 131/141/131
f 129/139/129 131/141/131 132/142/132
f 130/140/130 133/143/133 134/144/134
f 130/140/130 134/144/134 131/141/131
f 135/145/135 136/146/136 137/147/137
f 135/145/135 137/147/137 138/148/138
f 136/149/136 139/150/139 140/151/140
f 136/149/136 140/151/140 137/152/137
f 139/150/139 141/153/141 142/154/142
f 139/150/139 142/154/142 140/151/140
f 141/153/141 143/155/143 144/156/144
f 141/153/141 144/156/144 142/154/142
f 143/155/143 145/157/145 146/158/146
f 143/155/143 146/158/146 144/156/144
f 145/157/145 121/131/121 124/134/124
f 145/157/145 124/134/124 146/158/146
f 123/133/123 126/136/126 147/159/147
f 123/133/123 147/159/147 148/160/148
f 124/134/124 123/133/123 148/160/148
f 124/134/124 148/160/148 149/161/149
f 150/162/150 124/134/124 151/163/151
f 144/156/144 152/164/152 97/105/97
f 96/104/96 144/156/144 97/105/97
f 140/151/140 142/154/142 94/102/94
f 140/151/140 94/102/94 153/165/153
f 137/152/137 140/151/140 153/165/153
f 137/152/137 153/165/153 154/166/154
f 138/148/138 137/147/137 154/167/154
f 138/148/138 154/167/154 155/168/155
f 131/141/131 134/144/134 117/125/117
f 131/141/131 117/125/117 156/169/156
f 132/142/132 131/141/131 156/169/156
f 132/142/132 156/169/156 157/170/157
f 126/136/126 128/138/128 158/171/158
f 126/136/126 158/171/158 147/159/147
f 159/172/159 160/173/160 114/122/114
f 159/172/159 114/122/114 161/174/161
f 128/138/128 132/142/132 157/170/157
f 128/138/128 157/170/157 158/171/158
f 127/137/127 129/139/129 132/142/132
f 127/137/127 132/142/132 128/138/128
f 162/175/162 100/108/100 103/111/103
f 163/176/163 164/177/164 165/178/165
f 166/179/166 163/176/163 167/180/167
f 166/179/166 167/180/167 168/181/168
f 169/182/169 166/183/166 168/184/168
f 169/182/169 168/184/168 170/185/170
f 171/186/171 169/182/169 170/185/170
f 171/186/171 170/185/170 172/187/172
f 173/188/173 171/186/171 172/187/172
f 173/188/173 172/187/172 174/189/174
f 112/120/112 173/188/173 174/189/174
f 112/120/112 174/189/174 113/121/113
f 116/124/116 118/126/118 175/190/175
f 117/125/117 155/168/155 118/126/118
f 134/144/134 138/148/138 155/168/155
f 134/144/134 155/168/155 117/125/117
f 133/143/133 135/145/135 138/148/138
f 133/143/133 138/148/138 134/144/134
f 156/169/156 117/125/117 176/191/176
f 157/170/157 156/169/156 176/191/176
f 157/170/157 176/191/176 160/173/160
f 158/171/158 157/170/157 160/173/160
f 158/171/158 160/173/160 159/172/159
f 147/159/147 158/171/158 159/172/159
f 144/156/144 146/158/146 177/192/177
f 144/156/144 177/192/177 152/164/152
f 178/193/178 152/164/152 177/192/177
f 104/112/104 179/194/179 105/113/105
f 177/192/177 150/162/150 178/193/178
f 146/158/146 124/134/124 150/162/150
f 146/158/146 150/162/150 177/192/177
f 102/110/102 105/113/105 108/116/108
f 102/110/102 108/116/108 180/195/180
f 103/111/103 102/110/102 181/196/181
f 182/197/182 103/111/103 181/196/181
f 165/178/165 162/175/162 103/111/103
f 165/178/165 103/111/103 182/197/182
f 94/102/94 96/104/96 99/107/99
f 94/102/94 99/107/99 164/177/164
f 142/154/142 144/156/144 96/104/96
f 142/154/142 96/104/96 94/102/94
f 163/176/163 182/197/182 183/198/183
f 163/176/163 183/198/183 167/180/167
f 150/162/150 151/163/151 179/194/179
f 150/162/150 179/194/179 178/193/178
f 149/161/149 148/160/148 184/199/184
f 148/160/148 185/200/185 184/199/184
f 147/159/147 159/172/159 161/174/161
f 147/159/147 161/174/161 185/200/185
f 179/194/179 186/201/186 106/114/106
f 179/194/179 106/114/106 105/113/105
f 184/199/184 185/200/185 187/202/187
f 185/200/185 161/174/161 188/203/188
f 185/200/185 188/203/188 187/202/187
f 161/174/161 114/122/114 189/204/189
f 161/174/161 189/204/189 188/203/188
f 114/122/114 116/124/116 189/204/189
f 160/173/160 176/191/176 115/123/115
f 160/173/160 115/123/115 114/122/114
f 176/191/176 117/125/117 115/123/115
f 186/201/186 187/202/187 106/114/106
f 151/163/151 149/161/149 184/199/184
f 151/163/151 184/199/184 186/201/186
f 124/134/124 149/161/149 151/163/151
f 151/163/151 186/201/186 179/194/179
f 148/160/148 147/159/147 185/200/185
f 186/201/186 184/199/184 187/202/187
f 97/105/97 152/164/152 178/193/178
f 97/105/97 178/193/178 98/106/98
f 155/168/155 154/167/154 119/127/119
f 155/168/155 119/127/119 118/126/118
f 154/166/154 153/165/153 93/101/93
f 154/166/154 93/101/93 119/129/119
f 153/165/153 94/102/94 93/101/93
f 95/103/95 94/102/94 164/177/164
f 95/103/95 164/177/164 163/176/163
f 190/205/190 95/103/95 163/176/163
f 118/126/118 120/128/120 190/206/190
f 118/126/118 190/206/190 175/190/175
f 181/196/181 102/110/102 180/195/180
f 182/197/182 181/196/181 191/207/191
f 182/197/182 191/207/191 183/198/183
f 120/130/120 95/103/95 190/205/190
f 163/176/163 165/178/165 182/197/182
f 164/177/164 99/107/99 162/175/162
f 164/177/164 162/175/162 165/178/165
f 99/107/99 98/106/98 100/108/100
f 99/107/99 100/108/100 162/175/162
f 101/109/101 98/106/98 178/193/178
f 101/109/101 100/108/100 98/106/98
f 101/109/101 104/112/104 102/110/102
f 178/193/178 104/112/104 101/109/101
f 178/193/178 179/194/179 104/112/104
f 189/204/189 116/124/116 192/208/192
f 116/124/116 175/190/175 192/208/192
f 106/114/106 187/202/187 109/117/109
f 106/114/106 109/117/109 107/115/107
f 187/202/187 188/203/188 112/120/112
f 187/202/187 112/120/112 109/117/109
f 188/203/188 189/204/189 173/188/173
f 188/203/188 173/188/173 112/120/112
f 189/204/189 192/208/192 171/186/171
f 189/204/189 171/186/171 173/188/173
f 192/208/192 175/190/175 193/209/193
f 192/208/192 193/209/193 171/186/171
f 175/190/175 190/206/190 193/209/193
f 190/205/190 163/176/163 194/210/194
f 193/209/193 190/206/190 194/211/194
f 171/186/171 193/209/193 169/182/169
f 194/210/194 163/176/163 166/179/166
f 193/209/193 194/211/194 166/183/166
f 193/209/193 166/183/166 169/182/169
f 108/116/108 107/115/107 111/119/111
f 108/116/108 111/119/111 195/212/195
f 180/195/180 108/116/108 195/212/195
f 180/195/180 195/212/195 196/213/196
f 181/196/181 180/195/180 196/213/196
f 181/196/181 196/213/196 191/207/191
f 139/150/139 136/149/136 197/214/197
f 139/150/139 197/214/197 198/215/198
f 135/145/135 133/143/133 199/216/199
f 135/145/135 199/216/199 197/217/197
f 135/145/135 197/217/197 136/146/136
f 133/143/133 130/140/130 200/218/200
f 133/143/133 200/218/200 199/216/199
f 130/140/130 129/139/129 127/137/127
f 130/140/130 127/137/127 201/219/201
f 130/140/130 201/219/201 200/218/200
f 127/137/127 125/135/125 202/220/202
f 127/137/127 202/220/202 201/219/201
f 125/135/125 122/132/122 203/221/203
f 125/135/125 203/221/203 202/220/202
f 122/132/122 121/131/121 204/222/204
f 122/132/122 204/222/204 203/221/203
f 121/131/121 145/157/145 205/223/205
f 121/131/121 205/223/205 204/222/204
f 145/157/145 143/155/143 206/224/206
f 145/157/145 206/224/206 205/223/205
f 143/155/143 141/153/141 207/225/207
f 143/155/143 207/225/207 206/224/206
f 141/153/141 139/150/139 198/215/198
f 141/153/141 198/215/198 207/225/207
f 208/226/208 209/227/209 210/228/210
f 208/226/208 210/228/210 211/229/211
f 209/227/209 212/230/212 213/231/213
f 209/227/209 213/231/213 210/228/210
f 212/230/212 214/232/214 215/233/215
f 212/230/212 215/233/215 213/231/213
f 214/232/214 216/234/216 217/235/217
f 214/232/214 217/235/217 215/233/215
f 216/236/216 218/237/218 217/238/217
f 219/239/219 220/240/220 221/241/221
f 219/239/219 221/241/221 222/242/222
f 220/240/220 223/243/223 224/244/224
f 220/240/220 224/244/224 221/241/221
f 223/243/223 225/245/225 226/246/226
f 223/243/223 226/246/226 224/244/224
f 225/245/225 227/247/227 228/248/228
f 225/245/225 228/248/228 226/246/226
f 229/249/229 208/226/208 211/229/211
f 211/229/211 210/228/210 230/250/230
f 211/229/211 230/250/230 231/251/231
f 210/228/210 213/231/213 232/252/232
f 210/228/210 232/252/232 230/250/230
f 213/231/213 215/233/215 233/253/233
f 213/231/213 233/253/233 232/252/232
f 215/233/215 217/235/217 234/254/234
f 215/233/215 234/254/234 233/253/233
f 217/238/217 218/237/218 235/255/235
f 217/238/217 235/255/235 234/256/234
f 218/237/218 236/257/236 237/258/237
f 218/237/218 237/258/237 235/255/235
f 236/257/236 238/259/238 239/260/239
f 236/257/236 239/260/239 237/258/237
f 238/259/238 240/261/240 241/262/241
f 238/259/238 241/262/241 239/260/239
f 240/261/240 229/249/229 242/263/242
f 240/261/240 242/263/242 241/262/241
f 229/249/229 211/229/211 231/251/231
f 229/249/229 231/251/231 242/263/242
f 243/264/243 244/265/244 245/266/245
f 243/264/243 245/266/245 246/267/246
f 247/268/247 243/264/243 246/267/246
f 247/268/247 246/267/246 248/269/248
f 249/270/249 247/268/247 248/269/248
f 249/270/249 248/269/248 250/271/250
f 251/272/251 249/270/249 250/271/250
f 251/272/251 250/271/250 252/273/252
f 219/239/219 251/274/251 252/275/252
f 219/239/219 252/275/252 253/276/253
f 220/240/220 219/239/219 253/276/253
f 220/240/220 253/276/253 254/277/254
f 223/243/223 220/240/220 254/277/254
f 223/243/223 254/277/254 255/278/255
f 225/245/225 223/243/223 255/278/255
f 225/245/225 255/278/255 256/279/256
f 227/247/227 225/245/225 256/279/256
f 227/247/227 256/279/256 257/280/257
f 244/265/244 227/247/227 257/280/257
f 244/265/244 257/280/257 245/266/245
f 232/252/232 233/253/233 258/281/258
f 232/252/232 258/281/258 259/282/259
f 230/250/230 232/252/232 259/282/259
f 230/250/230 259/282/259 260/283/260
f 231/251/231 230/250/230 260/283/260
f 231/251/231 260/283/260 261/284/261
f 242/263/242 231/251/231 261/284/261
f 242/263/242 261/284/261 262/285/262
f 241/262/241 242/263/242 262/285/262
f 241/262/241 262/285/262 263/286/263
f 239/260/239 241/262/241 263/286/263
f 239/260/239 263/286/263 264/287/264
f 237/258/237 239/260/239 264/287/264
f 237/258/237 264/287/264 265/288/265
f 235/255/235 237/258/237 265/288/265
f 235/255/235 265/288/265 266/289/266
f 234/256/234 235/255/235 266/289/266
f 234/256/234 266/289/266 267/290/267
f 233/253/233 234/254/234 267/291/267
f 233/253/233 267/291/267 258/281/258
f 227/247/227 244/265/244 268/292/268
f 227/247/227 268/292/268 228/248/228
f 244/265/244 243/264/243 269/293/269
f 244/265/244 269/293/269 268/292/268
f 243/264/243 270/294/270 269/293/269
f 247/268/247 249/270/249 271/295/271
f 247/268/247 271/295/271 272/296/272
f 249/270/249 251/272/251 273/297/273
f 249/270/249 273/297/273 271/295/271
f 251/274/251 219/239/219 222/242/222
f 251/274/251 222/242/222 273/298/273
f 274/299/274 275/300/275 276/301/276
f 274/299/274 276/301/276 277/302/277
f 278/303/278 279/304/279 280/305/280
f 278/303/278 280/305/280 281/306/281
f 282/307/282 283/308/283 284/309/284
f 282/307/282 284/309/284 285/310/285
f 286/311/286 287/312/287 288/313/288
f 286/311/286 288/313/288 289/314/289
f 290/315/290 291/316/291 292/317/292
f 290/315/290 292/317/292 293/318/293
f 294/319/294 295/320/295 296/321/296
f 294/319/294 296/321/296 297/322/297
f 298/323/298 299/324/299 300/325/300
f 298/323/298 300/325/300 301/326/301
f 302/327/302 303/328/303 304/329/304
f 302/327/302 304/329/304 305/330/305
f 306/331/306 307/332/307 291/316/291
f 306/331/306 291/316/291 290/315/290
f 308/333/308 309/334/309 310/335/310
f 308/333/308 310/335/310 311/336/311
f 312/337/312 313/338/313 314/339/314
f 312/337/312 314/339/314 315/340/315
f 316/341/316 317/342/317 318/343/318
f 316/341/316 318/343/318 319/344/319
f 275/300/275 274/299/274 320/345/320
f 275/300/275 320/345/320 321/346/321
f 279/304/279 278/303/278 322/347/322
f 279/304/279 322/347/322 323/348/323
f 283/308/283 282/307/282 324/349/324
f 283/308/283 324/349/324 325/350/325
f 287/312/287 286/311/286 326/351/326
f 287/312/287 326/351/326 327/352/327
f 321/346/321 320/345/320 328/353/328
f 321/346/321 328/353/328 329/354/329
f 323/348/323 322/347/322 330/355/330
f 323/348/323 330/355/330 331/356/331
f 325/350/325 324/349/324 332/357/332
f 325/350/325 332/357/332 333/358/333
f 327/352/327 326/351/326 334/359/334
f 327/352/327 334/359/334 335/360/335
f 336/361/336 337/362/337 338/363/338
f 336/361/336 338/363/338 339/364/339
f 340/365/340 341/366/341 342/367/342
f 340/365/340 342/367/342 343/368/343
f 344/369/344 345/370/345 346/371/346
f 344/369/344 346/371/346 347/372/347
f 348/373/348 349/374/349 350/375/350
f 348/373/348 350/375/350 351/376/351
f 352/377/352 353/378/353 354/379/354
f 355/380/355 356/381/356 357/382/357
f 355/380/355 357/382/357 358/383/358
f 310/335/310 359/384/359 360/385/360
f 310/335/310 360/385/360 311/336/311
f 361/386/361 362/387/362 363/388/363
f 361/386/361 363/388/363 364/389/364
f 365/390/365 366/391/366 367/392/367
f 365/390/365 367/392/367 368/393/368
f 369/394/369 370/395/370 371/396/371
f 369/394/369 371/396/371 372/397/372
f 373/398/373 374/399/374 375/400/375
f 373/398/373 375/400/375 376/401/376
f 377/402/377 378/403/378 379/404/379
f 377/402/377 379/404/379 380/405/380
f 379/404/379 378/403/378 381/406/381
f 379/404/379 381/406/381 382/407/382
f 383/408/383 384/409/384 385/410/385
f 386/411/386 356/381/356 355/380/355
f 366/391/366 387/412/387 367/392/367
f 388/413/388 389/414/389 386/415/386
f 390/416/390 391/417/391 392/418/392
f 390/416/390 392/418/392 393/419/393
f 394/420/394 386/415/386 389/414/389
f 394/420/394 389/414/389 395/421/395
f 396/422/396 397/423/397 398/424/398
f 396/422/396 398/424/398 387/425/387
f 396/422/396 387/425/387 366/426/366
f 355/380/355 399/427/399 386/411/386
f 400/428/400 401/429/401 402/430/402
f 398/424/398 397/423/397 403/431/403
f 398/424/398 403/431/403 387/425/387
f 367/392/367 387/412/387 399/427/399
f 367/392/367 399/427/399 355/380/355
f 368/393/368 367/392/367 355/380/355
f 368/393/368 355/380/355 358/383/358
f 372/397/372 371/396/371 404/432/404
f 372/397/372 404/432/404 405/433/405
f 406/434/406 376/401/376 375/400/375
f 406/434/406 375/400/375 407/435/407
f 408/436/408 409/437/409 410/438/410
f 408/436/408 410/438/410 411/439/411
f 408/440/408 411/441/411 373/398/373
f 408/440/408 373/398/373 376/401/376
f 364/389/364 374/399/374 373/398/373
f 364/389/364 373/398/373 361/386/361
f 293/318/293 292/317/292 370/395/370
f 293/318/293 370/395/370 369/394/369
f 409/437/409 412/442/412 410/438/410
f 413/443/413 414/444/414 409/437/409
f 413/443/413 409/437/409 408/436/408
f 414/444/414 415/445/415 412/442/412
f 414/444/414 412/442/412 409/437/409
f 410/438/410 412/442/412 416/446/416
f 417/447/417 418/448/418 416/446/416
f 417/447/417 416/446/416 412/442/412
f 419/449/419 420/450/420 415/445/415
f 361/386/361 373/398/373 411/441/411
f 410/438/410 416/446/416 362/451/362
f 410/438/410 362/451/362 361/452/361
f 360/453/360 359/454/359 315/340/315
f 360/453/360 315/340/315 314/339/314
f 298/323/298 301/326/301 309/334/309
f 298/323/298 309/334/309 308/333/308
f 294/319/294 297/322/297 307/332/307
f 294/319/294 307/332/307 306/331/306
f 421/455/421 301/326/301 300/325/300
f 421/455/421 300/325/300 422/456/422
f 309/334/309 301/326/301 421/455/421
f 309/334/309 421/455/421 423/457/423
f 310/335/310 309/334/309 423/457/423
f 310/335/310 423/457/423 363/388/363
f 363/388/363 362/387/362 359/384/359
f 363/388/363 359/384/359 310/335/310
f 315/340/315 359/454/359 362/451/362
f 315/340/315 362/451/362 416/446/416
f 418/448/418 315/340/315 416/446/416
f 407/435/407 424/458/424 366/459/366
f 407/435/407 366/459/366 406/434/406
f 404/432/404 425/460/425 426/461/426
f 404/432/404 426/461/426 405/433/405
f 382/407/382 427/462/427 422/456/422
f 382/407/382 422/456/422 300/325/300
f 287/312/287 274/299/274 277/302/277
f 287/312/287 277/302/277 288/313/288
f 320/345/320 274/299/274 287/312/287
f 320/345/320 287/312/287 327/352/327
f 328/353/328 320/345/320 327/352/327
f 328/353/328 327/352/327 335/360/335
f 338/363/338 337/362/337 348/373/348
f 338/363/338 348/373/348 351/376/351
f 381/406/381 428/463/428 427/462/427
f 381/406/381 427/462/427 382/407/382
f 429/464/429 430/465/430 431/466/431
f 432/467/432 379/404/379 382/407/382
f 432/467/432 382/407/382 300/325/300
f 303/468/303 377/402/377 380/405/380
f 303/468/303 380/405/380 304/469/304
f 283/470/283 286/311/286 289/314/289
f 283/470/283 289/314/289 284/471/284
f 326/351/326 286/311/286 283/470/283
f 326/351/326 283/470/283 325/472/325
f 334/359/334 326/351/326 325/472/325
f 334/359/334 325/472/325 333/473/333
f 350/375/350 349/374/349 344/474/344
f 350/375/350 344/474/344 347/475/347
f 433/476/433 340/365/340 343/368/343
f 433/476/433 343/368/343 434/477/434
f 435/478/435 323/348/323 331/356/331
f 435/478/435 331/356/331 436/479/436
f 437/480/437 279/304/279 323/348/323
f 437/480/437 323/348/323 435/478/435
f 280/305/280 279/304/279 437/480/437
f 280/305/280 437/480/437 438/481/438
f 437/480/437 282/307/282 285/310/285
f 437/480/437 285/310/285 438/481/438
f 324/349/324 282/307/282 437/480/437
f 324/349/324 437/480/437 435/478/435
f 332/357/332 324/349/324 435/478/435
f 332/357/332 435/478/435 436/479/436
f 346/371/346 345/370/345 439/482/439
f 346/371/346 439/482/439 433/476/433
f 440/483/440 441/484/441 442/485/442
f 440/483/440 442/485/442 443/486/443
f 358/383/358 357/382/357 419/449/419
f 358/383/358 419/449/419 415/445/415
f 414/444/414 368/393/368 358/383/358
f 414/444/414 358/383/358 415/445/415
f 365/390/365 368/393/368 414/444/414
f 365/390/365 414/444/414 413/443/413
f 442/485/442 302/327/302 305/330/305
f 442/485/442 305/330/305 443/486/443
f 386/411/386 384/487/384 444/488/444
f 386/411/386 444/488/444 356/381/356
f 357/382/357 356/381/356 444/488/444
f 357/382/357 444/488/444 445/489/445
f 419/449/419 357/382/357 445/489/445
f 419/449/419 445/489/445 446/490/446
f 446/490/446 447/491/447 420/450/420
f 446/490/446 420/450/420 419/449/419
f 417/447/417 448/492/448 418/448/418
f 446/490/446 445/489/445 449/493/449
f 446/490/446 449/493/449 450/494/450
f 451/495/451 447/491/447 446/490/446
f 451/495/451 446/490/446 450/494/450
f 452/496/452 453/497/453 313/338/313
f 452/496/452 313/338/313 312/337/312
f 443/486/443 305/330/305 452/496/452
f 443/486/443 452/496/452 454/498/454
f 455/499/455 456/500/456 457/501/457
f 354/379/354 455/499/455 458/502/458
f 405/433/405 426/461/426 424/458/424
f 405/433/405 424/458/424 407/435/407
f 375/400/375 372/397/372 405/433/405
f 375/400/375 405/433/405 407/435/407
f 374/399/374 369/394/369 372/397/372
f 374/399/374 372/397/372 375/400/375
f 364/389/364 293/318/293 369/394/369
f 364/389/364 369/394/369 374/399/374
f 290/315/290 293/318/293 364/389/364
f 290/315/290 364/389/364 363/388/363
f 423/457/423 306/331/306 290/315/290
f 423/457/423 290/315/290 363/388/363
f 421/455/421 294/319/294 306/331/306
f 421/455/421 306/331/306 423/457/423
f 421/455/421 422/456/422 295/320/295
f 421/455/421 295/320/295 294/319/294
f 427/462/427 429/464/429 295/320/295
f 427/462/427 295/320/295 422/456/422
f 428/463/428 430/465/430 429/464/429
f 428/463/428 429/464/429 427/462/427
f 305/330/305 304/329/304 453/497/453
f 305/330/305 453/497/453 452/496/452
f 445/489/445 459/503/459 460/504/460
f 445/489/445 460/504/460 449/493/449
f 461/505/461 462/506/462 445/489/445
f 461/505/461 445/489/445 444/488/444
f 281/306/281 280/305/280 441/484/441
f 281/306/281 441/484/441 463/507/463
f 456/500/456 353/378/353 440/483/440
f 457/501/457 456/500/456 440/483/440
f 457/501/457 440/483/440 443/486/443
f 457/501/457 443/486/443 454/498/454
f 464/508/464 457/501/457 454/498/454
f 465/509/465 466/510/466 467/511/467
f 465/509/465 467/511/467 460/504/460
f 465/509/465 460/504/460 459/503/459
f 264/287/264 263/286/263 468/512/468
f 264/287/264 468/512/468 469/513/469
f 265/288/265 264/287/264 469/513/469
f 265/288/265 469/513/469 470/514/470
f 266/289/266 265/288/265 470/514/470
f 266/289/266 470/514/470 471/515/471
f 267/290/267 266/289/266 471/515/471
f 267/290/267 471/515/471 472/516/472
f 258/281/258 267/291/267 472/517/472
f 258/281/258 472/517/472 473/518/473
f 259/282/259 258/281/258 473/518/473
f 259/282/259 473/518/473 474/519/474
f 260/283/260 259/282/259 474/519/474
f 260/283/260 474/519/474 475/520/475
f 261/284/261 260/283/260 475/520/475
f 261/284/261 475/520/475 476/521/476
f 262/285/262 261/284/261 476/521/476
f 262/285/262 476/521/476 477/522/477
f 263/286/263 262/285/262 477/522/477
f 263/286/263 477/522/477 468/512/468
f 473/518/473 472/517/472 380/523/380
f 473/518/473 380/523/380 379/524/379
f 432/525/432 473/518/473 379/524/379
f 475/520/475 474/519/474 299/526/299
f 475/520/475 299/526/299 298/527/298
f 476/521/476 475/520/475 298/527/298
f 476/521/476 298/527/298 308/528/308
f 477/522/477 311/529/311 360/530/360
f 468/512/468 477/522/477 360/530/360
f 468/512/468 360/530/360 314/531/314
f 469/513/469 468/512/468 314/531/314
f 469/513/469 314/531/314 313/532/313
f 470/514/470 469/513/469 313/532/313
f 470/514/470 313/532/313 453/533/453
f 304/534/304 470/514/470 453/533/453
f 472/516/472 471/515/471 304/534/304
f 472/516/472 304/534/304 380/535/380
f 478/536/478 479/537/479 214/232/214
f 478/536/478 214/232/214 212/230/212
f 480/538/480 478/536/478 212/230/212
f 480/538/480 212/230/212 209/227/209
f 481/539/481 480/538/480 209/227/209
f 481/539/481 209/227/209 208/226/208
f 482/540/482 481/539/481 208/226/208
f 482/540/482 208/226/208 229/249/229
f 483/541/483 482/540/482 229/249/229
f 483/541/483 229/249/229 240/261/240
f 484/542/484 483/541/483 240/261/240
f 484/542/484 240/261/240 238/259/238
f 485/543/485 484/542/484 238/259/238
f 485/543/485 238/259/238 236/257/236
f 486/544/486 485/543/485 236/257/236
f 486/544/486 236/257/236 218/237/218
f 487/545/487 486/544/486 218/237/218
f 487/545/487 218/237/218 216/236/216
f 479/537/479 487/546/487 216/234/216
f 479/537/479 216/234/216 214/232/214
f 488/547/488 489/548/489 482/540/482
f 488/547/488 482/540/482 483/541/483
f 490/549/490 488/547/488 483/541/483
f 490/549/490 483/541/483 484/542/484
f 491/550/491 490/549/490 484/542/484
f 491/550/491 484/542/484 485/543/485
f 492/551/492 491/550/491 485/543/485
f 492/551/492 485/543/485 486/544/486
f 493/552/493 492/551/492 486/544/486
f 493/552/493 486/544/486 487/545/487
f 494/553/494 493/554/493 487/546/487
f 494/553/494 487/546/487 479/537/479
f 495/555/495 494/553/494 479/537/479
f 495/555/495 479/537/479 478/536/478
f 496/556/496 497/557/497 480/538/480
f 498/558/498 496/556/496 480/538/480
f 498/558/498 480/538/480 481/539/481
f 489/548/489 498/558/498 481/539/481
f 489/548/489 481/539/481 482/540/482
f 226/246/226 228/248/228 489/548/489
f 226/246/226 489/548/489 488/547/488
f 224/244/224 226/246/226 488/547/488
f 224/244/224 488/547/488 490/549/490
f 221/241/221 224/244/224 490/549/490
f 221/241/221 490/549/490 491/550/491
f 499/559/499 221/241/221 491/550/491
f 499/559/499 491/550/491 492/551/492
f 500/560/500 499/559/499 492/551/492
f 500/560/500 492/551/492 493/552/493
f 271/295/271 500/561/500 493/554/493
f 271/295/271 493/554/493 494/553/494
f 272/296/272 271/295/271 494/553/494
f 272/296/272 494/553/494 495/555/495
f 501/562/501 502/563/502 503/564/503
f 501/562/501 503/564/503 504/565/504
f 268/292/268 269/293/269 505/566/505
f 268/292/268 505/566/505 506/567/506
f 228/248/228 268/292/268 506/567/506
f 243/264/243 247/268/247 272/296/272
f 243/264/243 272/296/272 270/294/270
f 497/557/497 270/294/270 272/296/272
f 497/557/497 272/296/272 495/555/495
f 480/538/480 497/557/497 495/555/495
f 480/538/480 495/555/495 478/536/478
f 270/294/270 497/557/497 503/564/503
f 270/294/270 503/564/503 502/563/502
f 497/557/497 496/556/496 504/565/504
f 497/557/497 504/565/504 503/564/503
f 496/556/496 505/566/505 501/562/501
f 496/556/496 501/562/501 504/565/504
f 505/566/505 269/293/269 508/568/507
f 505/566/505 508/568/507 501/562/501
f 508/568/507 507/569/508 502/563/502
f 508/568/507 502/563/502 501/562/501
f 270/294/270 502/563/502 507/569/508
f 506/567/506 505/566/505 496/556/496
f 506/567/506 496/556/496 498/558/498
f 228/248/228 506/567/506 498/558/498
f 228/248/228 498/558/498 489/548/489
f 271/295/271 273/297/273 500/561/500
f 273/298/273 222/242/222 499/559/499
f 273/298/273 499/559/499 500/560/500
f 222/242/222 221/241/221 499/559/499
f 246/267/246 245/266/245 509/570/509
f 248/269/248 246/267/246 509/570/509
f 250/271/250 248/269/248 509/570/509
f 252/273/252 250/271/250 509/570/509
f 253/276/253 252/275/252 509/571/509
f 254/277/254 253/276/253 509/571/509
f 255/278/255 254/277/254 509/571/509
f 256/279/256 255/278/255 509/571/509
f 257/280/257 256/279/256 509/570/509
f 245/266/245 257/280/257 509/570/509
f 343/368/343 342/367/342 510/572/510
f 343/368/343 510/572/510 511/573/511
f 434/477/434 343/368/343 511/573/511
f 434/477/434 511/573/511 512/574/512
f 513/575/513 514/576/514 434/477/434
f 513/575/513 434/477/434 512/574/512
f 515/577/515 514/576/514 513/575/513
f 515/577/515 513/575/513 516/578/516
f 517/579/517 518/580/518 515/581/515
f 517/579/517 515/581/515 516/582/516
f 519/583/519 518/580/518 517/579/517
f 519/583/519 517/579/517 520/584/520
f 521/585/521 522/586/522 519/583/519
f 521/585/521 519/583/519 520/584/520
f 523/587/523 522/586/522 521/585/521
f 523/587/523 521/585/521 524/588/524
f 514/576/514 346/371/346 433/476/433
f 514/576/514 433/476/433 434/477/434
f 347/372/347 346/371/346 514/576/514
f 347/372/347 514/576/514 515/577/515
f 518/580/518 350/375/350 347/475/347
f 518/580/518 347/475/347 515/581/515
f 351/376/351 350/375/350 518/580/518
f 351/376/351 518/580/518 519/583/519
f 522/586/522 338/363/338 351/376/351
f 522/586/522 351/376/351 519/583/519
f 339/364/339 338/363/338 522/586/522
f 339/364/339 522/586/522 523/587/523
f 439/482/439 525/589/525 340/365/340
f 439/482/439 340/365/340 433/476/433
f 525/589/525 526/590/526 341/366/341
f 525/589/525 341/366/341 340/365/340
f 441/484/441 280/305/280 438/481/438
f 441/484/441 438/481/438 442/485/442
f 438/481/438 285/310/285 302/327/302
f 438/481/438 302/327/302 442/485/442
f 285/310/285 284/309/284 303/328/303
f 285/310/285 303/328/303 302/327/302
f 284/471/284 289/314/289 377/402/377
f 284/471/284 377/402/377 303/468/303
f 289/314/289 288/313/288 378/403/378
f 289/314/289 378/403/378 377/402/377
f 331/356/331 330/355/330 526/590/526
f 331/356/331 526/590/526 525/589/525
f 436/479/436 331/356/331 525/589/525
f 436/479/436 525/589/525 439/482/439
f 345/370/345 332/357/332 436/479/436
f 345/370/345 436/479/436 439/482/439
f 333/358/333 332/357/332 345/370/345
f 333/358/333 345/370/345 344/369/344
f 349/374/349 334/359/334 333/473/333
f 349/374/349 333/473/333 344/474/344
f 335/360/335 334/359/334 349/374/349
f 335/360/335 349/374/349 348/373/348
f 337/362/337 328/353/328 335/360/335
f 337/362/337 335/360/335 348/373/348
f 329/354/329 328/353/328 337/362/337
f 329/354/329 337/362/337 336/361/336
f 527/591/527 528/592/528 529/593/529
f 527/591/527 529/593/529 530/594/530
f 530/594/530 529/593/529 531/595/531
f 530/594/530 531/595/531 532/596/532
f 532/596/532 531/595/531 533/597/533
f 532/596/532 533/597/533 534/598/534
f 534/598/534 533/597/533 535/599/535
f 534/598/534 535/599/535 536/600/536
f 536/601/536 535/602/535 537/603/537
f 538/604/538 539/605/539 540/606/540
f 538/604/538 540/606/540 541/607/541
f 541/607/541 540/606/540 542/608/542
f 541/607/541 542/608/542 543/609/543
f 543/609/543 542/608/542 544/610/544
f 543/609/543 544/610/544 545/611/545
f 545/611/545 544/610/544 546/612/546
f 545/611/545 546/612/546 547/613/547
f 548/614/548 528/592/528 527/591/527
f 528/592/528 549/615/549 550/616/550
f 528/592/528 550/616/550 529/593/529
f 529/593/529 550/616/550 551/617/551
f 529/593/529 551/617/551 531/595/531
f 531/595/531 551/617/551 552/618/552
f 531/595/531 552/618/552 533/597/533
f 533/597/533 552/618/552 553/619/553
f 533/597/533 553/619/553 535/599/535
f 535/602/535 553/620/553 554/621/554
f 535/602/535 554/621/554 537/603/537
f 537/603/537 554/621/554 555/622/555
f 537/603/537 555/622/555 556/623/556
f 556/623/556 555/622/555 557/624/557
f 556/623/556 557/624/557 558/625/558
f 558/625/558 557/624/557 559/626/559
f 558/625/558 559/626/559 560/627/560
f 560/627/560 559/626/559 561/628/561
f 560/627/560 561/628/561 548/614/548
f 548/614/548 561/628/561 549/615/549
f 548/614/548 549/615/549 528/592/528
f 562/629/562 563/630/563 564/631/564
f 562/629/562 564/631/564 565/632/565
f 566/633/566 567/634/567 563/630/563
f 566/633/566 563/630/563 562/629/562
f 568/635/568 569/636/569 567/634/567
f 568/635/568 567/634/567 566/633/566
f 570/637/570 571/638/571 569/636/569
f 570/637/570 569/636/569 568/635/568
f 538/604/538 572/639/572 571/640/571
f 538/604/538 571/640/571 570/641/570
f 541/607/541 573/642/573 572/639/572
f 541/607/541 572/639/572 538/604/538
f 543/609/543 574/643/574 573/642/573
f 543/609/543 573/642/573 541/607/541
f 545/611/545 575/644/575 574/643/574
f 545/611/545 574/643/574 543/609/543
f 547/613/547 576/645/576 575/644/575
f 547/613/547 575/644/575 545/611/545
f 565/632/565 564/631/564 576/645/576
f 565/632/565 576/645/576 547/613/547
f 551/617/551 577/646/577 578/647/578
f 551/617/551 578/647/578 552/618/552
f 550/616/550 579/648/579 577/646/577
f 550/616/550 577/646/577 551/617/551
f 549/615/549 580/649/580 579/648/579
f 549/615/549 579/648/579 550/616/550
f 561/628/561 581/650/581 580/649/580
f 561/628/561 580/649/580 549/615/549
f 559/626/559 582/651/582 581/650/581
f 559/626/559 581/650/581 561/628/561
f 557/624/557 583/652/583 582/651/582
f 557/624/557 582/651/582 559/626/559
f 555/622/555 584/653/584 583/652/583
f 555/622/555 583/652/583 557/624/557
f 554/621/554 585/654/585 584/653/584
f 554/621/554 584/653/584 555/622/555
f 553/620/553 586/655/586 585/654/585
f 553/620/553 585/654/585 554/621/554
f 552/618/552 578/647/578 586/656/586
f 552/618/552 586/656/586 553/619/553
f 547/613/547 546/612/546 587/657/587
f 547/613/547 587/657/587 565/632/565
f 565/632/565 587/657/587 588/658/588
f 565/632/565 588/658/588 562/629/562
f 562/629/562 588/658/588 589/659/589
f 566/633/566 590/660/590 591/661/591
f 566/633/566 591/661/591 568/635/568
f 568/635/568 591/661/591 592/662/592
f 568/635/568 592/662/592 570/637/570
f 570/641/570 592/663/592 539/605/539
f 570/641/570 539/605/539 538/604/538
f 593/664/593 594/665/594 276/301/276
f 593/664/593 276/301/276 275/300/275
f 278/303/278 281/306/281 595/666/595
f 278/303/278 595/666/595 596/667/596
f 597/668/597 598/669/598 599/670/599
f 597/668/597 599/670/599 600/671/600
f 601/672/601 602/673/602 603/674/603
f 601/672/601 603/674/603 604/675/604
f 605/676/605 606/677/606 292/317/292
f 605/676/605 292/317/292 291/316/291
f 607/678/607 297/322/297 296/321/296
f 607/678/607 296/321/296 608/679/608
f 609/680/609 610/681/610 611/682/611
f 609/680/609 611/682/611 612/683/612
f 613/684/613 614/685/614 615/686/615
f 613/684/613 615/686/615 616/687/616
f 617/688/617 605/676/605 291/316/291
f 617/688/617 291/316/291 307/332/307
f 618/689/618 619/690/619 620/691/620
f 618/689/618 620/691/620 621/692/621
f 622/693/622 623/694/623 624/695/624
f 622/693/622 624/695/624 625/696/625
f 275/300/275 321/346/321 626/697/626
f 275/300/275 626/697/626 593/664/593
f 596/667/596 627/698/627 322/347/322
f 596/667/596 322/347/322 278/303/278
f 600/671/600 628/699/628 629/700/629
f 600/671/600 629/700/629 597/668/597
f 604/675/604 630/701/630 631/702/631
f 604/675/604 631/702/631 601/672/601
f 321/346/321 329/354/329 632/703/632
f 321/346/321 632/703/632 626/697/626
f 627/698/627 633/704/633 330/355/330
f 627/698/627 330/355/330 322/347/322
f 628/699/628 634/705/634 635/706/635
f 628/699/628 635/706/635 629/700/629
f 630/701/630 636/707/636 637/708/637
f 630/701/630 637/708/637 631/702/631
f 336/361/336 339/364/339 638/709/638
f 336/361/336 638/709/638 639/710/639
f 640/711/640 641/712/641 342/367/342
f 640/711/640 342/367/342 341/366/341
f 642/713/642 643/714/643 644/715/644
f 642/713/642 644/715/644 645/716/645
f 646/717/646 647/718/647 648/719/648
f 646/717/646 648/719/648 649/720/649
f 650/721/650 651/722/651 652/723/652
f 650/721/650 652/723/652 653/724/653
f 620/691/620 619/690/619 654/725/654
f 620/691/620 654/725/654 655/726/655
f 656/727/656 657/728/657 658/729/658
f 656/727/656 658/729/658 659/730/659
f 660/731/660 661/732/661 371/396/371
f 660/731/660 371/396/371 370/395/370
f 662/733/662 663/734/663 664/735/664
f 662/733/662 664/735/664 665/736/665
f 666/737/666 667/738/667 668/739/668
f 666/737/666 668/739/668 669/740/669
f 668/739/668 670/741/670 671/742/671
f 668/739/668 671/742/671 669/740/669
f 672/743/672 673/744/673 674/745/674
f 672/743/672 674/745/674 675/746/675
f 676/747/676 677/748/677 678/749/678
f 679/750/679 680/751/680 681/752/681
f 682/753/682 683/754/683 684/755/684
f 682/753/682 685/756/685 686/757/686
f 316/341/316 683/754/683 687/758/687
f 316/341/316 687/758/687 317/342/317
f 688/759/688 689/760/689 690/761/690
f 677/748/677 676/747/676 691/762/691
f 681/763/681 691/764/691 692/765/692
f 680/751/680 677/748/677 691/762/691
f 680/751/680 691/762/691 681/752/681
f 693/766/693 651/722/651 650/721/650
f 693/766/693 650/721/650 694/767/694
f 661/732/661 695/768/695 404/432/404
f 661/732/661 404/432/404 371/396/371
f 696/769/696 697/770/697 664/735/664
f 696/769/696 664/735/664 663/734/663
f 698/771/698 699/772/699 700/773/700
f 698/771/698 700/773/700 701/774/701
f 698/775/698 663/734/663 662/733/662
f 698/775/698 662/733/662 699/776/699
f 657/728/657 656/727/656 662/733/662
f 657/728/657 662/733/662 665/736/665
f 606/677/606 660/731/660 370/395/370
f 606/677/606 370/395/370 292/317/292
f 701/774/701 700/773/700 702/777/702
f 696/769/696 663/734/663 698/775/698
f 696/769/696 698/775/698 703/778/703
f 704/779/704 701/774/701 702/777/702
f 700/773/700 705/780/705 702/777/702
f 706/781/706 702/777/702 705/780/705
f 706/781/706 705/780/705 707/782/707
f 708/783/708 702/777/702 706/781/706
f 656/784/656 700/773/700 699/772/699
f 700/773/700 656/784/656 659/785/659
f 700/773/700 659/785/659 705/780/705
f 654/786/654 624/695/624 623/694/623
f 654/786/654 623/694/623 655/787/655
f 609/680/609 618/689/618 621/692/621
f 609/680/609 621/692/621 610/681/610
f 607/678/607 617/688/617 307/332/307
f 607/678/607 307/332/307 297/322/297
f 709/788/709 710/789/710 611/682/611
f 709/788/709 611/682/611 610/681/610
f 621/692/621 711/790/711 709/788/709
f 621/692/621 709/788/709 610/681/610
f 620/691/620 658/729/658 711/790/711
f 620/691/620 711/790/711 621/692/621
f 658/729/658 620/691/620 655/726/655
f 658/729/658 655/726/655 659/730/659
f 623/694/623 705/780/705 659/785/659
f 623/694/623 659/785/659 655/787/655
f 707/782/707 705/780/705 623/694/623
f 697/770/697 696/769/696 712/791/712
f 697/770/697 712/791/712 713/792/713
f 404/432/404 695/768/695 714/793/714
f 404/432/404 714/793/714 425/460/425
f 604/675/604 603/674/603 594/665/594
f 604/675/604 594/665/594 593/664/593
f 626/697/626 630/701/630 604/675/604
f 626/697/626 604/675/604 593/664/593
f 632/703/632 636/707/636 630/701/630
f 632/703/632 630/701/630 626/697/626
f 638/709/638 647/718/647 646/717/646
f 638/709/638 646/717/646 639/710/639
f 671/742/671 670/741/670 715/794/715
f 671/742/671 715/794/715 716/795/716
f 717/796/717 431/466/431 430/465/430
f 616/687/616 615/686/615 667/738/667
f 616/687/616 667/738/667 666/737/666
f 600/671/600 599/670/599 602/673/602
f 600/671/600 602/673/602 601/672/601
f 631/702/631 628/699/628 600/671/600
f 631/702/631 600/671/600 601/672/601
f 637/708/637 634/705/634 628/699/628
f 637/708/637 628/699/628 631/702/631
f 648/719/648 643/714/643 642/713/642
f 648/719/648 642/713/642 649/720/649
f 718/797/718 719/798/719 641/712/641
f 718/797/718 641/712/641 640/711/640
f 720/799/720 721/800/721 633/704/633
f 720/799/720 633/704/633 627/698/627
f 722/801/722 720/799/720 627/698/627
f 722/801/722 627/698/627 596/667/596
f 595/666/595 723/802/723 722/801/722
f 595/666/595 722/801/722 596/667/596
f 722/801/722 723/802/723 598/669/598
f 722/801/722 598/669/598 597/668/597
f 629/700/629 720/799/720 722/801/722
f 629/700/629 722/801/722 597/668/597
f 635/706/635 721/800/721 720/799/720
f 635/706/635 720/799/720 629/700/629
f 644/715/644 718/797/718 724/803/724
f 644/715/644 724/803/724 645/716/645
f 651/722/651 702/777/702 708/783/708
f 651/722/651 708/783/708 652/723/652
f 704/779/704 702/777/702 651/722/651
f 704/779/704 651/722/651 693/766/693
f 696/769/696 703/778/703 725/804/725
f 726/805/726 727/806/727 614/685/614
f 726/805/726 614/685/614 613/684/613
f 676/747/676 678/749/678 728/807/728
f 676/747/676 728/807/728 729/808/729
f 652/723/652 730/809/730 731/810/731
f 652/723/652 731/810/731 653/724/653
f 708/783/708 732/811/732 730/809/730
f 708/783/708 730/809/730 652/723/652
f 732/811/732 708/783/708 706/781/706
f 732/811/732 706/781/706 733/812/733
f 733/812/733 706/781/706 707/782/707
f 733/812/733 707/782/707 734/813/734
f 734/813/734 707/782/707 622/693/622
f 730/809/730 732/811/732 735/814/735
f 730/809/730 735/814/735 736/815/736
f 735/814/735 732/811/732 733/812/733
f 735/814/735 733/812/733 734/813/734
f 737/816/737 622/693/622 625/696/625
f 737/816/737 625/696/625 738/817/738
f 727/806/727 739/818/739 740/819/740
f 727/806/727 740/819/740 614/685/614
f 354/379/354 741/820/741 742/821/742
f 695/768/695 697/770/697 713/792/713
f 695/768/695 713/792/713 714/793/714
f 664/735/664 697/770/697 695/768/695
f 664/735/664 695/768/695 661/732/661
f 665/736/665 664/735/664 661/732/661
f 665/736/665 661/732/661 660/731/660
f 657/728/657 665/736/665 660/731/660
f 657/728/657 660/731/660 606/677/606
f 711/790/711 658/729/658 605/676/605
f 711/790/711 605/676/605 617/688/617
f 709/788/709 711/790/711 617/688/617
f 709/788/709 617/688/617 607/678/607
f 709/788/709 607/678/607 608/679/608
f 709/788/709 608/679/608 710/789/710
f 715/794/715 710/789/710 608/679/608
f 715/794/715 608/679/608 717/796/717
f 716/795/716 715/794/715 717/796/717
f 716/795/716 717/796/717 430/465/430
f 605/676/605 658/729/658 657/728/657
f 605/676/605 657/728/657 606/677/606
f 614/685/614 740/819/740 738/817/738
f 614/685/614 738/817/738 615/686/615
f 743/822/743 744/823/744 745/824/745
f 743/822/743 745/824/745 746/825/746
f 747/826/747 672/743/672 748/827/748
f 281/306/281 463/507/463 749/828/749
f 281/306/281 749/828/749 595/666/595
f 750/829/750 742/821/742 741/820/741
f 750/829/750 741/820/741 747/826/747
f 745/824/745 744/823/744 739/818/739
f 745/824/745 739/818/739 751/830/751
f 737/816/737 752/831/752 734/813/734
f 737/816/737 734/813/734 622/693/622
f 752/831/752 753/832/753 735/814/735
f 752/831/752 735/814/735 734/813/734
f 583/652/583 754/833/754 755/834/755
f 583/652/583 755/834/755 582/651/582
f 584/653/584 756/835/756 754/833/754
f 584/653/584 754/833/754 583/652/583
f 585/654/585 757/836/757 756/835/756
f 585/654/585 756/835/756 584/653/584
f 586/655/586 758/837/758 757/836/757
f 586/655/586 757/836/757 585/654/585
f 578/647/578 759/838/759 758/839/758
f 578/647/578 758/839/758 586/656/586
f 577/646/577 760/840/760 759/838/759
f 577/646/577 759/838/759 578/647/578
f 579/648/579 761/841/761 760/840/760
f 579/648/579 760/840/760 577/646/577
f 580/649/580 762/842/762 761/841/761
f 580/649/580 761/841/761 579/648/579
f 581/650/581 763/843/763 762/842/762
f 581/650/581 762/842/762 580/649/580
f 582/651/582 755/834/755 763/843/763
f 582/651/582 763/843/763 581/650/581
f 759/838/759 668/844/668 667/845/667
f 759/838/759 667/845/667 758/839/758
f 760/840/760 612/846/612 764/847/764
f 761/841/761 609/848/609 612/846/612
f 761/841/761 612/846/612 760/840/760
f 762/842/762 618/849/618 609/848/609
f 762/842/762 609/848/609 761/841/761
f 763/843/763 619/850/619 618/849/618
f 763/843/763 618/849/618 762/842/762
f 755/834/755 624/851/624 654/852/654
f 755/834/755 654/852/654 763/843/763
f 754/833/754 625/853/625 624/851/624
f 754/833/754 624/851/624 755/834/755
f 756/835/756 738/854/738 625/853/625
f 756/835/756 625/853/625 754/833/754
f 757/836/757 615/855/615 738/854/738
f 757/836/757 738/854/738 756/835/756
f 758/837/758 667/856/667 615/855/615
f 758/837/758 615/855/615 757/836/757
f 765/857/765 532/596/532 534/598/534
f 765/857/765 534/598/534 766/858/766
f 767/859/767 530/594/530 532/596/532
f 767/859/767 532/596/532 765/857/765
f 768/860/768 527/591/527 530/594/530
f 768/860/768 530/594/530 767/859/767
f 769/861/769 548/614/548 527/591/527
f 769/861/769 527/591/527 768/860/768
f 770/862/770 560/627/560 548/614/548
f 770/862/770 548/614/548 769/861/769
f 771/863/771 558/625/558 560/627/560
f 771/863/771 560/627/560 770/862/770
f 772/864/772 556/623/556 558/625/558
f 772/864/772 558/625/558 771/863/771
f 773/865/773 537/603/537 556/623/556
f 773/865/773 556/623/556 772/864/772
f 774/866/774 536/601/536 537/603/537
f 774/866/774 537/603/537 773/865/773
f 766/858/766 534/598/534 536/600/536
f 766/858/766 536/600/536 774/867/774
f 775/868/775 770/862/770 769/861/769
f 775/868/775 769/861/769 776/869/776
f 777/870/777 771/863/771 770/862/770
f 777/870/777 770/862/770 775/868/775
f 778/871/778 772/864/772 771/863/771
f 778/871/778 771/863/771 777/870/777
f 779/872/779 773/865/773 772/864/772
f 779/872/779 772/864/772 778/871/778
f 780/873/780 774/866/774 773/865/773
f 780/873/780 773/865/773 779/872/779
f 781/874/781 766/858/766 774/867/774
f 781/874/781 774/867/774 780/875/780
f 782/876/782 765/857/765 766/858/766
f 782/876/782 766/858/766 781/874/781
f 783/877/783 767/859/767 784/878/784
f 785/879/785 768/860/768 767/859/767
f 785/879/785 767/859/767 783/877/783
f 776/869/776 769/861/769 768/860/768
f 776/869/776 768/860/768 785/879/785
f 544/610/544 786/880/786 546/612/546
f 542/608/542 787/881/787 786/880/786
f 542/608/542 786/880/786 544/610/544
f 540/606/540 787/881/787 542/608/542
f 788/882/788 779/872/779 778/871/778
f 788/882/788 778/871/778 540/606/540
f 789/883/789 780/873/780 779/872/779
f 789/883/789 779/872/779 788/882/788
f 591/661/591 781/874/781 780/875/780
f 591/661/591 780/875/780 789/884/789
f 590/660/590 782/876/782 781/874/781
f 590/660/590 781/874/781 591/661/591
f 790/885/790 791/886/791 792/887/792
f 790/885/790 792/887/792 793/888/793
f 587/657/587 794/889/794 795/890/795
f 587/657/587 795/890/795 588/658/588
f 546/612/546 794/889/794 587/657/587
f 562/629/562 589/659/589 590/660/590
f 562/629/562 590/660/590 566/633/566
f 784/878/784 782/876/782 590/660/590
f 784/878/784 590/660/590 589/659/589
f 767/859/767 765/857/765 782/876/782
f 767/859/767 782/876/782 784/878/784
f 588/658/588 796/891/796 797/892/797
f 588/658/588 797/892/797 589/659/589
f 589/659/589 793/888/793 792/887/792
f 589/659/589 792/887/792 784/878/784
f 784/878/784 792/887/792 791/886/791
f 784/878/784 791/886/791 783/877/783
f 783/877/783 791/886/791 790/885/790
f 783/877/783 790/885/790 795/890/795
f 795/890/795 790/885/790 796/891/796
f 795/890/795 796/891/796 588/658/588
f 796/891/796 790/885/790 793/888/793
f 796/891/796 793/888/793 797/892/797
f 589/659/589 797/892/797 793/888/793
f 794/889/794 785/879/785 783/877/783
f 794/889/794 783/877/783 795/890/795
f 546/612/546 776/869/776 785/879/785
f 546/612/546 785/879/785 794/889/794
f 591/661/591 789/884/789 592/662/592
f 592/663/592 789/883/789 788/882/788
f 592/663/592 788/882/788 539/605/539
f 539/605/539 788/882/788 540/606/540
f 563/630/563 798/893/798 564/631/564
f 567/634/567 798/893/798 563/630/563
f 569/636/569 798/893/798 567/634/567
f 571/638/571 798/893/798 569/636/569
f 572/639/572 798/894/798 571/640/571
f 573/642/573 798/894/798 572/639/572
f 574/643/574 798/894/798 573/642/573
f 575/644/575 798/894/798 574/643/574
f 576/645/576 798/894/798 575/644/575
f 564/631/564 798/894/798 576/645/576
f 641/712/641 799/895/799 510/572/510
f 641/712/641 510/572/510 342/367/342
f 719/798/719 800/896/800 799/895/799
f 719/798/719 799/895/799 641/712/641
f 801/897/801 800/896/800 719/798/719
f 801/897/801 719/798/719 802/898/802
f 803/899/803 804/900/804 801/897/801
f 803/899/803 801/897/801 802/898/802
f 805/901/805 804/900/804 803/899/803
f 805/901/805 803/899/803 806/902/806
f 807/903/807 808/904/808 805/901/805
f 807/903/807 805/901/805 806/902/806
f 809/905/809 808/904/808 807/903/807
f 809/905/809 807/903/807 810/906/810
f 810/906/810 811/907/811 809/905/809
f 802/898/802 719/798/719 718/797/718
f 802/898/802 718/797/718 644/715/644
f 643/714/643 803/899/803 802/898/802
f 643/714/643 802/898/802 644/715/644
f 806/902/806 803/899/803 643/714/643
f 806/902/806 643/714/643 648/719/648
f 647/718/647 807/903/807 806/902/806
f 647/718/647 806/902/806 648/719/648
f 810/906/810 807/903/807 647/718/647
f 810/906/810 647/718/647 638/709/638
f 339/364/339 523/587/523 810/906/810
f 339/364/339 810/906/810 638/709/638
f 724/803/724 718/797/718 640/711/640
f 724/803/724 640/711/640 812/908/812
f 812/908/812 640/711/640 341/366/341
f 812/908/812 341/366/341 526/590/526
f 813/909/813 726/805/726 723/802/723
f 813/909/813 723/802/723 595/666/595
f 723/802/723 726/805/726 613/684/613
f 723/802/723 613/684/613 598/669/598
f 598/669/598 613/684/613 616/687/616
f 598/669/598 616/687/616 599/670/599
f 599/670/599 616/687/616 666/737/666
f 599/670/599 666/737/666 602/673/602
f 602/673/602 666/737/666 669/740/669
f 602/673/602 669/740/669 603/674/603
f 633/704/633 812/908/812 526/590/526
f 633/704/633 526/590/526 330/355/330
f 721/800/721 724/803/724 812/908/812
f 721/800/721 812/908/812 633/704/633
f 645/716/645 724/803/724 721/800/721
f 645/716/645 721/800/721 635/706/635
f 634/705/634 642/713/642 645/716/645
f 634/705/634 645/716/645 635/706/635
f 649/720/649 642/713/642 634/705/634
f 649/720/649 634/705/634 637/708/637
f 636/707/636 646/717/646 649/720/649
f 636/707/636 649/720/649 637/708/637
f 639/710/639 646/717/646 636/707/636
f 639/710/639 636/707/636 632/703/632
f 329/354/329 336/361/336 639/710/639
f 329/354/329 639/710/639 632/703/632
f 748/827/748 814/910/814 815/911/815
f 748/827/748 815/911/815 746/825/746
f 816/912/816 748/827/748 746/825/746
f 745/824/745 751/830/751 816/912/816
f 817/913/817 816/912/816 751/830/751
f 461/505/461 444/488/444 818/914/818
f 595/666/595 749/828/749 819/915/819
f 463/507/463 441/484/441 440/483/440
f 463/507/463 440/483/440 353/378/353
f 463/507/463 353/378/353 352/377/352
f 820/916/820 749/828/749 352/377/352
f 820/916/820 352/377/352 354/379/354
f 819/915/819 749/828/749 820/916/820
f 749/828/749 463/507/463 352/377/352
f 751/830/751 739/818/739 727/806/727
f 751/830/751 727/806/727 817/913/817
f 748/827/748 672/743/672 675/746/675
f 748/827/748 675/746/675 814/910/814
f 653/724/653 821/917/821 728/807/728
f 653/724/653 728/807/728 678/749/678
f 677/748/677 650/721/650 653/724/653
f 677/748/677 653/724/653 678/749/678
f 694/767/694 650/721/650 677/748/677
f 694/767/694 677/748/677 680/751/680
f 696/769/696 725/804/725 822/918/822
f 696/769/696 822/918/822 712/791/712
f 703/919/703 698/771/698 701/774/701
f 703/919/703 701/774/701 704/779/704
f 725/920/725 703/919/703 704/779/704
f 725/920/725 704/779/704 693/766/693
f 725/920/725 693/766/693 694/767/694
f 822/921/822 725/920/725 694/767/694
f 822/921/822 694/767/694 680/751/680
f 686/757/686 823/922/823 824/923/824
f 686/757/686 824/923/824 682/753/682
f 823/922/823 825/924/825 826/925/826
f 823/922/823 826/925/826 824/923/824
f 391/417/391 390/416/390 827/926/827
f 828/927/828 829/928/829 830/929/830
f 831/930/831 388/413/388 386/415/386
f 403/431/403 832/931/832 831/930/831
f 403/431/403 831/930/831 399/932/399
f 387/425/387 403/431/403 399/932/399
f 386/415/386 399/932/399 831/930/831
f 832/931/832 392/418/392 388/413/388
f 832/931/832 388/413/388 831/930/831
f 392/418/392 391/417/391 389/414/389
f 392/418/392 389/414/389 388/413/388
f 689/760/689 400/428/400 402/430/402
f 689/760/689 402/430/402 833/933/833
f 834/934/834 835/935/835 836/936/836
f 834/934/834 836/936/836 837/937/837
f 676/938/676 838/939/838 692/765/692
f 676/938/676 692/765/692 691/764/691
f 839/940/839 840/941/840 686/757/686
f 692/765/692 838/939/838 841/942/841
f 692/765/692 841/942/841 834/934/834
f 692/765/692 834/934/834 837/937/837
f 681/763/681 692/765/692 837/937/837
f 681/763/681 837/937/837 679/943/679
f 836/936/836 679/943/679 837/937/837
f 393/419/393 392/418/392 829/928/829
f 686/757/686 685/756/685 839/940/839
f 395/421/395 389/414/389 391/417/391
f 395/421/395 391/417/391 827/926/827
f 842/944/842 393/419/393 829/928/829
f 842/944/842 829/928/829 828/927/828
f 842/944/842 316/341/316 390/416/390
f 842/944/842 390/416/390 393/419/393
f 319/344/319 390/416/390 316/341/316
f 401/429/401 829/928/829 392/418/392
f 401/429/401 392/418/392 832/931/832
f 402/430/402 401/429/401 832/931/832
f 402/430/402 832/931/832 403/431/403
f 402/430/402 403/431/403 397/423/397
f 833/933/833 402/430/402 397/423/397
f 833/933/833 397/423/397 396/422/396
f 830/929/830 829/928/829 401/429/401
f 830/929/830 401/429/401 400/428/400
f 689/760/689 830/929/830 400/428/400
f 682/753/682 684/755/684 685/756/685
f 839/940/839 685/756/685 842/944/842
f 839/940/839 842/944/842 828/927/828
f 688/759/688 690/761/690 841/942/841
f 688/759/688 841/942/841 839/940/839
f 834/934/834 841/942/841 690/761/690
f 690/761/690 689/760/689 835/935/835
f 690/761/690 835/935/835 834/934/834
f 682/753/682 824/923/824 683/754/683
f 824/923/824 826/925/826 683/754/683
f 843/945/843 317/342/317 687/758/687
f 843/945/843 687/758/687 844/946/844
f 845/947/845 827/926/827 319/344/319
f 845/947/845 319/344/319 318/343/318
f 827/926/827 390/416/390 319/344/319
f 386/415/386 394/420/394 384/409/384
f 385/410/385 384/409/384 845/947/845
f 845/947/845 394/420/394 395/421/395
f 845/947/845 395/421/395 827/926/827
f 384/409/384 394/420/394 845/947/845
f 843/945/843 846/948/846 318/343/318
f 843/945/843 318/343/318 317/342/317
f 846/948/846 385/410/385 845/947/845
f 846/948/846 845/947/845 318/343/318
f 823/922/823 686/757/686 840/941/840
f 823/922/823 840/941/840 847/949/847
f 847/949/847 825/924/825 823/922/823
f 848/950/848 844/946/844 849/951/849
f 676/938/676 729/952/729 825/924/825
f 729/808/729 728/807/728 850/953/850
f 825/924/825 848/950/848 849/951/849
f 826/925/826 825/924/825 849/951/849
f 687/758/687 826/925/826 849/951/849
f 844/946/844 687/758/687 849/951/849
f 674/954/674 673/955/673 843/945/843
f 674/954/674 843/945/843 844/946/844
f 825/924/825 729/952/729 850/956/850
f 825/924/825 850/956/850 848/950/848
f 850/956/850 844/946/844 848/950/848
f 683/754/683 826/925/826 687/758/687
f 839/940/839 841/942/841 838/939/838
f 839/940/839 838/939/838 840/941/840
f 676/938/676 840/941/840 838/939/838
f 847/949/847 840/941/840 676/938/676
f 676/938/676 825/924/825 847/949/847
f 679/750/679 822/921/822 680/751/680
f 712/791/712 822/918/822 679/957/679
f 713/792/713 712/791/712 679/957/679
f 742/821/742 820/916/820 354/379/354
f 354/379/354 353/378/353 456/500/456
f 354/379/354 456/500/456 455/499/455
f 816/912/816 750/829/750 747/826/747
f 816/912/816 747/826/747 748/827/748
f 817/913/817 851/958/851 750/829/750
f 817/913/817 750/829/750 816/912/816
f 595/666/595 819/915/819 813/909/813
f 851/958/851 820/916/820 742/821/742
f 851/958/851 742/821/742 750/829/750
f 381/406/381 378/403/378 288/313/288
f 288/313/288 277/302/277 428/463/428
f 288/313/288 428/463/428 381/406/381
f 277/302/277 276/301/276 430/465/430
f 277/302/277 430/465/430 428/463/428
f 594/665/594 716/795/716 430/465/430
f 594/665/594 430/465/430 276/301/276
f 603/674/603 671/742/671 716/795/716
f 603/674/603 716/795/716 594/665/594
f 669/740/669 671/742/671 603/674/603
f 429/464/429 431/466/431 296/321/296
f 429/464/429 296/321/296 295/320/295
f 717/796/717 608/679/608 296/321/296
f 717/796/717 296/321/296 431/466/431
f 299/324/299 432/467/432 300/325/300
f 474/519/474 473/518/473 432/525/432
f 474/519/474 432/525/432 299/526/299
f 670/741/670 611/682/611 710/789/710
f 670/741/670 710/789/710 715/794/715
f 764/959/764 611/682/611 670/741/670
f 764/959/764 670/741/670 668/739/668
f 759/838/759 764/847/764 668/844/668
f 612/683/612 611/682/611 764/959/764
f 477/522/477 476/521/476 308/528/308
f 477/522/477 308/528/308 311/529/311
f 763/843/763 654/852/654 619/850/619
f 828/927/828 688/759/688 839/940/839
f 689/760/689 688/759/688 828/927/828
f 689/760/689 828/927/828 830/929/830
f 673/955/673 383/408/383 846/948/846
f 673/955/673 846/948/846 843/945/843
f 383/408/383 385/410/385 846/948/846
f 818/914/818 444/488/444 384/487/384
f 818/914/818 384/487/384 383/960/383
f 850/956/850 674/954/674 844/946/844
f 675/746/675 674/745/674 850/953/850
f 675/746/675 850/953/850 728/807/728
f 814/910/814 675/746/675 728/807/728
f 814/910/814 728/807/728 821/917/821
f 852/961/852 731/810/731 730/809/730
f 852/961/852 730/809/730 736/815/736
f 672/743/672 818/914/818 383/960/383
f 672/743/672 383/960/383 673/744/673
f 741/820/741 461/505/461 818/914/818
f 741/820/741 818/914/818 672/743/672
f 462/506/462 458/502/458 455/499/455
f 462/506/462 455/499/455 853/962/853
f 464/508/464 853/962/853 455/499/455
f 464/508/464 455/499/455 457/501/457
f 741/820/741 458/502/458 462/506/462
f 741/820/741 462/506/462 461/505/461
f 354/379/354 458/502/458 741/820/741
f 445/489/445 462/506/462 853/962/853
f 445/489/445 853/962/853 459/503/459
f 853/962/853 465/509/465 459/503/459
f 464/508/464 466/510/466 465/509/465
f 454/498/454 452/496/452 466/510/466
f 454/498/454 466/510/466 464/508/464
f 467/511/467 466/510/466 312/337/312
f 467/511/467 312/337/312 854/963/854
f 450/494/450 449/493/449 460/504/460
f 460/504/460 451/495/451 450/494/450
f 854/963/854 451/495/451 460/504/460
f 854/963/854 460/504/460 467/511/467
f 448/492/448 451/495/451 854/963/854
f 854/963/854 312/337/312 448/492/448
f 464/508/464 465/509/465 853/962/853
f 741/820/741 672/743/672 747/826/747
f 471/515/471 470/514/470 304/534/304
f 707/782/707 623/694/623 622/693/622
f 852/961/852 753/832/753 855/964/855
f 852/961/852 855/964/855 856/965/856
f 856/965/856 821/917/821 731/810/731
f 752/831/752 855/964/855 753/832/753
f 815/911/815 814/910/814 821/917/821
f 815/911/815 821/917/821 856/965/856
f 753/832/753 852/961/852 736/815/736
f 753/832/753 736/815/736 735/814/735
f 817/913/817 727/806/727 726/805/726
f 817/913/817 726/805/726 813/909/813
f 813/909/813 819/915/819 851/958/851
f 813/909/813 851/958/851 817/913/817
f 819/915/819 820/916/820 851/958/851
f 815/911/815 743/822/743 746/825/746
f 856/965/856 855/964/855 743/822/743
f 856/965/856 743/822/743 815/911/815
f 855/964/855 752/831/752 744/823/744
f 855/964/855 744/823/744 743/822/743
f 740/819/740 737/816/737 738/817/738
f 739/818/739 744/823/744 737/816/737
f 739/818/739 737/816/737 740/819/740
f 653/724/653 731/810/731 821/917/821
f 856/965/856 731/810/731 852/961/852
f 816/912/816 746/825/746 745/824/745
f 737/816/737 744/823/744 752/831/752
f 656/727/656 699/776/699 662/733/662
f 361/452/361 411/439/411 410/438/410
f 406/434/406 413/966/413 408/440/408
f 406/434/406 408/440/408 376/401/376
f 406/434/406 365/967/365 413/966/413
f 406/434/406 366/459/366 365/967/365
f 315/340/315 418/448/418 448/492/448
f 315/340/315 448/492/448 312/337/312
f 420/450/420 417/447/417 412/442/412
f 420/450/420 412/442/412 415/445/415
f 447/491/447 448/492/448 417/447/417
f 447/491/447 417/447/417 420/450/420
f 447/491/447 451/495/451 448/492/448
f 540/606/540 778/871/778 777/870/777
f 540/606/540 777/870/777 787/881/787
f 786/880/786 787/881/787 777/870/777
f 786/880/786 777/870/777 775/868/775
f 546/612/546 786/880/786 775/868/775
f 546/612/546 775/868/775 776/869/776
f 523/587/523 524/588/524 811/907/811
f 523/587/523 811/907/811 810/906/810
f 760/840/760 764/847/764 759/838/759
f 684/755/684 683/754/683 316/341/316
f 685/756/685 684/755/684 316/341/316
f 685/756/685 316/341/316 842/944/842
f 312/337/312 466/510/466 452/496/452
f 857/968/857 858/969/858 859/970/859
f 857/968/857 859/970/859 860/971/860
f 861/972/861 862/973/862 863/974/863
f 861/972/861 863/974/863 864/975/864
f 864/975/864 863/974/863 865/976/865
f 864/975/864 865/976/865 866/977/866
f 867/978/867 868/979/868 869/980/869
f 867/978/867 869/980/869 870/981/870
f 871/982/871 872/983/872 873/984/873
f 871/982/871 873/984/873 874/985/874
f 862/973/862 875/986/875 876/987/876
f 862/973/862 876/987/876 863/974/863
f 865/976/865 863/974/863 876/987/876
f 865/976/865 876/987/876 877/988/877
f 859/970/859 858/969/858 878/989/878
f 859/970/859 878/989/878 879/990/879
f 880/991/880 864/975/864 866/977/866
f 880/991/880 866/977/866 881/992/881
f 882/993/882 864/975/864 880/991/880
f 872/983/872 857/968/857 860/971/860
f 872/983/872 860/971/860 873/984/873
f 873/984/873 860/971/860 874/985/874
f 881/992/881 883/994/883 882/993/882
f 881/992/881 882/993/882 880/991/880
f 882/993/882 861/972/861 864/975/864
f 883/994/883 871/982/871 874/985/874
f 883/994/883 874/985/874 882/993/882
f 874/985/874 860/971/860 861/972/861
f 874/985/874 861/972/861 882/993/882
f 860/971/860 859/970/859 862/973/862
f 860/971/860 862/973/862 861/972/861
f 859/970/859 879/990/879 875/986/875
f 859/970/859 875/986/875 862/973/862
f 877/988/877 876/987/876 869/980/869
f 877/988/877 869/980/869 868/979/868
f 876/987/876 875/986/875 870/981/870
f 876/987/876 870/981/870 869/980/869
f 875/986/875 879/990/879 884/995/884
f 875/986/875 884/995/884 870/981/870
f 879/990/879 878/989/878 885/996/885
f 879/990/879 885/996/885 884/995/884
f 885/996/885 867/978/867 870/981/870
f 885/996/885 870/981/870 884/995/884
f 886/997/886 887/998/887 888/999/888
f 886/997/886 888/999/888 889/1000/889
f 890/1001/890 891/1002/891 892/1003/892
f 890/1001/890 892/1003/892 893/1004/893
f 891/1002/891 894/1005/894 895/1006/895
f 891/1002/891 895/1006/895 892/1003/892
f 896/1007/896 897/1008/897 898/1009/898
f 896/1007/896 898/1009/898 899/1010/899
f 900/1011/900 901/1012/901 902/1013/902
f 900/1011/900 902/1013/902 903/1014/903
f 893/1004/893 892/1003/892 904/1015/904
f 893/1004/893 904/1015/904 905/1016/905
f 895/1006/895 906/1017/906 904/1015/904
f 895/1006/895 904/1015/904 892/1003/892
f 888/999/888 907/1018/907 908/1019/908
f 888/999/888 908/1019/908 889/1000/889
f 909/1020/909 910/1021/910 894/1005/894
f 909/1020/909 894/1005/894 891/1002/891
f 911/1022/911 909/1020/909 891/1002/891
f 903/1014/903 902/1013/902 887/998/887
f 903/1014/903 887/998/887 886/997/886
f 902/1013/902 901/1012/901 887/998/887
f 910/1021/910 909/1020/909 911/1022/911
f 910/1021/910 911/1022/911 912/1023/912
f 911/1022/911 891/1002/891 890/1001/890
f 912/1023/912 911/1022/911 901/1012/901
f 912/1023/912 901/1012/901 900/1011/900
f 901/1012/901 911/1022/911 890/1001/890
f 901/1012/901 890/1001/890 887/998/887
f 887/998/887 890/1001/890 893/1004/893
f 887/998/887 893/1004/893 888/999/888
f 888/999/888 893/1004/893 905/1016/905
f 888/999/888 905/1016/905 907/1018/907
f 906/1017/906 899/1010/899 898/1009/898
f 906/1017/906 898/1009/898 904/1015/904
f 904/1015/904 898/1009/898 897/1008/897
f 904/1015/904 897/1008/897 905/1016/905
f 905/1016/905 897/1008/897 913/1024/913
f 905/1016/905 913/1024/913 907/1018/907
f 907/1018/907 913/1024/913 914/1025/914
f 907/1018/907 914/1025/914 908/1019/908
f 914/1025/914 913/1024/913 897/1008/897
f 914/1025/914 897/1008/897 896/1007/896
f 915/1026/915 916/1027/916 917/1028/917
f 915/1026/915 917/1028/917 918/1029/918
f 919/1030/919 920/1031/920 921/1032/921
f 919/1030/919 921/1032/921 922/1033/922
f 923/1034/923 924/1035/924 925/1036/925
f 925/1036/925 926/1037/926 927/1038/927
f 926/1037/926 928/1039/928 929/1040/929
f 926/1037/926 929/1040/929 927/1038/927
f 928/1039/928 915/1026/915 918/1029/918
f 928/1039/928 918/1029/918 929/1040/929
f 930/1041/930 931/1042/931 932/1043/932
f 931/1042/931 933/1044/933 934/1045/934
f 931/1042/931 934/1045/934 932/1043/932
f 935/1046/935 936/1047/936 937/1048/937
f 935/1046/935 937/1048/937 938/1049/938
f 936/1047/936 939/1050/939 940/1051/940
f 936/1047/936 940/1051/940 937/1048/937
f 939/1050/939 930/1041/930 932/1043/932
f 939/1050/939 932/1043/932 940/1051/940
f 941/1052/941 942/1053/942 939/1050/939
f 941/1052/941 939/1050/939 936/1047/936
f 943/1054/943 944/1055/944 945/1056/945
f 946/1057/946 947/1058/947 943/1054/943
f 946/1057/946 943/1054/943 945/1056/945
f 948/1059/948 949/1060/949 933/1044/933
f 948/1059/948 933/1044/933 931/1042/931
f 950/1061/950 948/1059/948 931/1042/931
f 950/1061/950 931/1042/931 930/1041/930
f 942/1053/942 950/1061/950 930/1041/930
f 942/1053/942 930/1041/930 939/1050/939
f 940/1051/940 932/1043/932 951/1062/951
f 937/1048/937 940/1051/940 951/1062/951
f 938/1049/938 937/1048/937 951/1062/951
f 932/1043/932 934/1045/934 951/1062/951
f 938/1049/938 952/1063/952 935/1046/935
f 953/1064/953 954/1065/954 955/1066/955
f 953/1064/953 955/1066/955 956/1067/956
f 957/1068/957 958/1069/958 946/1057/946
f 957/1068/957 946/1057/946 959/1070/959
f 935/1046/935 952/1063/952 960/1071/960
f 935/1046/935 960/1071/960 961/1072/961
f 961/1072/961 936/1047/936 935/1046/935
f 945/1056/945 936/1047/936 962/1073/962
f 962/1073/962 946/1057/946 945/1056/945
f 959/1070/959 946/1057/946 963/1074/963
f 959/1070/959 963/1074/963 964/1075/964
f 945/1056/945 941/1052/941 936/1047/936
f 945/1056/945 944/1055/944 941/1052/941
f 944/1055/944 929/1040/929 941/1052/941
f 941/1052/941 929/1040/929 942/1053/942
f 929/1040/929 918/1029/918 950/1061/950
f 929/1040/929 950/1061/950 942/1053/942
f 918/1029/918 917/1028/917 948/1059/948
f 918/1029/918 948/1059/948 950/1061/950
f 922/1033/922 921/1032/921 949/1060/949
f 960/1071/960 952/1063/952 965/1076/965
f 916/1077/916 966/1078/966 967/1079/967
f 920/1080/920 919/1081/919 968/1082/968
f 920/1080/920 968/1082/968 969/1083/969
f 924/1084/924 954/1085/954 970/1086/970
f 924/1084/924 970/1086/970 971/1087/971
f 954/1085/954 953/1088/953 972/1089/972
f 954/1085/954 972/1089/972 970/1086/970
f 973/1090/973 974/1091/974 926/1092/926
f 973/1090/973 926/1092/926 924/1084/924
f 928/1093/928 975/1094/975 976/1095/976
f 915/1096/915 977/1097/977 978/1098/978
f 917/1028/917 922/1033/922 949/1060/949
f 917/1028/917 949/1060/949 948/1059/948
f 916/1027/916 919/1030/919 922/1033/922
f 916/1027/916 922/1033/922 917/1028/917
f 968/1082/968 919/1081/919 979/1099/979
f 916/1077/916 915/1096/915 978/1098/978
f 916/1077/916 978/1098/978 966/1078/966
f 979/1099/979 919/1081/919 916/1077/916
f 979/1099/979 916/1077/916 967/1079/967
f 915/1096/915 928/1093/928 980/1100/980
f 915/1096/915 980/1100/980 977/1097/977
f 980/1100/980 928/1093/928 976/1095/976
f 928/1093/928 926/1092/926 974/1091/974
f 928/1093/928 974/1091/974 975/1094/975
f 962/1073/962 936/1047/936 961/1072/961
f 963/1074/963 946/1057/946 962/1073/962
f 946/1057/946 958/1069/958 947/1058/947
f 955/1066/955 954/1065/954 924/1035/924
f 955/1066/955 924/1035/924 923/1034/923
f 960/1071/960 963/1074/963 962/1073/962
f 960/1071/960 962/1073/962 961/1072/961
f 964/1075/964 963/1074/963 960/1071/960
f 964/1075/964 960/1071/960 965/1076/965
f 927/1038/927 929/1040/929 944/1055/944
f 925/1036/925 927/1038/927 944/1055/944
f 925/1036/925 944/1055/944 943/1054/943
f 947/1058/947 923/1034/923 925/1036/925
f 947/1058/947 925/1036/925 943/1054/943
f 958/1069/958 955/1066/955 923/1034/923
f 958/1069/958 923/1034/923 947/1058/947
f 956/1067/956 955/1066/955 958/1069/958
f 956/1067/956 958/1069/958 957/1068/957
f 924/1035/924 926/1037/926 925/1036/925
f 973/1090/973 924/1084/924 971/1087/971
f 981/1101/981 982/1102/982 983/1103/983
f 981/1101/981 983/1103/983 984/1104/984
f 985/1105/985 986/1106/986 921/1032/921
f 985/1105/985 921/1032/921 920/1031/920
f 987/1107/987 988/1108/988 989/1109/989
f 988/1108/988 990/1110/990 991/1111/991
f 991/1111/991 990/1110/990 992/1112/992
f 991/1111/991 992/1112/992 993/1113/993
f 993/1113/993 992/1112/992 982/1102/982
f 993/1113/993 982/1102/982 981/1101/981
f 994/1114/994 995/1115/995 996/1116/996
f 996/1116/996 995/1115/995 934/1045/934
f 996/1116/996 934/1045/934 933/1044/933
f 997/1117/997 938/1049/938 998/1118/998
f 997/1117/997 998/1118/998 999/1119/999
f 999/1119/999 998/1118/998 1000/1120/1000
f 999/1119/999 1000/1120/1000 1001/1121/1001
f 1001/1121/1001 1000/1120/1000 995/1115/995
f 1001/1121/1001 995/1115/995 994/1114/994
f 1002/1122/1002 999/1119/999 1001/1121/1001
f 1002/1122/1002 1001/1121/1001 1003/1123/1003
f 1004/1124/1004 1005/1125/1005 1006/1126/1006
f 1007/1127/1007 1005/1125/1005 1004/1124/1004
f 1007/1127/1007 1004/1124/1004 1008/1128/1008
f 1009/1129/1009 996/1116/996 933/1044/933
f 1009/1129/1009 933/1044/933 949/1060/949
f 1010/1130/1010 994/1114/994 996/1116/996
f 1010/1130/1010 996/1116/996 1009/1129/1009
f 1003/1123/1003 1001/1121/1001 994/1114/994
f 1003/1123/1003 994/1114/994 1010/1130/1010
f 1000/1120/1000 951/1062/951 995/1115/995
f 998/1118/998 951/1062/951 1000/1120/1000
f 938/1049/938 951/1062/951 998/1118/998
f 995/1115/995 951/1062/951 934/1045/934
f 938/1049/938 997/1117/997 952/1063/952
f 953/1064/953 956/1067/956 1011/1131/1011
f 953/1064/953 1011/1131/1011 1012/1132/1012
f 957/1068/957 959/1070/959 1007/1127/1007
f 957/1068/957 1007/1127/1007 1013/1133/1013
f 997/1117/997 1014/1134/1014 1015/1135/1015
f 997/1117/997 1015/1135/1015 952/1063/952
f 1014/1134/1014 997/1117/997 999/1119/999
f 1005/1125/1005 1016/1136/1016 999/1119/999
f 1016/1136/1016 1005/1125/1005 1007/1127/1007
f 959/1070/959 964/1075/964 1017/1137/1017
f 959/1070/959 1017/1137/1017 1007/1127/1007
f 1005/1125/1005 999/1119/999 1002/1122/1002
f 1005/1125/1005 1002/1122/1002 1006/1126/1006
f 1006/1126/1006 1002/1122/1002 992/1112/992
f 1002/1122/1002 1003/1123/1003 992/1112/992
f 992/1112/992 1003/1123/1003 1010/1130/1010
f 992/1112/992 1010/1130/1010 982/1102/982
f 982/1102/982 1010/1130/1010 1009/1129/1009
f 982/1102/982 1009/1129/1009 983/1103/983
f 986/1106/986 949/1060/949 921/1032/921
f 1015/1135/1015 965/1076/965 952/1063/952
f 984/1138/984 1018/1139/1018 1019/1140/1019
f 920/1080/920 969/1083/969 1020/1141/1020
f 920/1080/920 1020/1141/1020 985/1142/985
f 989/1143/989 1021/1144/1021 1022/1145/1022
f 989/1143/989 1022/1145/1022 1012/1146/1012
f 1012/1146/1012 1022/1145/1022 972/1089/972
f 1012/1146/1012 972/1089/972 953/1088/953
f 1023/1147/1023 989/1143/989 991/1148/991
f 1023/1147/1023 991/1148/991 1024/1149/1024
f 993/1150/993 1025/1151/1025 1026/1152/1026
f 981/1153/981 1027/1154/1027 1028/1155/1028
f 983/1103/983 1009/1129/1009 949/1060/949
f 983/1103/983 949/1060/949 986/1106/986
f 984/1104/984 983/1103/983 986/1106/986
f 984/1104/984 986/1106/986 985/1105/985
f 1020/1141/1020 1029/1156/1029 985/1142/985
f 984/1138/984 1019/1140/1019 1027/1154/1027
f 984/1138/984 1027/1154/1027 981/1153/981
f 1029/1156/1029 1018/1139/1018 984/1138/984
f 1029/1156/1029 984/1138/984 985/1142/985
f 981/1153/981 1028/1155/1028 1030/1157/1030
f 981/1153/981 1030/1157/1030 993/1150/993
f 1030/1157/1030 1025/1151/1025 993/1150/993
f 993/1150/993 1026/1152/1026 1024/1149/1024
f 993/1150/993 1024/1149/1024 991/1148/991
f 1016/1136/1016 1014/1134/1014 999/1119/999
f 1017/1137/1017 1016/1136/1016 1007/1127/1007
f 1007/1127/1007 1008/1128/1008 1013/1133/1013
f 1011/1131/1011 987/1107/987 989/1109/989
f 1011/1131/1011 989/1109/989 1012/1132/1012
f 1015/1135/1015 1014/1134/1014 1016/1136/1016
f 1015/1135/1015 1016/1136/1016 1017/1137/1017
f 964/1075/964 965/1076/965 1015/1135/1015
f 964/1075/964 1015/1135/1015 1017/1137/1017
f 990/1110/990 1006/1126/1006 992/1112/992
f 988/1108/988 1004/1124/1004 1006/1126/1006
f 988/1108/988 1006/1126/1006 990/1110/990
f 1008/1128/1008 1004/1124/1004 988/1108/988
f 1008/1128/1008 988/1108/988 987/1107/987
f 1013/1133/1013 1008/1128/1008 987/1107/987
f 1013/1133/1013 987/1107/987 1011/1131/1011
f 956/1067/956 957/1068/957 1013/1133/1013
f 956/1067/956 1013/1133/1013 1011/1131/1011
f 989/1109/989 988/1108/988 991/1111/991
f 1023/1147/1023 1021/1144/1021 989/1143/989
f 1031/1158/1031 1034/1159/1032 1033/1160/1033
f 1031/1158/1031 1033/1160/1033 1032/1161/1034
f 1035/1162/1035 1038/1163/1036 1037/1164/1037
f 1035/1162/1035 1037/1164/1037 1036/1165/1038
f 1039/1166/1039 1040/1167/1040 1036/1165/1038
f 1039/1166/1039 1036/1165/1038 1037/1164/1037
f 1041/1168/1041 1042/1169/1042 1034/1159/1032
f 1041/1168/1041 1034/1159/1032 1031/1158/1031
f 1043/1170/1043 1044/1171/1044 1040/1167/1040
f 1043/1170/1043 1040/1167/1040 1039/1166/1039
f 1042/1172/1042 1041/1173/1041 1046/1174/1045
f 1042/1172/1042 1046/1174/1045 1045/1175/1046
f 1032/1161/1034 1033/1160/1033 1044/1171/1044
f 1032/1161/1034 1044/1171/1044 1043/1170/1043
f 1045/1175/1046 1046/1174/1045 1047/1176/1047
f 1045/1175/1046 1047/1176/1047 1035/1162/1035
f 1041/1173/1041 1049/1177/1048 1048/1178/1049
f 1041/1173/1041 1048/1178/1049 1046/1174/1045
f 1046/1174/1045 1048/1178/1049 1050/1179/1050
f 1046/1174/1045 1050/1179/1050 1047/1176/1047
f 1038/1163/1036 1051/1180/1051 1037/1164/1037
f 1037/1164/1037 1051/1180/1051 1052/1181/1052
f 1037/1164/1037 1052/1181/1052 1039/1166/1039
f 1039/1166/1039 1052/1181/1052 1053/1182/1053
f 1039/1166/1039 1053/1182/1053 1043/1170/1043
f 1043/1170/1043 1053/1182/1053 1054/1183/1054
f 1043/1170/1043 1054/1183/1054 1032/1161/1034
f 1032/1161/1034 1054/1183/1054 1055/1184/1055
f 1032/1161/1034 1055/1184/1055 1031/1158/1031
f 1031/1158/1031 1055/1184/1055 1056/1185/1056
f 1031/1158/1031 1056/1185/1056 1041/1168/1041
f 1049/1177/1048 1058/1186/1057 1057/1187/1058
f 1049/1177/1048 1057/1187/1058 1048/1178/1049
f 1048/1178/1049 1057/1187/1058 1059/1188/1059
f 1048/1178/1049 1059/1188/1059 1050/1179/1050
f 1060/1189/1060 1062/1190/1061 1061/1191/1062
f 1063/1192/1063 1066/1193/1064 1065/1194/1065
f 1063/1192/1063 1065/1194/1065 1064/1195/1066
f 1067/1196/1067 1070/1197/1068 1069/1198/1069
f 1067/1196/1067 1069/1198/1069 1068/1199/1070
f 1071/1200/1071 1073/1201/1072 1072/1202/1073
f 1054/1183/1054 1072/1202/1073 1074/1203/1074
f 1054/1183/1054 1074/1203/1074 1055/1184/1055
f 1055/1184/1055 1076/1204/1075 1075/1205/1076
f 1055/1184/1055 1075/1205/1076 1056/1185/1056
f 1056/1185/1056 1075/1205/1076 1077/1206/1077
f 1078/1207/1078 1081/1208/1079 1080/1209/1080
f 1078/1207/1078 1080/1209/1080 1079/1210/1081
f 1074/1203/1074 1076/1204/1075 1055/1184/1055
f 1050/1179/1050 1059/1188/1059 1061/1191/1062
f 1050/1179/1050 1061/1191/1062 1051/1180/1051
f 1051/1180/1051 1061/1191/1062 1064/1195/1066
f 1051/1180/1051 1064/1195/1066 1052/1181/1052
f 1082/1211/1082 1084/1212/1083 1083/1213/1084
f 1085/1214/1085 1088/1215/1086 1087/1216/1087
f 1085/1214/1085 1087/1216/1087 1086/1217/1088
f 1089/1218/1089 1092/1219/1090 1091/1220/1091
f 1089/1218/1089 1091/1220/1091 1090/1221/1092
f 1076/1204/1075 1093/1222/1093 1089/1218/1089
f 1076/1204/1075 1089/1218/1089 1075/1205/1076
f 1094/1223/1094 1093/1222/1093 1076/1204/1075
f 1094/1223/1094 1076/1204/1075 1074/1203/1074
f 1072/1202/1073 1073/1201/1072 1094/1223/1094
f 1072/1202/1073 1094/1223/1094 1074/1203/1074
f 1095/1224/1095 1090/1221/1092 1091/1220/1091
f 1095/1224/1095 1091/1220/1091 1096/1225/1096
f 1071/1200/1071 1097/1226/1097 1091/1227/1091
f 1091/1227/1091 1099/1228/1098 1098/1229/1099
f 1100/1230/1100 1101/1231/1101 1085/1214/1085
f 1100/1230/1100 1085/1214/1085 1086/1217/1088
f 1084/1212/1083 1103/1232/1102 1102/1233/1103
f 1084/1212/1083 1102/1233/1103 1083/1213/1084
f 1060/1189/1060 1105/1234/1104 1104/1235/1105
f 1060/1189/1060 1104/1235/1105 1062/1190/1061
f 1106/1236/1106 1107/1237/1107 1066/1193/1064
f 1068/1199/1070 1109/1238/1108 1108/1239/1109
f 1068/1199/1070 1108/1239/1109 1067/1196/1067
f 1067/1196/1067 1097/1226/1097 1071/1200/1071
f 1067/1196/1067 1071/1200/1071 1070/1197/1068
f 1071/1200/1071 1072/1202/1073 1070/1197/1068
f 1088/1215/1086 1085/1214/1085 1084/1212/1083
f 1088/1215/1086 1084/1212/1083 1082/1211/1082
f 1110/1240/1110 1113/1241/1111 1112/1242/1112
f 1110/1240/1110 1112/1242/1112 1111/1243/1113
f 1063/1192/1063 1115/1244/1114 1114/1245/1115
f 1056/1246/1056 1077/1247/1077 1058/1186/1057
f 1056/1246/1056 1058/1186/1057 1049/1177/1048
f 1041/1173/1041 1056/1246/1056 1049/1177/1048
f 1097/1226/1097 1099/1228/1098 1091/1227/1091
f 1067/1196/1067 1108/1239/1109 1116/1248/1116
f 1067/1196/1067 1116/1248/1116 1097/1226/1097
f 1071/1200/1071 1091/1227/1091 1092/1249/1090
f 1094/1223/1094 1118/1250/1117 1117/1251/1118
f 1094/1223/1094 1117/1251/1118 1093/1222/1093
f 1093/1222/1093 1117/1251/1118 1119/1252/1119
f 1093/1222/1093 1119/1252/1119 1089/1218/1089
f 1089/1218/1089 1119/1252/1119 1120/1253/1120
f 1089/1218/1089 1120/1253/1120 1092/1219/1090
f 1092/1249/1090 1120/1254/1120 1121/1255/1121
f 1092/1249/1090 1121/1255/1121 1071/1200/1071
f 1071/1200/1071 1121/1255/1121 1122/1256/1122
f 1071/1200/1071 1122/1256/1122 1073/1201/1072
f 1073/1201/1072 1122/1256/1122 1118/1250/1117
f 1073/1201/1072 1118/1250/1117 1094/1223/1094
f 1118/1250/1117 1124/1257/1123 1123/1258/1124
f 1118/1250/1117 1123/1258/1124 1117/1251/1118
f 1117/1251/1118 1123/1258/1124 1119/1252/1119
f 1119/1252/1119 1126/1259/1125 1125/1260/1126
f 1119/1252/1119 1125/1260/1126 1120/1253/1120
f 1120/1254/1120 1127/1261/1127 1121/1255/1121
f 1121/1255/1121 1127/1261/1127 1128/1262/1128
f 1121/1255/1121 1128/1262/1128 1122/1256/1122
f 1122/1256/1122 1128/1262/1128 1124/1257/1123
f 1122/1256/1122 1124/1257/1123 1118/1250/1117
f 1123/1258/1124 1129/1263/1129 1126/1259/1125
f 1123/1258/1124 1126/1259/1125 1119/1252/1119
f 1124/1257/1123 1130/1264/1130 1129/1263/1129
f 1124/1257/1123 1129/1263/1129 1123/1258/1124
f 1128/1262/1128 1131/1265/1131 1130/1264/1130
f 1128/1262/1128 1130/1264/1130 1124/1257/1123
f 1132/1266/1132 1126/1259/1125 1129/1263/1129
f 1130/1264/1130 1078/1207/1078 1079/1210/1081
f 1130/1264/1130 1079/1210/1081 1129/1263/1129
f 1129/1263/1129 1079/1210/1081 1080/1209/1080
f 1129/1263/1129 1080/1209/1080 1132/1266/1132
f 1133/1267/1133 1134/1268/1134 1081/1269/1079
f 1133/1267/1133 1081/1269/1079 1131/1265/1131
f 1131/1265/1131 1081/1269/1079 1078/1207/1078
f 1131/1265/1131 1078/1207/1078 1130/1264/1130
f 1135/1270/1135 1134/1268/1134 1133/1267/1133
f 1135/1271/1135 1125/1260/1126 1132/1266/1132
f 1125/1260/1126 1126/1259/1125 1132/1266/1132
f 1080/1209/1080 1134/1272/1134 1135/1271/1135
f 1080/1209/1080 1135/1271/1135 1132/1266/1132
f 1081/1208/1079 1134/1272/1134 1080/1209/1080
f 1127/1261/1127 1133/1267/1133 1131/1265/1131
f 1127/1261/1127 1131/1265/1131 1128/1262/1128
f 1127/1261/1127 1135/1270/1135 1133/1267/1133
f 1120/1254/1120 1125/1273/1126 1135/1270/1135
f 1120/1254/1120 1135/1270/1135 1127/1261/1127
f 1101/1231/1101 1103/1232/1102 1084/1212/1083
f 1101/1231/1101 1084/1212/1083 1085/1214/1085
f 1136/1274/1136 1139/1275/1137 1138/1276/1138
f 1136/1274/1136 1138/1276/1138 1137/1277/1139
f 1116/1248/1116 1141/1278/1140 1140/1279/1141
f 1140/1279/1141 1144/1280/1142 1143/1281/1143
f 1140/1279/1141 1143/1281/1143 1142/1282/1144
f 1142/1283/1144 1145/1284/1145 1107/1237/1107
f 1109/1238/1108 1147/1285/1146 1146/1286/1147
f 1109/1238/1108 1146/1286/1147 1108/1239/1109
f 1108/1239/1109 1146/1286/1147 1141/1278/1140
f 1108/1239/1109 1141/1278/1140 1116/1248/1116
f 1098/1287/1099 1142/1288/1144 1100/1230/1100
f 1098/1287/1099 1100/1230/1100 1086/1217/1088
f 1095/1289/1095 1096/1290/1096 1087/1216/1087
f 1077/1247/1077 1095/1289/1095 1087/1216/1087
f 1088/1215/1086 1058/1186/1057 1077/1247/1077
f 1088/1215/1086 1077/1247/1077 1087/1216/1087
f 1058/1186/1057 1088/1215/1086 1082/1211/1082
f 1058/1186/1057 1082/1211/1082 1057/1187/1058
f 1057/1187/1058 1082/1211/1082 1083/1213/1084
f 1057/1187/1058 1083/1213/1084 1059/1188/1059
f 1075/1205/1076 1089/1218/1089 1090/1221/1092
f 1095/1224/1095 1077/1206/1077 1075/1205/1076
f 1095/1224/1095 1075/1205/1076 1090/1221/1092
f 1148/1291/1148 1149/1292/1149 1144/1280/1142
f 1144/1280/1142 1151/1293/1150 1150/1294/1151
f 1144/1280/1142 1150/1294/1151 1143/1281/1143
f 1143/1281/1143 1153/1295/1152 1152/1296/1153
f 1154/1297/1154 1157/1298/1155 1156/1299/1156
f 1154/1297/1154 1156/1299/1156 1155/1300/1157
f 1155/1300/1157 1156/1299/1156 1149/1292/1149
f 1155/1300/1157 1149/1292/1149 1148/1291/1148
f 1149/1292/1149 1158/1301/1158 1151/1293/1150
f 1149/1292/1149 1151/1293/1150 1144/1280/1142
f 1156/1299/1156 1159/1302/1159 1158/1301/1158
f 1156/1299/1156 1158/1301/1158 1149/1292/1149
f 1157/1298/1155 1160/1303/1160 1159/1302/1159
f 1157/1298/1155 1159/1302/1159 1156/1299/1156
f 1143/1281/1143 1150/1294/1151 1161/1304/1161
f 1143/1281/1143 1161/1304/1161 1153/1295/1152
f 1141/1278/1140 1148/1291/1148 1144/1280/1142
f 1141/1278/1140 1144/1280/1142 1140/1279/1141
f 1146/1286/1147 1155/1300/1157 1148/1291/1148
f 1146/1286/1147 1148/1291/1148 1141/1278/1140
f 1147/1285/1146 1154/1297/1154 1155/1300/1157
f 1147/1285/1146 1155/1300/1157 1146/1286/1147
f 1142/1282/1144 1143/1281/1143 1152/1296/1153
f 1142/1282/1144 1152/1296/1153 1145/1305/1145
f 1162/1306/1162 1163/1307/1163 1150/1294/1151
f 1150/1294/1151 1163/1307/1163 1165/1308/1164
f 1150/1294/1151 1165/1308/1164 1164/1309/1165
f 1166/1310/1166 1169/1311/1167 1168/1312/1168
f 1166/1310/1166 1168/1312/1168 1167/1313/1169
f 1167/1313/1169 1168/1312/1168 1171/1314/1170
f 1167/1313/1169 1171/1314/1170 1170/1315/1171
f 1172/1316/1172 1163/1307/1163 1162/1306/1162
f 1172/1316/1172 1162/1306/1162 1151/1293/1150
f 1151/1293/1150 1162/1306/1162 1150/1294/1151
f 1172/1316/1172 1174/1317/1173 1173/1318/1174
f 1172/1316/1172 1173/1318/1174 1163/1319/1163
f 1163/1307/1163 1173/1320/1174 1165/1308/1164
f 1165/1321/1164 1173/1318/1174 1169/1311/1167
f 1168/1312/1168 1174/1317/1173 1171/1314/1170
f 1172/1316/1172 1151/1293/1150 1170/1315/1171
f 1172/1316/1172 1170/1315/1171 1171/1314/1170
f 1174/1317/1173 1172/1316/1172 1171/1314/1170
f 1158/1301/1158 1170/1315/1171 1151/1293/1150
f 1159/1302/1159 1167/1313/1169 1170/1315/1171
f 1159/1302/1159 1170/1315/1171 1158/1301/1158
f 1160/1303/1160 1166/1310/1166 1167/1313/1169
f 1160/1303/1160 1167/1313/1169 1159/1302/1159
f 1150/1294/1151 1164/1309/1165 1161/1304/1161
f 1107/1237/1107 1175/1322/1175 1142/1283/1144
f 1142/1288/1144 1177/1323/1176 1176/1324/1177
f 1142/1288/1144 1176/1324/1177 1100/1230/1100
f 1100/1325/1100 1178/1326/1178 1114/1245/1115
f 1106/1236/1106 1179/1327/1179 1175/1322/1175
f 1106/1236/1106 1175/1322/1175 1107/1237/1107
f 1180/1328/1180 1181/1329/1181 1177/1330/1176
f 1177/1323/1176 1183/1331/1182 1182/1332/1183
f 1177/1323/1176 1182/1332/1183 1176/1324/1177
f 1176/1333/1177 1185/1334/1184 1184/1335/1185
f 1186/1336/1186 1187/1337/1187 1181/1329/1181
f 1186/1336/1186 1181/1329/1181 1180/1328/1180
f 1188/1338/1188 1189/1339/1189 1183/1340/1182
f 1183/1331/1182 1191/1341/1190 1190/1342/1191
f 1182/1343/1183 1193/1344/1192 1192/1345/1193
f 1194/1346/1194 1195/1347/1195 1189/1339/1189
f 1194/1346/1194 1189/1339/1189 1188/1338/1188
f 1196/1348/1196 1198/1349/1197 1197/1350/1198
f 1196/1348/1196 1197/1350/1198 1191/1351/1190
f 1199/1352/1199 1202/1353/1200 1201/1354/1201
f 1199/1352/1199 1201/1354/1201 1200/1355/1202
f 1203/1356/1203 1200/1355/1202 1201/1354/1201
f 1203/1356/1203 1201/1354/1201 1204/1357/1204
f 1205/1358/1205 1202/1353/1200 1198/1349/1197
f 1205/1358/1205 1198/1349/1197 1196/1348/1196
f 1189/1339/1189 1196/1348/1196 1191/1351/1190
f 1189/1339/1189 1191/1351/1190 1183/1340/1182
f 1195/1347/1195 1205/1358/1205 1196/1348/1196
f 1195/1347/1195 1196/1348/1196 1189/1339/1189
f 1182/1343/1183 1203/1356/1203 1204/1357/1204
f 1182/1343/1183 1204/1357/1204 1193/1344/1192
f 1206/1359/1206 1200/1360/1202 1203/1361/1203
f 1181/1329/1181 1188/1338/1188 1183/1340/1182
f 1181/1329/1181 1183/1340/1182 1177/1330/1176
f 1187/1337/1187 1194/1346/1194 1188/1338/1188
f 1187/1337/1187 1188/1338/1188 1181/1329/1181
f 1176/1333/1177 1182/1343/1183 1192/1345/1193
f 1176/1333/1177 1192/1345/1193 1185/1334/1184
f 1114/1245/1115 1207/1362/1207 1100/1325/1100
f 1100/1230/1100 1209/1363/1208 1208/1364/1209
f 1100/1230/1100 1208/1364/1209 1101/1231/1101
f 1101/1365/1101 1210/1366/1210 1104/1235/1105
f 1115/1244/1114 1211/1367/1211 1207/1362/1207
f 1115/1244/1114 1207/1362/1207 1114/1245/1115
f 1212/1368/1212 1214/1369/1213 1213/1370/1214
f 1212/1368/1212 1213/1370/1214 1209/1371/1208
f 1209/1363/1208 1213/1372/1214 1215/1373/1215
f 1209/1363/1208 1215/1373/1215 1208/1364/1209
f 1208/1374/1209 1215/1375/1215 1217/1376/1216
f 1208/1374/1209 1217/1376/1216 1216/1377/1217
f 1218/1378/1218 1219/1379/1219 1214/1369/1213
f 1218/1378/1218 1214/1369/1213 1212/1368/1212
f 1208/1374/1209 1216/1377/1217 1220/1380/1220
f 1221/1381/1221 1218/1378/1218 1212/1368/1212
f 1221/1381/1221 1212/1368/1212 1222/1382/1222
f 1222/1382/1222 1212/1368/1212 1209/1371/1208
f 1223/1383/1223 1226/1384/1224 1225/1385/1225
f 1223/1383/1223 1225/1385/1225 1224/1386/1226
f 1213/1372/1214 1227/1387/1227 1215/1373/1215
f 1215/1375/1215 1230/1388/1228 1229/1389/1229
f 1215/1375/1215 1229/1389/1229 1228/1390/1230
f 1231/1391/1231 1233/1392/1232 1223/1383/1223
f 1231/1391/1231 1223/1383/1223 1232/1393/1233
f 1214/1369/1213 1232/1393/1233 1213/1370/1214
f 1219/1379/1219 1231/1391/1231 1232/1393/1233
f 1219/1379/1219 1232/1393/1233 1214/1369/1213
f 1215/1375/1215 1228/1390/1230 1217/1376/1216
f 1225/1394/1225 1111/1395/1113 1227/1387/1227
f 1225/1394/1225 1227/1387/1227 1224/1396/1226
f 1232/1393/1233 1223/1383/1223 1224/1386/1226
f 1232/1393/1233 1224/1386/1226 1213/1370/1214
f 1230/1388/1228 1112/1242/1112 1113/1241/1111
f 1230/1388/1228 1113/1241/1111 1229/1389/1229
f 1233/1392/1232 1229/1389/1229 1113/1241/1111
f 1233/1392/1232 1113/1241/1111 1110/1240/1110
f 1104/1235/1105 1234/1397/1234 1101/1365/1101
f 1101/1231/1101 1236/1398/1235 1235/1399/1236
f 1101/1231/1101 1235/1399/1236 1103/1232/1102
f 1103/1232/1102 1237/1400/1237 1102/1233/1103
f 1105/1234/1104 1238/1401/1238 1234/1397/1234
f 1105/1234/1104 1234/1397/1234 1104/1235/1105
f 1239/1402/1239 1241/1403/1240 1240/1404/1241
f 1239/1402/1239 1240/1404/1241 1236/1405/1235
f 1236/1398/1235 1240/1406/1241 1242/1407/1242
f 1236/1398/1235 1242/1407/1242 1235/1399/1236
f 1235/1399/1236 1242/1407/1242 1244/1408/1243
f 1235/1399/1236 1244/1408/1243 1243/1409/1244
f 1245/1410/1245 1246/1411/1246 1241/1403/1240
f 1245/1410/1245 1241/1403/1240 1239/1402/1239
f 1235/1399/1236 1243/1409/1244 1247/1412/1247
f 1248/1413/1248 1245/1410/1245 1239/1402/1239
f 1248/1413/1248 1239/1402/1239 1249/1414/1249
f 1249/1414/1249 1239/1402/1239 1236/1405/1235
f 1099/1228/1098 1140/1279/1141 1142/1282/1144
f 1099/1228/1098 1142/1282/1144 1098/1229/1099
f 1097/1226/1097 1116/1248/1116 1140/1279/1141
f 1097/1226/1097 1140/1279/1141 1099/1228/1098
f 1096/1290/1096 1098/1287/1099 1086/1217/1088
f 1096/1290/1096 1086/1217/1088 1087/1216/1087
f 1091/1227/1091 1098/1229/1099 1096/1415/1096
f 1250/1416/1250 1252/1417/1251 1251/1418/1252
f 1250/1416/1250 1251/1418/1252 1240/1404/1241
f 1240/1406/1241 1253/1419/1253 1242/1407/1242
f 1242/1407/1242 1256/1420/1254 1255/1421/1255
f 1242/1407/1242 1255/1421/1255 1254/1422/1256
f 1257/1423/1257 1258/1424/1258 1252/1417/1251
f 1257/1423/1257 1252/1417/1251 1250/1416/1250
f 1252/1417/1251 1136/1274/1136 1137/1277/1139
f 1252/1417/1251 1137/1277/1139 1251/1418/1252
f 1251/1425/1252 1137/1277/1139 1138/1276/1138
f 1251/1425/1252 1138/1276/1138 1253/1419/1253
f 1256/1420/1254 1260/1426/1259 1259/1427/1260
f 1256/1420/1254 1259/1427/1260 1255/1421/1255
f 1136/1274/1136 1252/1417/1251 1258/1424/1258
f 1136/1274/1136 1258/1424/1258 1139/1275/1137
f 1175/1322/1175 1180/1328/1180 1177/1330/1176
f 1175/1322/1175 1177/1330/1176 1142/1283/1144
f 1179/1327/1179 1186/1336/1186 1180/1328/1180
f 1179/1327/1179 1180/1328/1180 1175/1322/1175
f 1100/1325/1100 1176/1333/1177 1184/1335/1185
f 1100/1325/1100 1184/1335/1185 1178/1326/1178
f 1207/1362/1207 1222/1382/1222 1209/1371/1208
f 1207/1362/1207 1209/1371/1208 1100/1325/1100
f 1211/1367/1211 1221/1381/1221 1222/1382/1222
f 1211/1367/1211 1222/1382/1222 1207/1362/1207
f 1101/1365/1101 1208/1374/1209 1220/1380/1220
f 1101/1365/1101 1220/1380/1220 1210/1366/1210
f 1234/1397/1234 1249/1414/1249 1236/1405/1235
f 1234/1397/1234 1236/1405/1235 1101/1365/1101
f 1238/1401/1238 1248/1413/1248 1249/1414/1249
f 1238/1401/1238 1249/1414/1249 1234/1397/1234
f 1103/1232/1102 1235/1399/1236 1247/1412/1247
f 1103/1232/1102 1247/1412/1247 1237/1400/1237
f 1204/1357/1204 1201/1354/1201 1202/1353/1200
f 1204/1357/1204 1202/1353/1200 1205/1358/1205
f 1193/1344/1192 1204/1357/1204 1205/1358/1205
f 1193/1344/1192 1205/1358/1205 1195/1347/1195
f 1192/1345/1193 1193/1344/1192 1195/1347/1195
f 1192/1345/1193 1195/1347/1195 1194/1346/1194
f 1185/1334/1184 1192/1345/1193 1194/1346/1194
f 1185/1334/1184 1194/1346/1194 1187/1337/1187
f 1184/1335/1185 1185/1334/1184 1187/1337/1187
f 1184/1335/1185 1187/1337/1187 1186/1336/1186
f 1178/1326/1178 1184/1335/1185 1186/1336/1186
f 1178/1326/1178 1186/1336/1186 1179/1327/1179
f 1114/1245/1115 1178/1326/1178 1179/1327/1179
f 1114/1245/1115 1179/1327/1179 1106/1236/1106
f 1063/1192/1063 1114/1245/1115 1106/1236/1106
f 1063/1192/1063 1106/1236/1106 1066/1193/1064
f 1206/1359/1206 1203/1361/1203 1190/1342/1191
f 1191/1341/1190 1197/1428/1198 1206/1359/1206
f 1199/1352/1199 1197/1350/1198 1198/1349/1197
f 1199/1352/1199 1198/1349/1197 1202/1353/1200
f 1206/1359/1206 1197/1428/1198 1199/1429/1199
f 1206/1359/1206 1199/1429/1199 1200/1360/1202
f 1164/1430/1165 1165/1321/1164 1169/1311/1167
f 1164/1430/1165 1169/1311/1167 1166/1310/1166
f 1161/1431/1161 1164/1430/1165 1166/1310/1166
f 1161/1431/1161 1166/1310/1166 1160/1303/1160
f 1153/1432/1152 1161/1431/1161 1160/1303/1160
f 1153/1432/1152 1160/1303/1160 1157/1298/1155
f 1152/1433/1153 1153/1432/1152 1157/1298/1155
f 1152/1433/1153 1157/1298/1155 1154/1297/1154
f 1145/1284/1145 1152/1433/1153 1154/1297/1154
f 1145/1284/1145 1154/1297/1154 1147/1285/1146
f 1107/1237/1107 1145/1284/1145 1147/1285/1146
f 1107/1237/1107 1147/1285/1146 1109/1238/1108
f 1173/1318/1174 1174/1317/1173 1168/1312/1168
f 1173/1318/1174 1168/1312/1168 1169/1311/1167
f 1066/1193/1064 1107/1237/1107 1109/1238/1108
f 1066/1193/1064 1109/1238/1108 1068/1199/1070
f 1065/1194/1065 1066/1193/1064 1068/1199/1070
f 1065/1194/1065 1068/1199/1070 1069/1198/1069
f 1254/1422/1256 1255/1421/1255 1258/1424/1258
f 1254/1422/1256 1258/1424/1258 1257/1423/1257
f 1243/1409/1244 1244/1408/1243 1246/1411/1246
f 1243/1409/1244 1246/1411/1246 1245/1410/1245
f 1247/1412/1247 1243/1409/1244 1245/1410/1245
f 1247/1412/1247 1245/1410/1245 1248/1413/1248
f 1237/1400/1237 1247/1412/1247 1248/1413/1248
f 1237/1400/1237 1248/1413/1248 1238/1401/1238
f 1102/1233/1103 1237/1400/1237 1238/1401/1238
f 1102/1233/1103 1238/1401/1238 1105/1234/1104
f 1083/1213/1084 1102/1233/1103 1105/1234/1104
f 1083/1213/1084 1105/1234/1104 1060/1189/1060
f 1059/1188/1059 1083/1213/1084 1060/1189/1060
f 1059/1188/1059 1060/1189/1060 1061/1191/1062
f 1228/1390/1230 1229/1389/1229 1233/1392/1232
f 1228/1390/1230 1233/1392/1232 1231/1391/1231
f 1217/1376/1216 1228/1390/1230 1231/1391/1231
f 1217/1376/1216 1231/1391/1231 1219/1379/1219
f 1216/1377/1217 1217/1376/1216 1219/1379/1219
f 1216/1377/1217 1219/1379/1219 1218/1378/1218
f 1220/1380/1220 1216/1377/1217 1218/1378/1218
f 1220/1380/1220 1218/1378/1218 1221/1381/1221
f 1210/1366/1210 1220/1380/1220 1221/1381/1221
f 1210/1366/1210 1221/1381/1221 1211/1367/1211
f 1104/1235/1105 1210/1366/1210 1211/1367/1211
f 1104/1235/1105 1211/1367/1211 1115/1244/1114
f 1062/1190/1061 1104/1235/1105 1115/1244/1114
f 1062/1190/1061 1115/1244/1114 1063/1192/1063
f 1061/1191/1062 1062/1190/1061 1063/1192/1063
f 1061/1191/1062 1063/1192/1063 1064/1195/1066
f 1065/1194/1065 1052/1181/1052 1064/1195/1066
f 1052/1181/1052 1065/1194/1065 1069/1198/1069
f 1052/1181/1052 1069/1198/1069 1053/1182/1053
f 1070/1197/1068 1053/1182/1053 1069/1198/1069
f 1072/1202/1073 1054/1183/1054 1053/1182/1053
f 1072/1202/1073 1053/1182/1053 1070/1197/1068
f 1190/1342/1191 1203/1361/1203 1182/1332/1183
f 1183/1331/1182 1190/1342/1191 1182/1332/1183
f 1191/1341/1190 1206/1359/1206 1190/1342/1191
f 1227/1387/1227 1230/1434/1228 1215/1373/1215
f 1213/1372/1214 1224/1396/1226 1227/1387/1227
f 1111/1395/1113 1112/1435/1112 1230/1434/1228
f 1111/1395/1113 1230/1434/1228 1227/1387/1227
f 1253/1419/1253 1256/1420/1254 1242/1407/1242
f 1240/1406/1241 1251/1425/1252 1253/1419/1253
f 1138/1276/1138 1260/1426/1259 1256/1420/1254
f 1138/1276/1138 1256/1420/1254 1253/1419/1253
f 1139/1275/1137 1259/1427/1260 1260/1426/1259
f 1139/1275/1137 1260/1426/1259 1138/1276/1138
f 1255/1421/1255 1259/1427/1260 1139/1275/1137
f 1255/1421/1255 1139/1275/1137 1258/1424/1258
f 1223/1383/1223 1233/1392/1232 1110/1240/1110
f 1223/1383/1223 1110/1240/1110 1226/1384/1224
f 1226/1384/1224 1110/1240/1110 1111/1243/1113
f 1226/1384/1224 1111/1243/1113 1225/1385/1225
f 1047/1176/1047 1050/1179/1050 1038/1163/1036
f 1035/1162/1035 1047/1176/1047 1038/1163/1036
f 1038/1163/1036 1050/1179/1050 1051/1180/1051
f 1242/1407/1242 1254/1422/1256 1244/1408/1243
f 1244/1408/1243 1254/1422/1256 1257/1423/1257
f 1244/1408/1243 1257/1423/1257 1246/1411/1246
f 1246/1411/1246 1257/1423/1257 1250/1416/1250
f 1246/1411/1246 1250/1416/1250 1241/1403/1240
f 1241/1403/1240 1250/1416/1250 1240/1404/1241
f 1261/1158/1261 1262/1161/1262 1263/1160/1263
f 1261/1158/1261 1263/1160/1263 1264/1159/1264
f 1265/1162/1265 1266/1165/1266 1267/1164/1267
f 1265/1162/1265 1267/1164/1267 1268/1163/1268
f 1269/1166/1269 1267/1164/1267 1266/1165/1266
f 1269/1166/1269 1266/1165/1266 1270/1167/1270
f 1271/1168/1271 1261/1158/1261 1264/1159/1264
f 1271/1168/1271 1264/1159/1264 1272/1169/1272
f 1273/1170/1273 1269/1166/1269 1270/1167/1270
f 1273/1170/1273 1270/1167/1270 1274/1171/1274
f 1272/1172/1272 1275/1175/1275 1276/1174/1276
f 1272/1172/1272 1276/1174/1276 1271/1173/1271
f 1262/1161/1262 1273/1170/1273 1274/1171/1274
f 1262/1161/1262 1274/1171/1274 1263/1160/1263
f 1275/1175/1275 1265/1162/1265 1277/1176/1277
f 1275/1175/1275 1277/1176/1277 1276/1174/1276
f 1271/1173/1271 1276/1174/1276 1278/1178/1278
f 1271/1173/1271 1278/1178/1278 1279/1177/1279
f 1276/1174/1276 1277/1176/1277 1280/1179/1280
f 1276/1174/1276 1280/1179/1280 1278/1178/1278
f 1268/1163/1268 1267/1164/1267 1281/1180/1281
f 1267/1164/1267 1269/1166/1269 1282/1181/1282
f 1267/1164/1267 1282/1181/1282 1281/1180/1281
f 1269/1166/1269 1273/1170/1273 1283/1182/1283
f 1269/1166/1269 1283/1182/1283 1282/1181/1282
f 1273/1170/1273 1262/1161/1262 1284/1183/1284
f 1273/1170/1273 1284/1183/1284 1283/1182/1283
f 1262/1161/1262 1261/1158/1261 1285/1184/1285
f 1262/1161/1262 1285/1184/1285 1284/1183/1284
f 1261/1158/1261 1271/1168/1271 1286/1185/1286
f 1261/1158/1261 1286/1185/1286 1285/1184/1285
f 1279/1177/1279 1278/1178/1278 1287/1187/1287
f 1279/1177/1279 1287/1187/1287 1288/1186/1288
f 1278/1178/1278 1280/1179/1280 1289/1188/1289
f 1278/1178/1278 1289/1188/1289 1287/1187/1287
f 1290/1189/1290 1291/1191/1291 1292/1190/1292
f 1293/1192/1293 1294/1195/1294 1295/1194/1295
f 1293/1192/1293 1295/1194/1295 1296/1193/1296
f 1297/1196/1297 1298/1199/1298 1299/1198/1299
f 1297/1196/1297 1299/1198/1299 1300/1197/1300
f 1301/1200/1301 1302/1202/1302 1303/1201/1303
f 1284/1183/1284 1285/1184/1285 1304/1203/1304
f 1284/1183/1284 1304/1203/1304 1302/1202/1302
f 1285/1184/1285 1286/1185/1286 1305/1205/1305
f 1285/1184/1285 1305/1205/1305 1306/1204/1306
f 1286/1185/1286 1307/1206/1307 1305/1205/1305
f 1308/1207/1308 1309/1210/1309 1310/1209/1310
f 1308/1207/1308 1310/1209/1310 1311/1208/1311
f 1304/1203/1304 1285/1184/1285 1306/1204/1306
f 1280/1179/1280 1281/1180/1281 1291/1191/1291
f 1280/1179/1280 1291/1191/1291 1289/1188/1289
f 1281/1180/1281 1282/1181/1282 1294/1195/1294
f 1281/1180/1281 1294/1195/1294 1291/1191/1291
f 1312/1211/1312 1313/1213/1313 1314/1212/1314
f 1315/1214/1315 1316/1217/1316 1317/1216/1317
f 1315/1214/1315 1317/1216/1317 1318/1215/1318
f 1319/1218/1319 1320/1221/1320 1321/1220/1321
f 1319/1218/1319 1321/1220/1321 1322/1219/1322
f 1306/1204/1306 1305/1205/1305 1319/1218/1319
f 1306/1204/1306 1319/1218/1319 1323/1222/1323
f 1324/1223/1324 1304/1203/1304 1306/1204/1306
f 1324/1223/1324 1306/1204/1306 1323/1222/1323
f 1302/1202/1302 1304/1203/1304 1324/1223/1324
f 1302/1202/1302 1324/1223/1324 1303/1201/1303
f 1325/1224/1325 1326/1225/1326 1321/1220/1321
f 1325/1224/1325 1321/1220/1321 1320/1221/1320
f 1301/1200/1301 1321/1227/1321 1327/1226/1327
f 1321/1227/1321 1328/1229/1328 1329/1228/1329
f 1330/1230/1330 1316/1217/1316 1315/1214/1315
f 1330/1230/1330 1315/1214/1315 1331/1231/1331
f 1314/1212/1314 1313/1213/1313 1332/1233/1332
f 1314/1212/1314 1332/1233/1332 1333/1232/1333
f 1290/1189/1290 1292/1190/1292 1334/1235/1334
f 1290/1189/1290 1334/1235/1334 1335/1234/1335
f 1336/1236/1336 1296/1193/1296 1337/1237/1337
f 1298/1199/1298 1297/1196/1297 1338/1239/1338
f 1298/1199/1298 1338/1239/1338 1339/1238/1339
f 1297/1196/1297 1301/1200/1301 1327/1226/1327
f 1297/1196/1297 1300/1197/1300 1301/1200/1301
f 1301/1200/1301 1300/1197/1300 1302/1202/1302
f 1318/1215/1318 1312/1211/1312 1314/1212/1314
f 1318/1215/1318 1314/1212/1314 1315/1214/1315
f 1340/1240/1340 1341/1243/1341 1342/1242/1342
f 1340/1240/1340 1342/1242/1342 1343/1241/1343
f 1293/1192/1293 1344/1245/1344 1345/1244/1345
f 1286/1246/1286 1279/1177/1279 1288/1186/1288
f 1286/1246/1286 1288/1186/1288 1307/1247/1307
f 1271/1173/1271 1279/1177/1279 1286/1246/1286
f 1327/1226/1327 1321/1227/1321 1329/1228/1329
f 1297/1196/1297 1327/1226/1327 1346/1248/1346
f 1297/1196/1297 1346/1248/1346 1338/1239/1338
f 1301/1200/1301 1322/1249/1322 1321/1227/1321
f 1324/1223/1324 1323/1222/1323 1347/1251/1347
f 1324/1223/1324 1347/1251/1347 1348/1250/1348
f 1323/1222/1323 1319/1218/1319 1349/1252/1349
f 1323/1222/1323 1349/1252/1349 1347/1251/1347
f 1319/1218/1319 1322/1219/1322 1350/1253/1350
f 1319/1218/1319 1350/1253/1350 1349/1252/1349
f 1322/1249/1322 1301/1200/1301 1351/1255/1351
f 1322/1249/1322 1351/1255/1351 1350/1254/1350
f 1301/1200/1301 1303/1201/1303 1352/1256/1352
f 1301/1200/1301 1352/1256/1352 1351/1255/1351
f 1303/1201/1303 1324/1223/1324 1348/1250/1348
f 1303/1201/1303 1348/1250/1348 1352/1256/1352
f 1348/1250/1348 1347/1251/1347 1353/1258/1353
f 1348/1250/1348 1353/1258/1353 1354/1257/1354
f 1347/1251/1347 1349/1252/1349 1353/1258/1353
f 1349/1252/1349 1350/1253/1350 1355/1260/1355
f 1349/1252/1349 1355/1260/1355 1356/1259/1356
f 1350/1254/1350 1351/1255/1351 1357/1261/1357
f 1351/1255/1351 1352/1256/1352 1358/1262/1358
f 1351/1255/1351 1358/1262/1358 1357/1261/1357
f 1352/1256/1352 1348/1250/1348 1354/1257/1354
f 1352/1256/1352 1354/1257/1354 1358/1262/1358
f 1353/1258/1353 1349/1252/1349 1356/1259/1356
f 1353/1258/1353 1356/1259/1356 1359/1263/1359
f 1354/1257/1354 1353/1258/1353 1359/1263/1359
f 1354/1257/1354 1359/1263/1359 1360/1264/1360
f 1358/1262/1358 1354/1257/1354 1360/1264/1360
f 1358/1262/1358 1360/1264/1360 1361/1265/1361
f 1362/1266/1362 1359/1263/1359 1356/1259/1356
f 1360/1264/1360 1359/1263/1359 1309/1210/1309
f 1360/1264/1360 1309/1210/1309 1308/1207/1308
f 1359/1263/1359 1362/1266/1362 1310/1209/1310
f 1359/1263/1359 1310/1209/1310 1309/1210/1309
f 1363/1267/1363 1361/1265/1361 1311/1269/1311
f 1363/1267/1363 1311/1269/1311 1364/1268/1364
f 1361/1265/1361 1360/1264/1360 1308/1207/1308
f 1361/1265/1361 1308/1207/1308 1311/1269/1311
f 1365/1270/1365 1363/1267/1363 1364/1268/1364
f 1365/1271/1365 1362/1266/1362 1355/1260/1355
f 1355/1260/1355 1362/1266/1362 1356/1259/1356
f 1310/1209/1310 1362/1266/1362 1365/1271/1365
f 1310/1209/1310 1365/1271/1365 1364/1272/1364
f 1311/1208/1311 1310/1209/1310 1364/1272/1364
f 1357/1261/1357 1358/1262/1358 1361/1265/1361
f 1357/1261/1357 1361/1265/1361 1363/1267/1363
f 1357/1261/1357 1363/1267/1363 1365/1270/1365
f 1350/1254/1350 1357/1261/1357 1365/1270/1365
f 1350/1254/1350 1365/1270/1365 1355/1273/1355
f 1331/1231/1331 1315/1214/1315 1314/1212/1314
f 1331/1231/1331 1314/1212/1314 1333/1232/1333
f 1366/1274/1366 1367/1277/1367 1368/1276/1368
f 1366/1274/1366 1368/1276/1368 1369/1275/1369
f 1346/1248/1346 1370/1279/1370 1371/1278/1371
f 1370/1279/1370 1372/1282/1372 1373/1281/1373
f 1370/1279/1370 1373/1281/1373 1374/1280/1374
f 1372/1283/1372 1337/1237/1337 1375/1284/1375
f 1339/1238/1339 1338/1239/1338 1376/1286/1376
f 1339/1238/1339 1376/1286/1376 1377/1285/1377
f 1338/1239/1338 1346/1248/1346 1371/1278/1371
f 1338/1239/1338 1371/1278/1371 1376/1286/1376
f 1328/1287/1328 1316/1217/1316 1330/1230/1330
f 1328/1287/1328 1330/1230/1330 1372/1288/1372
f 1325/1289/1325 1317/1216/1317 1326/1290/1326
f 1307/1247/1307 1317/1216/1317 1325/1289/1325
f 1318/1215/1318 1317/1216/1317 1307/1247/1307
f 1318/1215/1318 1307/1247/1307 1288/1186/1288
f 1288/1186/1288 1287/1187/1287 1312/1211/1312
f 1288/1186/1288 1312/1211/1312 1318/1215/1318
f 1287/1187/1287 1289/1188/1289 1313/1213/1313
f 1287/1187/1287 1313/1213/1313 1312/1211/1312
f 1305/1205/1305 1320/1221/1320 1319/1218/1319
f 1325/1224/1325 1320/1221/1320 1305/1205/1305
f 1325/1224/1325 1305/1205/1305 1307/1206/1307
f 1378/1291/1378 1374/1280/1374 1379/1292/1379
f 1374/1280/1374 1373/1281/1373 1380/1294/1380
f 1374/1280/1374 1380/1294/1380 1381/1293/1381
f 1373/1281/1373 1382/1296/1382 1383/1295/1383
f 1384/1297/1384 1385/1300/1385 1386/1299/1386
f 1384/1297/1384 1386/1299/1386 1387/1298/1387
f 1385/1300/1385 1378/1291/1378 1379/1292/1379
f 1385/1300/1385 1379/1292/1379 1386/1299/1386
f 1379/1292/1379 1374/1280/1374 1381/1293/1381
f 1379/1292/1379 1381/1293/1381 1388/1301/1388
f 1386/1299/1386 1379/1292/1379 1388/1301/1388
f 1386/1299/1386 1388/1301/1388 1389/1302/1389
f 1387/1298/1387 1386/1299/1386 1389/1302/1389
f 1387/1298/1387 1389/1302/1389 1390/1303/1390
f 1373/1281/1373 1383/1295/1383 1391/1304/1391
f 1373/1281/1373 1391/1304/1391 1380/1294/1380
f 1371/1278/1371 1370/1279/1370 1374/1280/1374
f 1371/1278/1371 1374/1280/1374 1378/1291/1378
f 1376/1286/1376 1371/1278/1371 1378/1291/1378
f 1376/1286/1376 1378/1291/1378 1385/1300/1385
f 1377/1285/1377 1376/1286/1376 1385/1300/1385
f 1377/1285/1377 1385/1300/1385 1384/1297/1384
f 1372/1282/1372 1375/1305/1375 1382/1296/1382
f 1372/1282/1372 1382/1296/1382 1373/1281/1373
f 1392/1306/1392 1380/1294/1380 1393/1307/1393
f 1380/1294/1380 1394/1309/1394 1395/1308/1395
f 1380/1294/1380 1395/1308/1395 1393/1307/1393
f 1396/1310/1396 1397/1313/1397 1398/1312/1398
f 1396/1310/1396 1398/1312/1398 1399/1311/1399
f 1397/1313/1397 1400/1315/1400 1401/1314/1401
f 1397/1313/1397 1401/1314/1401 1398/1312/1398
f 1402/1316/1402 1392/1306/1392 1393/1307/1393
f 1402/1316/1402 1381/1293/1381 1392/1306/1392
f 1381/1293/1381 1380/1294/1380 1392/1306/1392
f 1402/1316/1402 1393/1319/1393 1403/1318/1403
f 1402/1316/1402 1403/1318/1403 1404/1317/1404
f 1393/1307/1393 1395/1308/1395 1403/1320/1403
f 1395/1321/1395 1399/1311/1399 1403/1318/1403
f 1398/1312/1398 1401/1314/1401 1404/1317/1404
f 1402/1316/1402 1401/1314/1401 1400/1315/1400
f 1402/1316/1402 1400/1315/1400 1381/1293/1381
f 1404/1317/1404 1401/1314/1401 1402/1316/1402
f 1388/1301/1388 1381/1293/1381 1400/1315/1400
f 1389/1302/1389 1388/1301/1388 1400/1315/1400
f 1389/1302/1389 1400/1315/1400 1397/1313/1397
f 1390/1303/1390 1389/1302/1389 1397/1313/1397
f 1390/1303/1390 1397/1313/1397 1396/1310/1396
f 1380/1294/1380 1391/1304/1391 1394/1309/1394
f 1337/1237/1337 1372/1283/1372 1405/1322/1405
f 1372/1288/1372 1330/1230/1330 1406/1324/1406
f 1372/1288/1372 1406/1324/1406 1407/1323/1407
f 1330/1325/1330 1344/1245/1344 1408/1326/1408
f 1336/1236/1336 1337/1237/1337 1405/1322/1405
f 1336/1236/1336 1405/1322/1405 1409/1327/1409
f 1410/1328/1410 1407/1330/1407 1411/1329/1411
f 1407/1323/1407 1406/1324/1406 1412/1332/1412
f 1407/1323/1407 1412/1332/1412 1413/1331/1413
f 1406/1333/1406 1414/1335/1414 1415/1334/1415
f 1416/1336/1416 1410/1328/1410 1411/1329/1411
f 1416/1336/1416 1411/1329/1411 1417/1337/1417
f 1418/1338/1418 1413/1340/1413 1419/1339/1419
f 1413/1331/1413 1420/1342/1420 1421/1341/1421
f 1412/1343/1412 1422/1345/1422 1423/1344/1423
f 1424/1346/1424 1418/1338/1418 1419/1339/1419
f 1424/1346/1424 1419/1339/1419 1425/1347/1425
f 1426/1348/1426 1421/1351/1421 1427/1350/1427
f 1426/1348/1426 1427/1350/1427 1428/1349/1428
f 1429/1352/1429 1430/1355/1430 1431/1354/1431
f 1429/1352/1429 1431/1354/1431 1432/1353/1432
f 1433/1356/1433 1434/1357/1434 1431/1354/1431
f 1433/1356/1433 1431/1354/1431 1430/1355/1430
f 1435/1358/1435 1426/1348/1426 1428/1349/1428
f 1435/1358/1435 1428/1349/1428 1432/1353/1432
f 1419/1339/1419 1413/1340/1413 1421/1351/1421
f 1419/1339/1419 1421/1351/1421 1426/1348/1426
f 1425/1347/1425 1419/1339/1419 1426/1348/1426
f 1425/1347/1425 1426/1348/1426 1435/1358/1435
f 1412/1343/1412 1423/1344/1423 1434/1357/1434
f 1412/1343/1412 1434/1357/1434 1433/1356/1433
f 1436/1359/1436 1433/1361/1433 1430/1360/1430
f 1411/1329/1411 1407/1330/1407 1413/1340/1413
f 1411/1329/1411 1413/1340/1413 1418/1338/1418
f 1417/1337/1417 1411/1329/1411 1418/1338/1418
f 1417/1337/1417 1418/1338/1418 1424/1346/1424
f 1406/1333/1406 1415/1334/1415 1422/1345/1422
f 1406/1333/1406 1422/1345/1422 1412/1343/1412
f 1344/1245/1344 1330/1325/1330 1437/1362/1437
f 1330/1230/1330 1331/1231/1331 1438/1364/1438
f 1330/1230/1330 1438/1364/1438 1439/1363/1439
f 1331/1365/1331 1334/1235/1334 1440/1366/1440
f 1345/1244/1345 1344/1245/1344 1437/1362/1437
f 1345/1244/1345 1437/1362/1437 1441/1367/1441
f 1442/1368/1442 1439/1371/1439 1443/1370/1443
f 1442/1368/1442 1443/1370/1443 1444/1369/1444
f 1439/1363/1439 1438/1364/1438 1445/1373/1445
f 1439/1363/1439 1445/1373/1445 1443/1372/1443
f 1438/1374/1438 1446/1377/1446 1447/1376/1447
f 1438/1374/1438 1447/1376/1447 1445/1375/1445
f 1448/1378/1448 1442/1368/1442 1444/1369/1444
f 1448/1378/1448 1444/1369/1444 1449/1379/1449
f 1438/1374/1438 1450/1380/1450 1446/1377/1446
f 1451/1381/1451 1452/1382/1452 1442/1368/1442
f 1451/1381/1451 1442/1368/1442 1448/1378/1448
f 1452/1382/1452 1439/1371/1439 1442/1368/1442
f 1453/1383/1453 1454/1386/1454 1455/1385/1455
f 1453/1383/1453 1455/1385/1455 1456/1384/1456
f 1443/1372/1443 1445/1373/1445 1457/1387/1457
f 1445/1375/1445 1458/1390/1458 1459/1389/1459
f 1445/1375/1445 1459/1389/1459 1460/1388/1460
f 1461/1391/1461 1462/1393/1462 1453/1383/1453
f 1461/1391/1461 1453/1383/1453 1463/1392/1463
f 1444/1369/1444 1443/1370/1443 1462/1393/1462
f 1449/1379/1449 1444/1369/1444 1462/1393/1462
f 1449/1379/1449 1462/1393/1462 1461/1391/1461
f 1445/1375/1445 1447/1376/1447 1458/1390/1458
f 1455/1394/1455 1454/1396/1454 1457/1387/1457
f 1455/1394/1455 1457/1387/1457 1341/1395/1341
f 1462/1393/1462 1443/1370/1443 1454/1386/1454
f 1462/1393/1462 1454/1386/1454 1453/1383/1453
f 1460/1388/1460 1459/1389/1459 1343/1241/1343
f 1460/1388/1460 1343/1241/1343 1342/1242/1342
f 1463/1392/1463 1340/1240/1340 1343/1241/1343
f 1463/1392/1463 1343/1241/1343 1459/1389/1459
f 1334/1235/1334 1331/1365/1331 1464/1397/1464
f 1331/1231/1331 1333/1232/1333 1465/1399/1465
f 1331/1231/1331 1465/1399/1465 1466/1398/1466
f 1333/1232/1333 1332/1233/1332 1467/1400/1467
f 1335/1234/1335 1334/1235/1334 1464/1397/1464
f 1335/1234/1335 1464/1397/1464 1468/1401/1468
f 1469/1402/1469 1466/1405/1466 1470/1404/1470
f 1469/1402/1469 1470/1404/1470 1471/1403/1471
f 1466/1398/1466 1465/1399/1465 1472/1407/1472
f 1466/1398/1466 1472/1407/1472 1470/1406/1470
f 1465/1399/1465 1473/1409/1473 1474/1408/1474
f 1465/1399/1465 1474/1408/1474 1472/1407/1472
f 1475/1410/1475 1469/1402/1469 1471/1403/1471
f 1475/1410/1475 1471/1403/1471 1476/1411/1476
f 1465/1399/1465 1477/1412/1477 1473/1409/1473
f 1478/1413/1478 1479/1414/1479 1469/1402/1469
f 1478/1413/1478 1469/1402/1469 1475/1410/1475
f 1479/1414/1479 1466/1405/1466 1469/1402/1469
f 1329/1228/1329 1328/1229/1328 1372/1282/1372
f 1329/1228/1329 1372/1282/1372 1370/1279/1370
f 1327/1226/1327 1329/1228/1329 1370/1279/1370
f 1327/1226/1327 1370/1279/1370 1346/1248/1346
f 1326/1290/1326 1317/1216/1317 1316/1217/1316
f 1326/1290/1326 1316/1217/1316 1328/1287/1328
f 1321/1227/1321 1326/1415/1326 1328/1229/1328
f 1480/1416/1480 1470/1404/1470 1481/1418/1481
f 1480/1416/1480 1481/1418/1481 1482/1417/1482
f 1470/1406/1470 1472/1407/1472 1483/1419/1483
f 1472/1407/1472 1484/1422/1484 1485/1421/1485
f 1472/1407/1472 1485/1421/1485 1486/1420/1486
f 1487/1423/1487 1480/1416/1480 1482/1417/1482
f 1487/1423/1487 1482/1417/1482 1488/1424/1488
f 1482/1417/1482 1481/1418/1481 1367/1277/1367
f 1482/1417/1482 1367/1277/1367 1366/1274/1366
f 1481/1425/1481 1483/1419/1483 1368/1276/1368
f 1481/1425/1481 1368/1276/1368 1367/1277/1367
f 1486/1420/1486 1485/1421/1485 1489/1427/1489
f 1486/1420/1486 1489/1427/1489 1490/1426/1490
f 1366/1274/1366 1369/1275/1369 1488/1424/1488
f 1366/1274/1366 1488/1424/1488 1482/1417/1482
f 1405/1322/1405 1372/1283/1372 1407/1330/1407
f 1405/1322/1405 1407/1330/1407 1410/1328/1410
f 1409/1327/1409 1405/1322/1405 1410/1328/1410
f 1409/1327/1409 1410/1328/1410 1416/1336/1416
f 1330/1325/1330 1408/1326/1408 1414/1335/1414
f 1330/1325/1330 1414/1335/1414 1406/1333/1406
f 1437/1362/1437 1330/1325/1330 1439/1371/1439
f 1437/1362/1437 1439/1371/1439 1452/1382/1452
f 1441/1367/1441 1437/1362/1437 1452/1382/1452
f 1441/1367/1441 1452/1382/1452 1451/1381/1451
f 1331/1365/1331 1440/1366/1440 1450/1380/1450
f 1331/1365/1331 1450/1380/1450 1438/1374/1438
f 1464/1397/1464 1331/1365/1331 1466/1405/1466
f 1464/1397/1464 1466/1405/1466 1479/1414/1479
f 1468/1401/1468 1464/1397/1464 1479/1414/1479
f 1468/1401/1468 1479/1414/1479 1478/1413/1478
f 1333/1232/1333 1467/1400/1467 1477/1412/1477
f 1333/1232/1333 1477/1412/1477 1465/1399/1465
f 1434/1357/1434 1435/1358/1435 1432/1353/1432
f 1434/1357/1434 1432/1353/1432 1431/1354/1431
f 1423/1344/1423 1425/1347/1425 1435/1358/1435
f 1423/1344/1423 1435/1358/1435 1434/1357/1434
f 1422/1345/1422 1424/1346/1424 1425/1347/1425
f 1422/1345/1422 1425/1347/1425 1423/1344/1423
f 1415/1334/1415 1417/1337/1417 1424/1346/1424
f 1415/1334/1415 1424/1346/1424 1422/1345/1422
f 1414/1335/1414 1416/1336/1416 1417/1337/1417
f 1414/1335/1414 1417/1337/1417 1415/1334/1415
f 1408/1326/1408 1409/1327/1409 1416/1336/1416
f 1408/1326/1408 1416/1336/1416 1414/1335/1414
f 1344/1245/1344 1336/1236/1336 1409/1327/1409
f 1344/1245/1344 1409/1327/1409 1408/1326/1408
f 1293/1192/1293 1296/1193/1296 1336/1236/1336
f 1293/1192/1293 1336/1236/1336 1344/1245/1344
f 1436/1359/1436 1420/1342/1420 1433/1361/1433
f 1421/1341/1421 1436/1359/1436 1427/1428/1427
f 1429/1352/1429 1432/1353/1432 1428/1349/1428
f 1429/1352/1429 1428/1349/1428 1427/1350/1427
f 1436/1359/1436 1429/1429/1429 1427/1428/1427
f 1436/1359/1436 1430/1360/1430 1429/1429/1429
f 1394/1430/1394 1396/1310/1396 1399/1311/1399
f 1394/1430/1394 1399/1311/1399 1395/1321/1395
f 1391/1431/1391 1390/1303/1390 1396/1310/1396
f 1391/1431/1391 1396/1310/1396 1394/1430/1394
f 1383/1432/1383 1387/1298/1387 1390/1303/1390
f 1383/1432/1383 1390/1303/1390 1391/1431/1391
f 1382/1433/1382 1384/1297/1384 1387/1298/1387
f 1382/1433/1382 1387/1298/1387 1383/1432/1383
f 1375/1284/1375 1377/1285/1377 1384/1297/1384
f 1375/1284/1375 1384/1297/1384 1382/1433/1382
f 1337/1237/1337 1339/1238/1339 1377/1285/1377
f 1337/1237/1337 1377/1285/1377 1375/1284/1375
f 1403/1318/1403 1399/1311/1399 1398/1312/1398
f 1403/1318/1403 1398/1312/1398 1404/1317/1404
f 1296/1193/1296 1298/1199/1298 1339/1238/1339
f 1296/1193/1296 1339/1238/1339 1337/1237/1337
f 1295/1194/1295 1299/1198/1299 1298/1199/1298
f 1295/1194/1295 1298/1199/1298 1296/1193/1296
f 1484/1422/1484 1487/1423/1487 1488/1424/1488
f 1484/1422/1484 1488/1424/1488 1485/1421/1485
f 1473/1409/1473 1475/1410/1475 1476/1411/1476
f 1473/1409/1473 1476/1411/1476 1474/1408/1474
f 1477/1412/1477 1478/1413/1478 1475/1410/1475
f 1477/1412/1477 1475/1410/1475 1473/1409/1473
f 1467/1400/1467 1468/1401/1468 1478/1413/1478
f 1467/1400/1467 1478/1413/1478 1477/1412/1477
f 1332/1233/1332 1335/1234/1335 1468/1401/1468
f 1332/1233/1332 1468/1401/1468 1467/1400/1467
f 1313/1213/1313 1290/1189/1290 1335/1234/1335
f 1313/1213/1313 1335/1234/1335 1332/1233/1332
f 1289/1188/1289 1291/1191/1291 1290/1189/1290
f 1289/1188/1289 1290/1189/1290 1313/1213/1313
f 1458/1390/1458 1461/1391/1461 1463/1392/1463
f 1458/1390/1458 1463/1392/1463 1459/1389/1459
f 1447/1376/1447 1449/1379/1449 1461/1391/1461
f 1447/1376/1447 1461/1391/1461 1458/1390/1458
f 1446/1377/1446 1448/1378/1448 1449/1379/1449
f 1446/1377/1446 1449/1379/1449 1447/1376/1447
f 1450/1380/1450 1451/1381/1451 1448/1378/1448
f 1450/1380/1450 1448/1378/1448 1446/1377/1446
f 1440/1366/1440 1441/1367/1441 1451/1381/1451
f 1440/1366/1440 1451/1381/1451 1450/1380/1450
f 1334/1235/1334 1345/1244/1345 1441/1367/1441
f 1334/1235/1334 1441/1367/1441 1440/1366/1440
f 1292/1190/1292 1293/1192/1293 1345/1244/1345
f 1292/1190/1292 1345/1244/1345 1334/1235/1334
f 1291/1191/1291 1294/1195/1294 1293/1192/1293
f 1291/1191/1291 1293/1192/1293 1292/1190/1292
f 1295/1194/1295 1294/1195/1294 1282/1181/1282
f 1282/1181/1282 1283/1182/1283 1299/1198/1299
f 1282/1181/1282 1299/1198/1299 1295/1194/1295
f 1300/1197/1300 1299/1198/1299 1283/1182/1283
f 1302/1202/1302 1300/1197/1300 1283/1182/1283
f 1302/1202/1302 1283/1182/1283 1284/1183/1284
f 1420/1342/1420 1412/1332/1412 1433/1361/1433
f 1413/1331/1413 1412/1332/1412 1420/1342/1420
f 1421/1341/1421 1420/1342/1420 1436/1359/1436
f 1457/1387/1457 1445/1373/1445 1460/1434/1460
f 1443/1372/1443 1457/1387/1457 1454/1396/1454
f 1341/1395/1341 1457/1387/1457 1460/1434/1460
f 1341/1395/1341 1460/1434/1460 1342/1435/1342
f 1483/1419/1483 1472/1407/1472 1486/1420/1486
f 1470/1406/1470 1483/1419/1483 1481/1425/1481
f 1368/1276/1368 1483/1419/1483 1486/1420/1486
f 1368/1276/1368 1486/1420/1486 1490/1426/1490
f 1369/1275/1369 1368/1276/1368 1490/1426/1490
f 1369/1275/1369 1490/1426/1490 1489/1427/1489
f 1485/1421/1485 1488/1424/1488 1369/1275/1369
f 1485/1421/1485 1369/1275/1369 1489/1427/1489
f 1453/1383/1453 1456/1384/1456 1340/1240/1340
f 1453/1383/1453 1340/1240/1340 1463/1392/1463
f 1456/1384/1456 1455/1385/1455 1341/1243/1341
f 1456/1384/1456 1341/1243/1341 1340/1240/1340
f 1277/1176/1277 1268/1163/1268 1280/1179/1280
f 1265/1162/1265 1268/1163/1268 1277/1176/1277
f 1268/1163/1268 1281/1180/1281 1280/1179/1280
f 1472/1407/1472 1474/1408/1474 1484/1422/1484
f 1474/1408/1474 1476/1411/1476 1487/1423/1487
f 1474/1408/1474 1487/1423/1487 1484/1422/1484
f 1476/1411/1476 1471/1403/1471 1480/1416/1480
f 1476/1411/1476 1480/1416/1480 1487/1423/1487
f 1471/1403/1471 1470/1404/1470 1480/1416/1480
f 1491/1436/1491 1492/1437/1492 1493/1438/1493
f 1491/1436/1491 1493/1438/1493 1494/1439/1494
f 1495/1440/1495 1496/1441/1496 1497/1442/1497
f 1495/1440/1495 1497/1442/1497 1498/1443/1498
f 1499/1444/1499 1500/1445/1500 1497/1442/1497
f 1499/1444/1499 1497/1442/1497 1496/1441/1496
f 1501/1446/1501 1502/1447/1502 1495/1440/1495
f 1501/1446/1501 1495/1440/1495 1498/1443/1498
f 1503/1448/1503 1504/1449/1504 1505/1450/1505
f 1503/1448/1503 1505/1450/1505 1506/1451/1506
f 1507/1452/1507 1508/1453/1508 1503/1448/1503
f 1507/1452/1507 1503/1448/1503 1506/1451/1506
f 1509/1454/1509 1510/1455/1510 1508/1453/1508
f 1509/1454/1509 1508/1453/1508 1507/1452/1507
f 1511/1456/1511 1512/1457/1512 1513/1458/1513
f 1511/1456/1511 1513/1458/1513 1514/1459/1514
f 1515/1460/1515 1516/1461/1516 1514/1459/1514
f 1515/1460/1515 1514/1459/1514 1513/1458/1513
f 1517/1462/1517 1518/1463/1518 1516/1461/1516
f 1517/1462/1517 1516/1461/1516 1515/1460/1515
f 1519/1464/1519 1520/1465/1520 1521/1466/1521
f 1522/1467/1522 1523/1468/1523 1524/1469/1524
f 1522/1467/1522 1524/1469/1524 1525/1470/1525
f 1526/1471/1526 1527/1472/1527 1528/1473/1528
f 1497/1442/1497 1507/1452/1507 1506/1451/1506
f 1497/1442/1497 1506/1451/1506 1498/1443/1498
f 1505/1450/1505 1501/1446/1501 1498/1443/1498
f 1505/1450/1505 1498/1443/1498 1506/1451/1506
f 1500/1445/1500 1509/1454/1509 1507/1452/1507
f 1500/1445/1500 1507/1452/1507 1497/1442/1497
f 1529/1474/1529 1499/1444/1499 1496/1441/1496
f 1529/1474/1529 1496/1441/1496 1530/1475/1530
f 1493/1438/1493 1495/1440/1495 1494/1439/1494
f 1502/1447/1502 1491/1436/1491 1494/1439/1494
f 1502/1447/1502 1494/1439/1494 1495/1440/1495
f 1516/1461/1516 1528/1473/1528 1521/1466/1521
f 1516/1461/1516 1521/1466/1521 1514/1459/1514
f 1518/1463/1518 1526/1471/1526 1528/1473/1528
f 1518/1463/1518 1528/1473/1528 1516/1461/1516
f 1520/1465/1520 1511/1456/1511 1514/1459/1514
f 1520/1465/1520 1514/1459/1514 1521/1466/1521
f 1510/1455/1510 1517/1462/1517 1515/1460/1515
f 1510/1455/1510 1515/1460/1515 1508/1453/1508
f 1508/1453/1508 1515/1460/1515 1513/1458/1513
f 1508/1453/1508 1513/1458/1513 1503/1448/1503
f 1512/1457/1512 1504/1449/1504 1503/1448/1503
f 1512/1457/1512 1503/1448/1503 1513/1458/1513
f 1531/1476/1531 1532/1477/1532 1533/1478/1533
f 1531/1476/1531 1533/1478/1533 1534/1479/1534
f 1527/1472/1527 1523/1468/1523 1522/1467/1522
f 1527/1472/1527 1522/1467/1522 1528/1473/1528
f 1528/1473/1528 1522/1467/1522 1525/1470/1525
f 1528/1473/1528 1525/1470/1525 1521/1466/1521
f 1521/1466/1521 1525/1470/1525 1524/1469/1524
f 1521/1466/1521 1524/1469/1524 1519/1464/1519
f 1524/1469/1524 1535/1480/1535 1536/1481/1536
f 1524/1469/1524 1536/1481/1536 1519/1464/1519
f 1523/1468/1523 1537/1482/1537 1535/1480/1535
f 1523/1468/1523 1535/1480/1535 1524/1469/1524
f 1538/1483/1538 1537/1482/1537 1523/1468/1523
f 1538/1483/1538 1523/1468/1523 1527/1472/1527
f 1535/1480/1535 1539/1484/1539 1540/1485/1540
f 1535/1480/1535 1540/1485/1540 1536/1481/1536
f 1537/1482/1537 1541/1486/1541 1539/1484/1539
f 1537/1482/1537 1539/1484/1539 1535/1480/1535
f 1542/1487/1542 1541/1486/1541 1537/1482/1537
f 1542/1487/1542 1537/1482/1537 1538/1483/1538
f 1539/1484/1539 1531/1476/1531 1534/1479/1534
f 1539/1484/1539 1534/1479/1534 1540/1485/1540
f 1541/1486/1541 1532/1477/1532 1531/1476/1531
f 1541/1486/1541 1531/1476/1531 1539/1484/1539
f 1533/1478/1533 1532/1477/1532 1541/1486/1541
f 1533/1478/1533 1541/1486/1541 1542/1487/1542
f 1543/1488/1543 1544/1489/1544 1545/1490/1545
f 1543/1488/1543 1545/1490/1545 1546/1491/1546
f 1547/1492/1547 1548/1493/1548 1549/1494/1549
f 1547/1492/1547 1549/1494/1549 1550/1495/1550
f 1544/1489/1544 1551/1496/1551 1552/1497/1552
f 1544/1489/1544 1552/1497/1552 1545/1490/1545
f 1553/1498/1553 1543/1488/1543 1546/1491/1546
f 1553/1498/1553 1546/1491/1546 1554/1499/1554
f 1555/1500/1555 1556/1501/1556 1557/1502/1557
f 1549/1494/1549 1558/1503/1558 1555/1500/1555
f 1549/1494/1549 1555/1500/1555 1550/1495/1550
f 1559/1504/1559 1560/1505/1560 1561/1506/1561
f 1559/1504/1559 1561/1506/1561 1562/1507/1562
f 1563/1508/1563 1564/1509/1564 1565/1510/1565
f 1563/1508/1563 1565/1510/1565 1566/1511/1566
f 1567/1512/1567 1568/1513/1568 1569/1514/1569
f 1570/1515/1570 1571/1516/1571 1572/1517/1572
f 1570/1515/1570 1572/1517/1572 1573/1518/1573
f 1574/1519/1574 1575/1520/1575 1576/1521/1576
f 1574/1519/1574 1576/1521/1576 1577/1522/1577
f 1578/1523/1578 1579/1524/1579 1580/1525/1580
f 1578/1523/1578 1580/1525/1580 1581/1526/1581
f 1582/1527/1582 1583/1528/1583 1584/1529/1584
f 1582/1527/1582 1584/1529/1584 1585/1530/1585
f 1571/1516/1571 1563/1508/1563 1566/1511/1566
f 1571/1516/1571 1566/1511/1566 1572/1517/1572
f 1586/1531/1586 1559/1504/1559 1562/1507/1562
f 1586/1531/1586 1562/1507/1562 1587/1532/1587
f 1564/1509/1564 1588/1533/1588 1589/1534/1589
f 1564/1509/1564 1589/1534/1589 1565/1510/1565
f 1590/1535/1590 1586/1531/1586 1587/1532/1587
f 1590/1535/1590 1587/1532/1587 1591/1536/1591
f 1574/1519/1574 1577/1522/1577 1592/1537/1592
f 1593/1538/1593 1594/1539/1594 1595/1540/1595
f 1593/1538/1593 1595/1540/1595 1596/1541/1596
f 1575/1520/1575 1578/1523/1578 1581/1526/1581
f 1575/1520/1575 1581/1526/1581 1576/1521/1576
f 1583/1528/1583 1597/1542/1597 1598/1543/1598
f 1583/1528/1583 1598/1543/1598 1584/1529/1584
f 1567/1512/1567 1574/1519/1574 1592/1537/1592
f 1567/1512/1567 1592/1537/1592 1568/1513/1568
f 1594/1539/1594 1570/1515/1570 1573/1518/1573
f 1594/1539/1594 1573/1518/1573 1595/1540/1595
f 1579/1524/1579 1599/1544/1599 1600/1545/1600
f 1579/1524/1579 1600/1545/1600 1580/1525/1580
f 1601/1546/1601 1582/1527/1582 1585/1530/1585
f 1601/1546/1601 1585/1530/1585 1602/1547/1602
f 1599/1544/1599 1603/1548/1603 1604/1549/1604
f 1599/1544/1599 1604/1549/1604 1600/1545/1600
f 1605/1550/1605 1601/1546/1601 1602/1547/1602
f 1605/1550/1605 1602/1547/1602 1606/1551/1606
f 1603/1548/1603 1607/1552/1607 1608/1553/1608
f 1603/1548/1603 1608/1553/1608 1604/1549/1604
f 1609/1554/1609 1605/1550/1605 1606/1551/1606
f 1609/1554/1609 1606/1551/1606 1610/1555/1610
f 1562/1507/1562 1561/1506/1561 1611/1556/1611
f 1562/1507/1562 1611/1556/1611 1612/1557/1612
f 1566/1511/1566 1565/1510/1565 1613/1558/1613
f 1566/1511/1566 1613/1558/1613 1614/1559/1614
f 1569/1514/1569 1568/1513/1568 1615/1560/1615
f 1569/1514/1569 1615/1560/1615 1616/1561/1616
f 1573/1518/1573 1572/1517/1572 1617/1562/1617
f 1573/1518/1573 1617/1562/1617 1618/1563/1618
f 1577/1522/1577 1576/1521/1576 1619/1564/1619
f 1577/1522/1577 1619/1564/1619 1620/1565/1620
f 1598/1543/1598 1621/1566/1621 1622/1567/1622
f 1581/1526/1581 1580/1525/1580 1623/1568/1623
f 1581/1526/1581 1623/1568/1623 1624/1569/1624
f 1585/1530/1585 1584/1529/1584 1625/1570/1625
f 1585/1530/1585 1625/1570/1625 1626/1571/1626
f 1627/1572/1627 1628/1573/1628 1611/1556/1611
f 1627/1572/1627 1611/1556/1611 1561/1506/1561
f 1572/1517/1572 1566/1511/1566 1614/1559/1614
f 1572/1517/1572 1614/1559/1614 1617/1562/1617
f 1587/1532/1587 1562/1507/1562 1612/1557/1612
f 1587/1532/1587 1612/1557/1612 1629/1574/1629
f 1565/1510/1565 1589/1534/1589 1630/1575/1630
f 1565/1510/1565 1630/1575/1630 1613/1558/1613
f 1591/1536/1591 1587/1532/1587 1629/1574/1629
f 1591/1536/1591 1629/1574/1629 1631/1576/1631
f 1592/1537/1592 1577/1522/1577 1620/1565/1620
f 1592/1537/1592 1620/1565/1620 1632/1577/1632
f 1596/1541/1596 1595/1540/1595 1633/1578/1633
f 1596/1541/1596 1633/1578/1633 1621/1566/1621
f 1576/1521/1576 1581/1526/1581 1624/1569/1624
f 1576/1521/1576 1624/1569/1624 1619/1564/1619
f 1584/1529/1584 1598/1543/1598 1622/1567/1622
f 1584/1529/1584 1622/1567/1622 1625/1570/1625
f 1568/1513/1568 1592/1537/1592 1632/1577/1632
f 1568/1513/1568 1632/1577/1632 1615/1560/1615
f 1595/1540/1595 1573/1518/1573 1618/1563/1618
f 1595/1540/1595 1618/1563/1618 1633/1578/1633
f 1580/1525/1580 1600/1545/1600 1634/1579/1634
f 1580/1525/1580 1634/1579/1634 1623/1568/1623
f 1602/1547/1602 1585/1530/1585 1626/1571/1626
f 1602/1547/1602 1626/1571/1626 1635/1580/1635
f 1600/1545/1600 1604/1549/1604 1636/1581/1636
f 1600/1545/1600 1636/1581/1636 1634/1579/1634
f 1606/1551/1606 1602/1547/1602 1635/1580/1635
f 1606/1551/1606 1635/1580/1635 1637/1582/1637
f 1604/1549/1604 1608/1553/1608 1638/1583/1638
f 1604/1549/1604 1638/1583/1638 1636/1581/1636
f 1610/1555/1610 1606/1551/1606 1637/1582/1637
f 1610/1555/1610 1637/1582/1637 1639/1584/1639
f 1632/1577/1632 1620/1565/1620 1640/1585/1640
f 1632/1577/1632 1640/1585/1640 1641/1586/1641
f 1642/1587/1642 1632/1577/1632 1641/1586/1641
f 1544/1489/1544 1611/1556/1611 1628/1573/1628
f 1544/1489/1544 1628/1573/1628 1551/1496/1551
f 1612/1557/1612 1611/1556/1611 1544/1489/1544
f 1612/1557/1612 1544/1489/1544 1543/1488/1543
f 1629/1574/1629 1612/1557/1612 1543/1488/1543
f 1629/1574/1629 1543/1488/1543 1553/1498/1553
f 1631/1576/1631 1629/1574/1629 1553/1498/1553
f 1631/1576/1631 1553/1498/1553 1554/1499/1554
f 1613/1558/1613 1630/1575/1630 1643/1588/1643
f 1613/1558/1613 1643/1588/1643 1644/1589/1644
f 1614/1559/1614 1613/1558/1613 1644/1589/1644
f 1614/1559/1614 1644/1589/1644 1645/1590/1645
f 1621/1566/1621 1646/1591/1646 1647/1592/1647
f 1622/1567/1622 1621/1566/1621 1647/1592/1647
f 1622/1567/1622 1647/1592/1647 1648/1593/1648
f 1625/1570/1625 1622/1567/1622 1648/1593/1648
f 1625/1570/1625 1648/1593/1648 1649/1594/1649
f 1626/1571/1626 1625/1570/1625 1649/1594/1649
f 1626/1571/1626 1649/1594/1649 1650/1595/1650
f 1635/1580/1635 1626/1571/1626 1650/1595/1650
f 1635/1580/1635 1650/1595/1650 1651/1596/1651
f 1637/1582/1637 1635/1580/1635 1651/1596/1651
f 1637/1582/1637 1651/1596/1651 1652/1597/1652
f 1639/1584/1639 1637/1582/1637 1652/1597/1652
f 1639/1584/1639 1652/1597/1652 1653/1598/1653
f 1636/1581/1636 1638/1583/1638 1654/1599/1654
f 1636/1581/1636 1654/1599/1654 1655/1600/1655
f 1634/1579/1634 1636/1581/1636 1655/1600/1655
f 1634/1579/1634 1655/1600/1655 1656/1601/1656
f 1623/1568/1623 1634/1579/1634 1656/1601/1656
f 1623/1568/1623 1656/1601/1656 1657/1602/1657
f 1624/1569/1624 1623/1568/1623 1657/1602/1657
f 1624/1569/1624 1657/1602/1657 1658/1603/1658
f 1619/1564/1619 1624/1569/1624 1658/1603/1658
f 1619/1564/1619 1658/1603/1658 1659/1604/1659
f 1620/1565/1620 1619/1564/1619 1659/1604/1659
f 1620/1565/1620 1659/1604/1659 1640/1585/1640
f 1560/1505/1560 1660/1605/1660 1627/1572/1627
f 1560/1505/1560 1627/1572/1627 1561/1506/1561
f 1555/1500/1555 1661/1606/1661 1662/1607/1662
f 1555/1500/1555 1662/1607/1662 1663/1608/1663
f 1550/1495/1550 1555/1500/1555 1663/1608/1663
f 1550/1495/1550 1663/1608/1663 1664/1609/1664
f 1547/1492/1547 1550/1495/1550 1664/1609/1664
f 1547/1492/1547 1664/1609/1664 1665/1610/1665
f 1545/1490/1545 1552/1497/1552 1666/1611/1666
f 1545/1490/1545 1666/1611/1666 1645/1590/1645
f 1546/1491/1546 1545/1490/1545 1645/1590/1645
f 1546/1491/1546 1645/1590/1645 1644/1589/1644
f 1554/1499/1554 1546/1491/1546 1644/1589/1644
f 1554/1499/1554 1644/1589/1644 1643/1588/1643
f 1630/1575/1630 1631/1576/1631 1554/1499/1554
f 1630/1575/1630 1554/1499/1554 1643/1588/1643
f 1589/1534/1589 1591/1536/1591 1631/1576/1631
f 1589/1534/1589 1631/1576/1631 1630/1575/1630
f 1588/1533/1588 1590/1535/1590 1591/1536/1591
f 1588/1533/1588 1591/1536/1591 1589/1534/1589
f 1608/1553/1608 1607/1552/1607 1609/1612/1609
f 1608/1553/1608 1609/1612/1609 1610/1613/1610
f 1638/1583/1638 1608/1553/1608 1610/1613/1610
f 1638/1583/1638 1610/1613/1610 1639/1614/1639
f 1654/1599/1654 1638/1583/1638 1639/1614/1639
f 1654/1599/1654 1639/1614/1639 1653/1615/1653
f 1667/1616/1667 1668/1617/1668 1640/1585/1640
f 1667/1616/1667 1640/1585/1640 1659/1604/1659
f 1668/1617/1668 1669/1618/1669 1641/1586/1641
f 1668/1617/1668 1641/1586/1641 1640/1585/1640
f 1615/1560/1615 1632/1577/1632 1642/1587/1642
f 1669/1618/1669 1670/1619/1670 1642/1587/1642
f 1669/1618/1669 1642/1587/1642 1641/1586/1641
f 1671/1620/1671 1672/1621/1672 1647/1592/1647
f 1671/1620/1671 1647/1592/1647 1673/1622/1673
f 1674/1623/1674 1666/1611/1666 1675/1624/1675
f 1676/1625/1676 1547/1492/1547 1665/1610/1665
f 1676/1625/1676 1665/1610/1665 1677/1626/1677
f 1678/1627/1678 1548/1493/1548 1547/1492/1547
f 1678/1627/1678 1547/1492/1547 1676/1625/1676
f 1679/1628/1679 1646/1591/1646 1674/1623/1674
f 1679/1628/1679 1674/1623/1674 1675/1624/1675
f 1673/1622/1673 1647/1592/1647 1646/1591/1646
f 1673/1622/1673 1646/1591/1646 1679/1628/1679
f 1666/1611/1666 1552/1497/1552 1676/1625/1676
f 1666/1611/1666 1676/1625/1676 1677/1626/1677
f 1552/1497/1552 1551/1496/1551 1678/1627/1678
f 1552/1497/1552 1678/1627/1678 1676/1625/1676
f 1670/1619/1670 1669/1618/1669 1549/1494/1549
f 1670/1619/1670 1549/1494/1549 1548/1493/1548
f 1668/1617/1668 1667/1616/1667 1680/1629/1680
f 1668/1617/1668 1680/1629/1680 1558/1503/1558
f 1669/1618/1669 1668/1617/1668 1558/1503/1558
f 1669/1618/1669 1558/1503/1558 1549/1494/1549
f 1551/1496/1551 1681/1630/1681 1678/1627/1678
f 1671/1620/1671 1673/1622/1673 1663/1608/1663
f 1671/1620/1671 1663/1608/1663 1662/1607/1662
f 1673/1622/1673 1679/1628/1679 1664/1609/1664
f 1673/1622/1673 1664/1609/1664 1663/1608/1663
f 1679/1628/1679 1675/1624/1675 1665/1610/1665
f 1679/1628/1679 1665/1610/1665 1664/1609/1664
f 1675/1624/1675 1666/1611/1666 1677/1626/1677
f 1675/1624/1675 1677/1626/1677 1665/1610/1665
f 1597/1542/1597 1593/1538/1593 1596/1541/1596
f 1597/1542/1597 1596/1541/1596 1598/1543/1598
f 1621/1566/1621 1598/1543/1598 1596/1541/1596
f 1621/1566/1621 1633/1578/1633 1646/1591/1646
f 1633/1578/1633 1618/1563/1618 1674/1623/1674
f 1633/1578/1633 1674/1623/1674 1646/1591/1646
f 1618/1563/1618 1617/1562/1617 1666/1611/1666
f 1618/1563/1618 1666/1611/1666 1674/1623/1674
f 1617/1562/1617 1614/1559/1614 1645/1590/1645
f 1617/1562/1617 1645/1590/1645 1666/1611/1666
f 1642/1587/1642 1681/1630/1681 1616/1561/1616
f 1642/1587/1642 1616/1561/1616 1615/1560/1615
f 1681/1630/1681 1642/1587/1642 1670/1619/1670
f 1678/1627/1678 1681/1630/1681 1670/1619/1670
f 1678/1627/1678 1670/1619/1670 1548/1493/1548
f 1628/1573/1628 1616/1561/1616 1681/1630/1681
f 1628/1573/1628 1681/1630/1681 1551/1496/1551
f 1627/1572/1627 1569/1514/1569 1616/1561/1616
f 1627/1572/1627 1616/1561/1616 1628/1573/1628
f 1660/1605/1660 1567/1512/1567 1569/1514/1569
f 1660/1605/1660 1569/1514/1569 1627/1572/1627
f 1533/1478/1533 1542/1487/1542 1605/1631/1605
f 1533/1478/1533 1605/1631/1605 1609/1632/1609
f 1534/1479/1534 1533/1478/1533 1609/1632/1609
f 1534/1479/1534 1609/1632/1609 1607/1633/1607
f 1540/1485/1540 1534/1479/1534 1607/1633/1607
f 1540/1485/1540 1607/1633/1607 1603/1634/1603
f 1536/1481/1536 1540/1485/1540 1603/1634/1603
f 1536/1481/1536 1603/1634/1603 1599/1635/1599
f 1519/1464/1519 1536/1481/1536 1599/1635/1599
f 1519/1464/1519 1599/1635/1599 1579/1636/1579
f 1520/1465/1520 1519/1464/1519 1579/1636/1579
f 1520/1465/1520 1579/1636/1579 1578/1637/1578
f 1511/1456/1511 1520/1465/1520 1578/1637/1578
f 1511/1456/1511 1578/1637/1578 1575/1638/1575
f 1512/1457/1512 1511/1456/1511 1575/1638/1575
f 1512/1457/1512 1575/1638/1575 1574/1639/1574
f 1504/1449/1504 1512/1457/1512 1574/1639/1574
f 1504/1449/1504 1574/1639/1574 1567/1640/1567
f 1505/1450/1505 1504/1449/1504 1567/1640/1567
f 1505/1450/1505 1567/1640/1567 1660/1641/1660
f 1501/1446/1501 1505/1450/1505 1660/1641/1660
f 1501/1446/1501 1660/1641/1660 1560/1642/1560
f 1502/1447/1502 1501/1446/1501 1560/1642/1560
f 1502/1447/1502 1560/1642/1560 1559/1643/1559
f 1491/1436/1491 1502/1447/1502 1559/1643/1559
f 1491/1436/1491 1559/1643/1559 1586/1644/1586
f 1492/1437/1492 1491/1436/1491 1586/1644/1586
f 1492/1437/1492 1586/1644/1586 1590/1645/1590
f 1529/1474/1529 1492/1437/1492 1590/1645/1590
f 1529/1474/1529 1590/1645/1590 1588/1646/1588
f 1493/1438/1493 1492/1437/1492 1529/1474/1529
f 1493/1438/1493 1529/1474/1529 1530/1475/1530
f 1530/1475/1530 1496/1441/1496 1495/1440/1495
f 1530/1475/1530 1495/1440/1495 1493/1438/1493
f 1499/1444/1499 1529/1474/1529 1588/1646/1588
f 1499/1444/1499 1588/1646/1588 1564/1647/1564
f 1500/1445/1500 1499/1444/1499 1564/1647/1564
f 1500/1445/1500 1564/1647/1564 1563/1648/1563
f 1509/1454/1509 1500/1445/1500 1563/1648/1563
f 1509/1454/1509 1563/1648/1563 1571/1649/1571
f 1510/1455/1510 1509/1454/1509 1571/1649/1571
f 1510/1455/1510 1571/1649/1571 1570/1650/1570
f 1517/1462/1517 1510/1455/1510 1570/1650/1570
f 1517/1462/1517 1570/1650/1570 1594/1651/1594
f 1517/1462/1517 1594/1651/1594 1593/1652/1593
f 1518/1463/1518 1517/1462/1517 1593/1652/1593
f 1518/1463/1518 1593/1652/1593 1597/1653/1597
f 1526/1471/1526 1518/1463/1518 1597/1653/1597
f 1526/1471/1526 1597/1653/1597 1583/1654/1583
f 1527/1472/1527 1526/1471/1526 1583/1654/1583
f 1527/1472/1527 1583/1654/1583 1582/1655/1582
f 1538/1483/1538 1527/1472/1527 1582/1655/1582
f 1538/1483/1538 1582/1655/1582 1601/1656/1601
f 1542/1487/1542 1538/1483/1538 1601/1656/1601
f 1542/1487/1542 1601/1656/1601 1605/1631/1605
f 1648/1593/1648 1647/1592/1647 1672/1621/1672
f 1648/1593/1648 1672/1621/1672 1682/1657/1682
f 1649/1594/1649 1648/1593/1648 1682/1657/1682
f 1558/1503/1558 1680/1629/1680 1556/1501/1556
f 1558/1503/1558 1556/1501/1556 1555/1500/1555
f 1555/1500/1555 1557/1502/1557 1661/1606/1661
f 1683/1436/1683 1686/1439/1684 1685/1438/1685
f 1683/1436/1683 1685/1438/1685 1684/1437/1686
f 1687/1440/1687 1690/1443/1688 1689/1442/1689
f 1687/1440/1687 1689/1442/1689 1688/1441/1690
f 1691/1444/1691 1688/1441/1690 1689/1442/1689
f 1691/1444/1691 1689/1442/1689 1692/1445/1692
f 1693/1446/1693 1690/1443/1688 1687/1440/1687
f 1693/1446/1693 1687/1440/1687 1694/1447/1694
f 1695/1448/1695 1698/1451/1696 1697/1450/1697
f 1695/1448/1695 1697/1450/1697 1696/1449/1698
f 1699/1452/1699 1698/1451/1696 1695/1448/1695
f 1699/1452/1699 1695/1448/1695 1700/1453/1700
f 1701/1454/1701 1699/1452/1699 1700/1453/1700
f 1701/1454/1701 1700/1453/1700 1702/1455/1702
f 1703/1456/1703 1706/1459/1704 1705/1458/1705
f 1703/1456/1703 1705/1458/1705 1704/1457/1706
f 1707/1460/1707 1705/1458/1705 1706/1459/1704
f 1707/1460/1707 1706/1459/1704 1708/1461/1708
f 1709/1462/1709 1707/1460/1707 1708/1461/1708
f 1709/1462/1709 1708/1461/1708 1710/1463/1710
f 1711/1464/1711 1713/1466/1712 1712/1465/1713
f 1714/1467/1714 1717/1470/1715 1716/1469/1716
f 1714/1467/1714 1716/1469/1716 1715/1468/1717
f 1718/1471/1718 1720/1473/1719 1719/1472/1720
f 1689/1442/1689 1690/1443/1688 1698/1451/1696
f 1689/1442/1689 1698/1451/1696 1699/1452/1699
f 1697/1450/1697 1698/1451/1696 1690/1443/1688
f 1697/1450/1697 1690/1443/1688 1693/1446/1693
f 1692/1445/1692 1689/1442/1689 1699/1452/1699
f 1692/1445/1692 1699/1452/1699 1701/1454/1701
f 1721/1474/1721 1722/1475/1722 1688/1441/1690
f 1721/1474/1721 1688/1441/1690 1691/1444/1691
f 1685/1438/1685 1686/1439/1684 1687/1440/1687
f 1694/1447/1694 1687/1440/1687 1686/1439/1684
f 1694/1447/1694 1686/1439/1684 1683/1436/1683
f 1708/1461/1708 1706/1459/1704 1713/1466/1712
f 1708/1461/1708 1713/1466/1712 1720/1473/1719
f 1710/1463/1710 1708/1461/1708 1720/1473/1719
f 1710/1463/1710 1720/1473/1719 1718/1471/1718
f 1712/1465/1713 1713/1466/1712 1706/1459/1704
f 1712/1465/1713 1706/1459/1704 1703/1456/1703
f 1702/1455/1702 1700/1453/1700 1707/1460/1707
f 1702/1455/1702 1707/1460/1707 1709/1462/1709
f 1700/1453/1700 1695/1448/1695 1705/1458/1705
f 1700/1453/1700 1705/1458/1705 1707/1460/1707
f 1704/1457/1706 1705/1458/1705 1695/1448/1695
f 1704/1457/1706 1695/1448/1695 1696/1449/1698
f 1723/1476/1723 1726/1479/1724 1725/1478/1725
f 1723/1476/1723 1725/1478/1725 1724/1477/1726
f 1719/1472/1720 1720/1473/1719 1714/1467/1714
f 1719/1472/1720 1714/1467/1714 1715/1468/1717
f 1720/1473/1719 1713/1466/1712 1717/1470/1715
f 1720/1473/1719 1717/1470/1715 1714/1467/1714
f 1713/1466/1712 1711/1464/1711 1716/1469/1716
f 1713/1466/1712 1716/1469/1716 1717/1470/1715
f 1716/1469/1716 1711/1464/1711 1728/1481/1727
f 1716/1469/1716 1728/1481/1727 1727/1480/1728
f 1715/1468/1717 1716/1469/1716 1727/1480/1728
f 1715/1468/1717 1727/1480/1728 1729/1482/1729
f 1730/1483/1730 1719/1472/1720 1715/1468/1717
f 1730/1483/1730 1715/1468/1717 1729/1482/1729
f 1727/1480/1728 1728/1481/1727 1732/1485/1731
f 1727/1480/1728 1732/1485/1731 1731/1484/1732
f 1729/1482/1729 1727/1480/1728 1731/1484/1732
f 1729/1482/1729 1731/1484/1732 1733/1486/1733
f 1734/1487/1734 1730/1483/1730 1729/1482/1729
f 1734/1487/1734 1729/1482/1729 1733/1486/1733
f 1731/1484/1732 1732/1485/1731 1726/1479/1724
f 1731/1484/1732 1726/1479/1724 1723/1476/1723
f 1733/1486/1733 1731/1484/1732 1723/1476/1723
f 1733/1486/1733 1723/1476/1723 1724/1477/1726
f 1725/1478/1725 1734/1487/1734 1733/1486/1733
f 1725/1478/1725 1733/1486/1733 1724/1477/1726
f 1735/1488/1735 1738/1491/1736 1737/1490/1737
f 1735/1488/1735 1737/1490/1737 1736/1489/1738
f 1739/1492/1739 1742/1495/1740 1741/1494/1741
f 1739/1492/1739 1741/1494/1741 1740/1493/1742
f 1736/1489/1738 1737/1490/1737 1744/1497/1743
f 1736/1489/1738 1744/1497/1743 1743/1496/1744
f 1745/1498/1745 1746/1499/1746 1738/1491/1736
f 1745/1498/1745 1738/1491/1736 1735/1488/1735
f 1747/1500/1747 1749/1502/1748 1748/1501/1749
f 1741/1494/1741 1742/1495/1740 1747/1500/1747
f 1741/1494/1741 1747/1500/1747 1750/1503/1750
f 1751/1504/1751 1754/1507/1752 1753/1506/1753
f 1751/1504/1751 1753/1506/1753 1752/1505/1754
f 1755/1508/1755 1758/1511/1756 1757/1510/1757
f 1755/1508/1755 1757/1510/1757 1756/1509/1758
f 1759/1512/1759 1761/1514/1760 1760/1513/1761
f 1762/1515/1762 1765/1518/1763 1764/1517/1764
f 1762/1515/1762 1764/1517/1764 1763/1516/1765
f 1766/1519/1766 1769/1522/1767 1768/1521/1768
f 1766/1519/1766 1768/1521/1768 1767/1520/1769
f 1770/1523/1770 1773/1526/1771 1772/1525/1772
f 1770/1523/1770 1772/1525/1772 1771/1524/1773
f 1774/1527/1774 1777/1530/1775 1776/1529/1776
f 1774/1527/1774 1776/1529/1776 1775/1528/1777
f 1763/1516/1765 1764/1517/1764 1758/1511/1756
f 1763/1516/1765 1758/1511/1756 1755/1508/1755
f 1778/1531/1778 1779/1532/1779 1754/1507/1752
f 1778/1531/1778 1754/1507/1752 1751/1504/1751
f 1756/1509/1758 1757/1510/1757 1781/1534/1780
f 1756/1509/1758 1781/1534/1780 1780/1533/1781
f 1782/1535/1782 1783/1536/1783 1779/1532/1779
f 1782/1535/1782 1779/1532/1779 1778/1531/1778
f 1766/1519/1766 1784/1537/1784 1769/1522/1767
f 1785/1538/1785 1788/1541/1786 1787/1540/1787
f 1785/1538/1785 1787/1540/1787 1786/1539/1788
f 1767/1520/1769 1768/1521/1768 1773/1526/1771
f 1767/1520/1769 1773/1526/1771 1770/1523/1770
f 1775/1528/1777 1776/1529/1776 1790/1543/1789
f 1775/1528/1777 1790/1543/1789 1789/1542/1790
f 1759/1512/1759 1760/1513/1761 1784/1537/1784
f 1759/1512/1759 1784/1537/1784 1766/1519/1766
f 1786/1539/1788 1787/1540/1787 1765/1518/1763
f 1786/1539/1788 1765/1518/1763 1762/1515/1762
f 1771/1524/1773 1772/1525/1772 1792/1545/1791
f 1771/1524/1773 1792/1545/1791 1791/1544/1792
f 1793/1546/1793 1794/1547/1794 1777/1530/1775
f 1793/1546/1793 1777/1530/1775 1774/1527/1774
f 1791/1544/1792 1792/1545/1791 1796/1549/1795
f 1791/1544/1792 1796/1549/1795 1795/1548/1796
f 1797/1550/1797 1798/1551/1798 1794/1547/1794
f 1797/1550/1797 1794/1547/1794 1793/1546/1793
f 1795/1548/1796 1796/1549/1795 1800/1553/1799
f 1795/1548/1796 1800/1553/1799 1799/1552/1800
f 1801/1554/1801 1802/1555/1802 1798/1551/1798
f 1801/1554/1801 1798/1551/1798 1797/1550/1797
f 1754/1507/1752 1804/1557/1803 1803/1556/1804
f 1754/1507/1752 1803/1556/1804 1753/1506/1753
f 1758/1511/1756 1806/1559/1805 1805/1558/1806
f 1758/1511/1756 1805/1558/1806 1757/1510/1757
f 1761/1514/1760 1808/1561/1807 1807/1560/1808
f 1761/1514/1760 1807/1560/1808 1760/1513/1761
f 1765/1518/1763 1810/1563/1809 1809/1562/1810
f 1765/1518/1763 1809/1562/1810 1764/1517/1764
f 1769/1522/1767 1812/1565/1811 1811/1564/1812
f 1769/1522/1767 1811/1564/1812 1768/1521/1768
f 1790/1543/1789 1814/1567/1813 1813/1566/1814
f 1773/1526/1771 1816/1569/1815 1815/1568/1816
f 1773/1526/1771 1815/1568/1816 1772/1525/1772
f 1777/1530/1775 1818/1571/1817 1817/1570/1818
f 1777/1530/1775 1817/1570/1818 1776/1529/1776
f 1819/1572/1819 1753/1506/1753 1803/1556/1804
f 1819/1572/1819 1803/1556/1804 1820/1573/1820
f 1764/1517/1764 1809/1562/1810 1806/1559/1805
f 1764/1517/1764 1806/1559/1805 1758/1511/1756
f 1779/1532/1779 1821/1574/1821 1804/1557/1803
f 1779/1532/1779 1804/1557/1803 1754/1507/1752
f 1757/1510/1757 1805/1558/1806 1822/1575/1822
f 1757/1510/1757 1822/1575/1822 1781/1534/1780
f 1783/1536/1783 1823/1576/1823 1821/1574/1821
f 1783/1536/1783 1821/1574/1821 1779/1532/1779
f 1784/1537/1784 1824/1577/1824 1812/1565/1811
f 1784/1537/1784 1812/1565/1811 1769/1522/1767
f 1788/1541/1786 1813/1566/1814 1825/1578/1825
f 1788/1541/1786 1825/1578/1825 1787/1540/1787
f 1768/1521/1768 1811/1564/1812 1816/1569/1815
f 1768/1521/1768 1816/1569/1815 1773/1526/1771
f 1776/1529/1776 1817/1570/1818 1814/1567/1813
f 1776/1529/1776 1814/1567/1813 1790/1543/1789
f 1760/1513/1761 1807/1560/1808 1824/1577/1824
f 1760/1513/1761 1824/1577/1824 1784/1537/1784
f 1787/1540/1787 1825/1578/1825 1810/1563/1809
f 1787/1540/1787 1810/1563/1809 1765/1518/1763
f 1772/1525/1772 1815/1568/1816 1826/1579/1826
f 1772/1525/1772 1826/1579/1826 1792/1545/1791
f 1794/1547/1794 1827/1580/1827 1818/1571/1817
f 1794/1547/1794 1818/1571/1817 1777/1530/1775
f 1792/1545/1791 1826/1579/1826 1828/1581/1828
f 1792/1545/1791 1828/1581/1828 1796/1549/1795
f 1798/1551/1798 1829/1582/1829 1827/1580/1827
f 1798/1551/1798 1827/1580/1827 1794/1547/1794
f 1796/1549/1795 1828/1581/1828 1830/1583/1830
f 1796/1549/1795 1830/1583/1830 1800/1553/1799
f 1802/1555/1802 1831/1584/1831 1829/1582/1829
f 1802/1555/1802 1829/1582/1829 1798/1551/1798
f 1824/1577/1824 1833/1586/1832 1832/1585/1833
f 1824/1577/1824 1832/1585/1833 1812/1565/1811
f 1834/1587/1834 1833/1586/1832 1824/1577/1824
f 1736/1489/1738 1743/1496/1744 1820/1573/1820
f 1736/1489/1738 1820/1573/1820 1803/1556/1804
f 1804/1557/1803 1735/1488/1735 1736/1489/1738
f 1804/1557/1803 1736/1489/1738 1803/1556/1804
f 1821/1574/1821 1745/1498/1745 1735/1488/1735
f 1821/1574/1821 1735/1488/1735 1804/1557/1803
f 1823/1576/1823 1746/1499/1746 1745/1498/1745
f 1823/1576/1823 1745/1498/1745 1821/1574/1821
f 1805/1558/1806 1836/1589/1835 1835/1588/1836
f 1805/1558/1806 1835/1588/1836 1822/1575/1822
f 1806/1559/1805 1837/1590/1837 1836/1589/1835
f 1806/1559/1805 1836/1589/1835 1805/1558/1806
f 1813/1566/1814 1839/1592/1838 1838/1591/1839
f 1814/1567/1813 1840/1593/1840 1839/1592/1838
f 1814/1567/1813 1839/1592/1838 1813/1566/1814
f 1817/1570/1818 1841/1594/1841 1840/1593/1840
f 1817/1570/1818 1840/1593/1840 1814/1567/1813
f 1818/1571/1817 1842/1595/1842 1841/1594/1841
f 1818/1571/1817 1841/1594/1841 1817/1570/1818
f 1827/1580/1827 1843/1596/1843 1842/1595/1842
f 1827/1580/1827 1842/1595/1842 1818/1571/1817
f 1829/1582/1829 1844/1597/1844 1843/1596/1843
f 1829/1582/1829 1843/1596/1843 1827/1580/1827
f 1831/1584/1831 1845/1598/1845 1844/1597/1844
f 1831/1584/1831 1844/1597/1844 1829/1582/1829
f 1828/1581/1828 1847/1600/1846 1846/1599/1847
f 1828/1581/1828 1846/1599/1847 1830/1583/1830
f 1826/1579/1826 1848/1601/1848 1847/1600/1846
f 1826/1579/1826 1847/1600/1846 1828/1581/1828
f 1815/1568/1816 1849/1602/1849 1848/1601/1848
f 1815/1568/1816 1848/1601/1848 1826/1579/1826
f 1816/1569/1815 1850/1603/1850 1849/1602/1849
f 1816/1569/1815 1849/1602/1849 1815/1568/1816
f 1811/1564/1812 1851/1604/1851 1850/1603/1850
f 1811/1564/1812 1850/1603/1850 1816/1569/1815
f 1812/1565/1811 1832/1585/1833 1851/1604/1851
f 1812/1565/1811 1851/1604/1851 1811/1564/1812
f 1752/1505/1754 1753/1506/1753 1819/1572/1819
f 1752/1505/1754 1819/1572/1819 1852/1605/1852
f 1747/1500/1747 1855/1608/1853 1854/1607/1854
f 1747/1500/1747 1854/1607/1854 1853/1606/1855
f 1742/1495/1740 1856/1609/1856 1855/1608/1853
f 1742/1495/1740 1855/1608/1853 1747/1500/1747
f 1739/1492/1739 1857/1610/1857 1856/1609/1856
f 1739/1492/1739 1856/1609/1856 1742/1495/1740
f 1737/1490/1737 1837/1590/1837 1858/1611/1858
f 1737/1490/1737 1858/1611/1858 1744/1497/1743
f 1738/1491/1736 1836/1589/1835 1837/1590/1837
f 1738/1491/1736 1837/1590/1837 1737/1490/1737
f 1746/1499/1746 1835/1588/1836 1836/1589/1835
f 1746/1499/1746 1836/1589/1835 1738/1491/1736
f 1822/1575/1822 1835/1588/1836 1746/1499/1746
f 1822/1575/1822 1746/1499/1746 1823/1576/1823
f 1781/1534/1780 1822/1575/1822 1823/1576/1823
f 1781/1534/1780 1823/1576/1823 1783/1536/1783
f 1780/1533/1781 1781/1534/1780 1783/1536/1783
f 1780/1533/1781 1783/1536/1783 1782/1535/1782
f 1800/1553/1799 1802/1613/1802 1801/1612/1801
f 1800/1553/1799 1801/1612/1801 1799/1552/1800
f 1830/1583/1830 1831/1614/1831 1802/1613/1802
f 1830/1583/1830 1802/1613/1802 1800/1553/1799
f 1846/1599/1847 1845/1615/1845 1831/1614/1831
f 1846/1599/1847 1831/1614/1831 1830/1583/1830
f 1859/1616/1859 1851/1604/1851 1832/1585/1833
f 1859/1616/1859 1832/1585/1833 1860/1617/1860
f 1860/1617/1860 1832/1585/1833 1833/1586/1832
f 1860/1617/1860 1833/1586/1832 1861/1618/1861
f 1807/1560/1808 1834/1587/1834 1824/1577/1824
f 1861/1618/1861 1833/1586/1832 1834/1587/1834
f 1861/1618/1861 1834/1587/1834 1862/1619/1862
f 1863/1620/1863 1865/1622/1864 1839/1592/1838
f 1863/1620/1863 1839/1592/1838 1864/1621/1865
f 1866/1623/1866 1867/1624/1867 1858/1611/1858
f 1868/1625/1868 1869/1626/1869 1857/1610/1857
f 1868/1625/1868 1857/1610/1857 1739/1492/1739
f 1870/1627/1870 1868/1625/1868 1739/1492/1739
f 1870/1627/1870 1739/1492/1739 1740/1493/1742
f 1871/1628/1871 1867/1624/1867 1866/1623/1866
f 1871/1628/1871 1866/1623/1866 1838/1591/1839
f 1865/1622/1864 1871/1628/1871 1838/1591/1839
f 1865/1622/1864 1838/1591/1839 1839/1592/1838
f 1858/1611/1858 1869/1626/1869 1868/1625/1868
f 1858/1611/1858 1868/1625/1868 1744/1497/1743
f 1744/1497/1743 1868/1625/1868 1870/1627/1870
f 1744/1497/1743 1870/1627/1870 1743/1496/1744
f 1862/1619/1862 1740/1493/1742 1741/1494/1741
f 1862/1619/1862 1741/1494/1741 1861/1618/1861
f 1860/1617/1860 1750/1503/1750 1872/1629/1872
f 1860/1617/1860 1872/1629/1872 1859/1616/1859
f 1861/1618/1861 1741/1494/1741 1750/1503/1750
f 1861/1618/1861 1750/1503/1750 1860/1617/1860
f 1743/1496/1744 1870/1627/1870 1873/1630/1873
f 1863/1620/1863 1854/1607/1854 1855/1608/1853
f 1863/1620/1863 1855/1608/1853 1865/1622/1864
f 1865/1622/1864 1855/1608/1853 1856/1609/1856
f 1865/1622/1864 1856/1609/1856 1871/1628/1871
f 1871/1628/1871 1856/1609/1856 1857/1610/1857
f 1871/1628/1871 1857/1610/1857 1867/1624/1867
f 1867/1624/1867 1857/1610/1857 1869/1626/1869
f 1867/1624/1867 1869/1626/1869 1858/1611/1858
f 1789/1542/1790 1790/1543/1789 1788/1541/1786
f 1789/1542/1790 1788/1541/1786 1785/1538/1785
f 1813/1566/1814 1788/1541/1786 1790/1543/1789
f 1813/1566/1814 1838/1591/1839 1825/1578/1825
f 1825/1578/1825 1838/1591/1839 1866/1623/1866
f 1825/1578/1825 1866/1623/1866 1810/1563/1809
f 1810/1563/1809 1866/1623/1866 1858/1611/1858
f 1810/1563/1809 1858/1611/1858 1809/1562/1810
f 1809/1562/1810 1858/1611/1858 1837/1590/1837
f 1809/1562/1810 1837/1590/1837 1806/1559/1805
f 1834/1587/1834 1807/1560/1808 1808/1561/1807
f 1834/1587/1834 1808/1561/1807 1873/1630/1873
f 1873/1630/1873 1862/1619/1862 1834/1587/1834
f 1870/1627/1870 1740/1493/1742 1862/1619/1862
f 1870/1627/1870 1862/1619/1862 1873/1630/1873
f 1820/1573/1820 1743/1496/1744 1873/1630/1873
f 1820/1573/1820 1873/1630/1873 1808/1561/1807
f 1819/1572/1819 1820/1573/1820 1808/1561/1807
f 1819/1572/1819 1808/1561/1807 1761/1514/1760
f 1852/1605/1852 1819/1572/1819 1761/1514/1760
f 1852/1605/1852 1761/1514/1760 1759/1512/1759
f 1725/1478/1725 1801/1632/1801 1797/1631/1797
f 1725/1478/1725 1797/1631/1797 1734/1487/1734
f 1726/1479/1724 1799/1633/1800 1801/1632/1801
f 1726/1479/1724 1801/1632/1801 1725/1478/1725
f 1732/1485/1731 1795/1634/1796 1799/1633/1800
f 1732/1485/1731 1799/1633/1800 1726/1479/1724
f 1728/1481/1727 1791/1635/1792 1795/1634/1796
f 1728/1481/1727 1795/1634/1796 1732/1485/1731
f 1711/1464/1711 1771/1636/1773 1791/1635/1792
f 1711/1464/1711 1791/1635/1792 1728/1481/1727
f 1712/1465/1713 1770/1637/1770 1771/1636/1773
f 1712/1465/1713 1771/1636/1773 1711/1464/1711
f 1703/1456/1703 1767/1638/1769 1770/1637/1770
f 1703/1456/1703 1770/1637/1770 1712/1465/1713
f 1704/1457/1706 1766/1639/1766 1767/1638/1769
f 1704/1457/1706 1767/1638/1769 1703/1456/1703
f 1696/1449/1698 1759/1640/1759 1766/1639/1766
f 1696/1449/1698 1766/1639/1766 1704/1457/1706
f 1697/1450/1697 1852/1641/1852 1759/1640/1759
f 1697/1450/1697 1759/1640/1759 1696/1449/1698
f 1693/1446/1693 1752/1642/1754 1852/1641/1852
f 1693/1446/1693 1852/1641/1852 1697/1450/1697
f 1694/1447/1694 1751/1643/1751 1752/1642/1754
f 1694/1447/1694 1752/1642/1754 1693/1446/1693
f 1683/1436/1683 1778/1644/1778 1751/1643/1751
f 1683/1436/1683 1751/1643/1751 1694/1447/1694
f 1684/1437/1686 1782/1645/1782 1778/1644/1778
f 1684/1437/1686 1778/1644/1778 1683/1436/1683
f 1721/1474/1721 1780/1646/1781 1782/1645/1782
f 1721/1474/1721 1782/1645/1782 1684/1437/1686
f 1685/1438/1685 1722/1475/1722 1721/1474/1721
f 1685/1438/1685 1721/1474/1721 1684/1437/1686
f 1722/1475/1722 1685/1438/1685 1687/1440/1687
f 1722/1475/1722 1687/1440/1687 1688/1441/1690
f 1691/1444/1691 1756/1647/1758 1780/1646/1781
f 1691/1444/1691 1780/1646/1781 1721/1474/1721
f 1692/1445/1692 1755/1648/1755 1756/1647/1758
f 1692/1445/1692 1756/1647/1758 1691/1444/1691
f 1701/1454/1701 1755/1648/1755 1692/1445/1692
f 1701/1454/1701 1763/1649/1765 1755/1648/1755
f 1702/1455/1702 1762/1650/1762 1763/1649/1765
f 1702/1455/1702 1763/1649/1765 1701/1454/1701
f 1709/1462/1709 1786/1651/1788 1762/1650/1762
f 1709/1462/1709 1762/1650/1762 1702/1455/1702
f 1709/1462/1709 1785/1652/1785 1786/1651/1788
f 1710/1463/1710 1789/1653/1790 1785/1652/1785
f 1710/1463/1710 1785/1652/1785 1709/1462/1709
f 1718/1471/1718 1775/1654/1777 1789/1653/1790
f 1718/1471/1718 1789/1653/1790 1710/1463/1710
f 1719/1472/1720 1774/1655/1774 1775/1654/1777
f 1719/1472/1720 1775/1654/1777 1718/1471/1718
f 1730/1483/1730 1793/1656/1793 1774/1655/1774
f 1730/1483/1730 1774/1655/1774 1719/1472/1720
f 1734/1487/1734 1797/1631/1797 1793/1656/1793
f 1734/1487/1734 1793/1656/1793 1730/1483/1730
f 1840/1593/1840 1874/1657/1874 1864/1621/1865
f 1840/1593/1840 1864/1621/1865 1839/1592/1838
f 1841/1594/1841 1874/1657/1874 1840/1593/1840
f 1750/1503/1750 1747/1500/1747 1748/1501/1749
f 1750/1503/1750 1748/1501/1749 1872/1629/1872
f 1747/1500/1747 1853/1606/1855 1749/1502/1748
o eyes
v 0.035475 0.839515 0.094282
v 0.035121 0.840217 0.094331
v 0.034569 0.840774 0.094408
v 0.033874 0.841131 0.094504
v 0.033103 0.841254 0.094612
v 0.032333 0.841131 0.094719
v 0.031638 0.840774 0.094816
v 0.031086 0.840217 0.094892
v 0.030732 0.839515 0.094942
v 0.030610 0.838737 0.094958
v 0.030732 0.837959 0.094942
v 0.031086 0.837257 0.094892
v 0.031638 0.836700 0.094816
v 0.032333 0.836343 0.094719
v 0.033103 0.836219 0.094612
v 0.033874 0.836343 0.094504
v 0.034569 0.836700 0.094408
v 0.035121 0.837257 0.094331
v 0.035475 0.837959 0.094282
v 0.035597 0.838737 0.094265
v 0.037869 0.840274 0.094544
v 0.037169 0.841660 0.094641
v 0.036080 0.842760 0.094793
v 0.034707 0.843466 0.094984
v 0.033185 0.843710 0.095196
v 0.031663 0.843466 0.095407
v 0.030290 0.842760 0.095598
v 0.029200 0.841660 0.095750
v 0.028500 0.840274 0.095847
v 0.028259 0.838737 0.095881
v 0.028500 0.837200 0.095847
v 0.029200 0.835814 0.095750
v 0.030290 0.834714 0.095598
v 0.031663 0.834008 0.095407
v 0.033185 0.833764 0.095196
v 0.034707 0.834008 0.094984
v 0.036080 0.834714 0.094793
v 0.037169 0.835814 0.094641
v 0.037869 0.837200 0.094544
v 0.038110 0.838737 0.094511
v 0.040200 0.840995 0.095195
v 0.039172 0.843031 0.095338
v 0.037571 0.844647 0.095561
v 0.035554 0.845685 0.095842
v 0.033318 0.846043 0.096153
v 0.031082 0.845685 0.096464
v 0.029065 0.844647 0.096744
v 0.027464 0.843031 0.096967
v 0.026436 0.840995 0.097110
v 0.026082 0.838737 0.097159
v 0.026436 0.836479 0.097110
v 0.027464 0.834443 0.096967
v 0.029065 0.832826 0.096744
v 0.031082 0.831789 0.096464
v 0.033318 0.831431 0.096153
v 0.035554 0.831789 0.095842
v 0.037571 0.832826 0.095561
v 0.039172 0.834443 0.095338
v 0.040200 0.836479 0.095195
v 0.040554 0.838737 0.095146
v 0.042410 0.841660 0.096220
v 0.041079 0.844297 0.096405
v 0.039006 0.846389 0.096694
v 0.036395 0.847733 0.097057
v 0.033500 0.848196 0.097460
v 0.030605 0.847733 0.097862
v 0.027993 0.846389 0.098225
v 0.025920 0.844297 0.098514
v 0.024589 0.841660 0.098699
v 0.024131 0.838737 0.098763
v 0.024589 0.835814 0.098699
v 0.025920 0.833177 0.098514
v 0.027993 0.831085 0.098225
v 0.030605 0.829741 0.097862
v 0.033500 0.829278 0.097460
v 0.036395 0.829741 0.097057
v 0.039006 0.831085 0.096694
v 0.041079 0.833177 0.096405
v 0.042410 0.835814 0.096220
v 0.042868 0.838737 0.096156
v 0.044444 0.842253 0.097593
v 0.042844 0.845425 0.097815
v 0.040350 0.847943 0.098162
v 0.037208 0.849559 0.098599
v 0.033726 0.850116 0.099084
v 0.030243 0.849559 0.099568
v 0.027101 0.847943 0.100005
v 0.024608 0.845425 0.100352
v 0.023007 0.842253 0.100575
v 0.022455 0.838737 0.100652
v 0.023007 0.835221 0.100575
v 0.024608 0.832049 0.100352
v 0.027101 0.829531 0.100005
v 0.030243 0.827915 0.099568
v 0.033726 0.827358 0.099084
v 0.037208 0.827915 0.098599
v 0.040350 0.829531 0.098162
v 0.042844 0.832049 0.097815
v 0.044444 0.835221 0.097593
v 0.044996 0.838737 0.097516
v 0.046254 0.842760 0.099280
v 0.044422 0.846389 0.099535
v 0.041570 0.849270 0.099931
v 0.037975 0.851119 0.100431
v 0.033990 0.851756 0.100986
v 0.030005 0.851119 0.101540
v 0.026411 0.849270 0.102040
v 0.023558 0.846389 0.102437
v 0.021726 0.842760 0.102692
v 0.021095 0.838737 0.102779
v 0.021726 0.834714 0.102692
v 0.023558 0.831085 0.102437
v 0.026411 0.828204 0.102040
v 0.030005 0.826355 0.101540
v 0.033990 0.825718 0.100986
v 0.037975 0.826355 0.100431
v 0.041570 0.828204 0.099931
v 0.044422 0.831085 0.099535
v 0.046254 0.834714 0.099280
v 0.046885 0.838737 0.099192
v 0.047793 0.843168 0.101239
v 0.045776 0.847165 0.101520
v 0.042634 0.850337 0.101957
v 0.038675 0.852374 0.102508
v 0.034287 0.853075 0.103118
v 0.029898 0.852374 0.103729
v 0.025939 0.850337 0.104279
v 0.022797 0.847165 0.104716
v 0.020780 0.843168 0.104997
v 0.020085 0.838737 0.105094
v 0.020780 0.834306 0.104997
v 0.022797 0.830309 0.104716
v 0.025939 0.827137 0.104279
v 0.029898 0.825100 0.103729
v 0.034287 0.824399 0.103118
v 0.038675 0.825100 0.102508
v 0.042634 0.827137 0.101957
v 0.045776 0.830309 0.101520
v 0.047793 0.834306 0.101239
v 0.048488 0.838737 0.101143
v 0.049025 0.843466 0.103424
v 0.046872 0.847733 0.103723
v 0.043518 0.851119 0.104190
v 0.039292 0.853293 0.104777
v 0.034608 0.854042 0.105429
v 0.029924 0.853293 0.106081
v 0.025698 0.851119 0.106668
v 0.022344 0.847733 0.107135
v 0.020191 0.843466 0.107434
v 0.019449 0.838737 0.107538
v 0.020191 0.834008 0.107434
v 0.022344 0.829741 0.107135
v 0.025698 0.826355 0.106668
v 0.029924 0.824181 0.106081
v 0.034608 0.823432 0.105429
v 0.039292 0.824181 0.104777
v 0.043518 0.826355 0.104190
v 0.046872 0.829741 0.103723
v 0.049025 0.834008 0.103424
v 0.049767 0.838737 0.103320
v 0.049919 0.843648 0.105778
v 0.047683 0.848079 0.106089
v 0.044200 0.851596 0.106574
v 0.039811 0.853853 0.107184
v 0.034947 0.854631 0.107861
v 0.030082 0.853853 0.108538
v 0.025693 0.851596 0.109148
v 0.022210 0.848079 0.109633
v 0.019974 0.843648 0.109944
v 0.019204 0.838737 0.110051
v 0.019974 0.833825 0.109944
v 0.022210 0.829395 0.109633
v 0.025693 0.825878 0.109148
v 0.030082 0.823621 0.108538
v 0.034947 0.822843 0.107861
v 0.039811 0.823621 0.107184
v 0.044200 0.825878 0.106574
v 0.047683 0.829395 0.106089
v 0.049919 0.833825 0.105778
v 0.050689 0.838737 0.105671
v 0.050452 0.843710 0.108246
v 0.048188 0.848196 0.108561
v 0.044662 0.851756 0.109051
v 0.040219 0.854042 0.109669
v 0.035293 0.854829 0.110354
v 0.030368 0.854042 0.111039
v 0.025925 0.851756 0.111658
v 0.022398 0.848196 0.112148
v 0.020134 0.843710 0.112463
v 0.019354 0.838737 0.112571
v 0.020134 0.833764 0.112463
v 0.022398 0.829278 0.112148
v 0.025925 0.825718 0.111658
v 0.030368 0.823432 0.111039
v 0.035293 0.822645 0.110354
v 0.040219 0.823432 0.109669
v 0.044662 0.825718 0.109051
v 0.048188 0.829278 0.108561
v 0.050452 0.833764 0.108246
v 0.051232 0.838737 0.108137
v 0.050612 0.843648 0.110765
v 0.048376 0.848079 0.111076
v 0.044893 0.851596 0.111561
v 0.040505 0.853853 0.112171
v 0.035640 0.854631 0.112848
v 0.030775 0.853853 0.113524
v 0.026387 0.851596 0.114135
v 0.022904 0.848079 0.114619
v 0.020668 0.843648 0.114930
v 0.019898 0.838737 0.115038
v 0.020668 0.833825 0.114930
v 0.022904 0.829395 0.114619
v 0.026387 0.825878 0.114135
v 0.030775 0.823621 0.113524
v 0.035640 0.822843 0.112848
v 0.040505 0.823621 0.112171
v 0.044893 0.825878 0.111561
v 0.048376 0.829395 0.111076
v 0.050612 0.833825 0.110765
v 0.051383 0.838737 0.110658
v 0.050395 0.843466 0.113274
v 0.048242 0.847733 0.113574
v 0.044889 0.851119 0.114040
v 0.040663 0.853293 0.114628
v 0.035978 0.854042 0.115280
v 0.031294 0.853293 0.115931
v 0.027068 0.851119 0.116519
v 0.023715 0.847733 0.116986
v 0.021562 0.843466 0.117285
v 0.020820 0.838737 0.117388
v 0.021562 0.834008 0.117285
v 0.023715 0.829741 0.116986
v 0.027068 0.826355 0.116519
v 0.031294 0.824181 0.115931
v 0.035978 0.823432 0.115280
v 0.040663 0.824181 0.114628
v 0.044889 0.826355 0.114040
v 0.048242 0.829741 0.113574
v 0.050395 0.834008 0.113274
v 0.051137 0.838737 0.113171
v 0.049806 0.843168 0.115712
v 0.047789 0.847165 0.115992
v 0.044647 0.850337 0.116429
v 0.040688 0.852374 0.116980
v 0.036300 0.853075 0.117590
v 0.031911 0.852374 0.118201
v 0.027952 0.850337 0.118752
v 0.024811 0.847165 0.119189
v 0.022793 0.843168 0.119469
v 0.022098 0.838737 0.119566
v 0.022793 0.834306 0.119469
v 0.024811 0.830309 0.119189
v 0.027952 0.827137 0.118752
v 0.031911 0.825100 0.118201
v 0.036300 0.824399 0.117590
v 0.040688 0.825100 0.116980
v 0.044647 0.827137 0.116429
v 0.047789 0.830309 0.115992
v 0.049806 0.834306 0.115712
v 0.050501 0.838737 0.115615
v 0.048860 0.842760 0.118017
v 0.047029 0.846389 0.118272
v 0.044176 0.849270 0.118669
v 0.040581 0.851119 0.119169
v 0.036596 0.851756 0.119723
v 0.032612 0.851119 0.120277
v 0.029017 0.849270 0.120777
v 0.026164 0.846389 0.121174
v 0.024333 0.842760 0.121429
v 0.023702 0.838737 0.121517
v 0.024333 0.834714 0.121429
v 0.026164 0.831085 0.121174
v 0.029017 0.828204 0.120777
v 0.032612 0.826355 0.120277
v 0.036596 0.825718 0.119723
v 0.040581 0.826355 0.119169
v 0.044176 0.828204 0.118669
v 0.047029 0.831085 0.118272
v 0.048860 0.834714 0.118017
v 0.049491 0.838737 0.117929
v 0.047580 0.842253 0.120134
v 0.045979 0.845425 0.120357
v 0.043486 0.847943 0.120703
v 0.040344 0.849559 0.121140
v 0.036861 0.850116 0.121625
v 0.033378 0.849559 0.122109
v 0.030236 0.847943 0.122546
v 0.027743 0.845425 0.122893
v 0.026142 0.842253 0.123116
v 0.025590 0.838737 0.123193
v 0.026142 0.835221 0.123116
v 0.027743 0.832049 0.122893
v 0.030236 0.829531 0.122546
v 0.033378 0.827915 0.122109
v 0.036861 0.827358 0.121625
v 0.040344 0.827915 0.121140
v 0.043486 0.829531 0.120703
v 0.045979 0.832049 0.120357
v 0.047580 0.835221 0.120134
v 0.048131 0.838737 0.120057
v 0.045997 0.841660 0.122010
v 0.044666 0.844297 0.122195
v 0.042594 0.846389 0.122483
v 0.039982 0.847733 0.122846
v 0.037087 0.848196 0.123249
v 0.034192 0.847733 0.123652
v 0.031580 0.846389 0.124015
v 0.029508 0.844297 0.124303
v 0.028177 0.841660 0.124489
v 0.027718 0.838737 0.124552
v 0.028177 0.835814 0.124489
v 0.029508 0.833177 0.124303
v 0.031580 0.831085 0.124015
v 0.034192 0.829741 0.123652
v 0.037087 0.829278 0.123249
v 0.039982 0.829741 0.122846
v 0.042594 0.831085 0.122483
v 0.044666 0.833177 0.122195
v 0.045997 0.835814 0.122010
v 0.046456 0.838737 0.121946
v 0.044151 0.840995 0.123599
v 0.043123 0.843031 0.123742
v 0.041522 0.844647 0.123964
v 0.039505 0.845685 0.124245
v 0.037269 0.846043 0.124556
v 0.035033 0.845685 0.124867
v 0.033016 0.844647 0.125148
v 0.031415 0.843031 0.125370
v 0.030387 0.840995 0.125513
v 0.030033 0.838737 0.125563
v 0.030387 0.836479 0.125513
v 0.031415 0.834443 0.125370
v 0.033016 0.832826 0.125148
v 0.035033 0.831789 0.124867
v 0.037269 0.831431 0.124556
v 0.039505 0.831789 0.124245
v 0.041522 0.832826 0.123964
v 0.043123 0.834443 0.123742
v 0.044151 0.836479 0.123599
v 0.044505 0.838737 0.123549
v 0.042086 0.840274 0.124862
v 0.041387 0.841660 0.124959
v 0.040297 0.842760 0.125110
v 0.038924 0.843466 0.125301
v 0.037402 0.843710 0.125513
v 0.035880 0.843466 0.125725
v 0.034507 0.842760 0.125916
v 0.033417 0.841660 0.126067
v 0.032718 0.840274 0.126165
v 0.032476 0.838737 0.126198
v 0.032718 0.837200 0.126165
v 0.033417 0.835814 0.126067
v 0.034507 0.834714 0.125916
v 0.035880 0.834008 0.125725
v 0.037402 0.833764 0.125513
v 0.038924 0.834008 0.125301
v 0.040297 0.834714 0.125110
v 0.041387 0.835814 0.124959
v 0.042086 0.837200 0.124862
v 0.042327 0.838737 0.124828
v 0.039854 0.839515 0.125767
v 0.039500 0.840217 0.125816
v 0.038949 0.840774 0.125893
v 0.038254 0.841131 0.125990
v 0.037483 0.841254 0.126097
v 0.036713 0.841131 0.126204
v 0.036017 0.840774 0.126301
v 0.035466 0.840217 0.126378
v 0.035112 0.839515 0.126427
v 0.034990 0.838737 0.126444
v 0.035112 0.837959 0.126427
v 0.035466 0.837257 0.126378
v 0.036017 0.836700 0.126301
v 0.036713 0.836343 0.126204
v 0.037483 0.836219 0.126097
v 0.038254 0.836343 0.125990
v 0.038949 0.836700 0.125893
v 0.039500 0.837257 0.125816
v 0.039854 0.837959 0.125767
v 0.039976 0.838737 0.125750
v 0.033076 0.838737 0.094416
v 0.037510 0.838737 0.126711
v 0.050242 0.843641 0.108275
v 0.048009 0.848065 0.108586
v 0.044532 0.851575 0.109069
v 0.040150 0.853829 0.109679
v 0.035293 0.854606 0.110354
v 0.030436 0.853829 0.111030
v 0.026054 0.851575 0.111639
v 0.022577 0.848065 0.112123
v 0.020345 0.843641 0.112434
v 0.019575 0.838737 0.112541
v 0.020345 0.833833 0.112434
v 0.022577 0.829409 0.112123
v 0.026054 0.825898 0.111639
v 0.030436 0.823644 0.111030
v 0.035293 0.822868 0.110354
v 0.040150 0.823644 0.109679
v 0.044532 0.825898 0.109069
v 0.048009 0.829409 0.108586
v 0.050242 0.833833 0.108275
v 0.051011 0.838737 0.108168
v 0.050400 0.843580 0.110759
v 0.048195 0.847950 0.111066
v 0.044760 0.851417 0.111544
v 0.040433 0.853644 0.112146
v 0.035635 0.854411 0.112813
v 0.030838 0.853644 0.113480
v 0.026510 0.851417 0.114082
v 0.023076 0.847950 0.114560
v 0.020871 0.843580 0.114867
v 0.020111 0.838737 0.114973
v 0.020871 0.833893 0.114867
v 0.023076 0.829524 0.114560
v 0.026510 0.826056 0.114082
v 0.030838 0.823830 0.113480
v 0.035635 0.823063 0.112813
v 0.040433 0.823830 0.112146
v 0.044760 0.826056 0.111544
v 0.048195 0.829524 0.111066
v 0.050400 0.833893 0.110759
v 0.051160 0.838737 0.110654
v 0.050186 0.843401 0.113234
v 0.048063 0.847608 0.113529
v 0.044755 0.850947 0.113989
v 0.040588 0.853091 0.114569
v 0.035969 0.853829 0.115211
v 0.031349 0.853091 0.115854
v 0.027182 0.850947 0.116434
v 0.023875 0.847608 0.116894
v 0.021752 0.843401 0.117189
v 0.021020 0.838737 0.117291
v 0.021752 0.834073 0.117189
v 0.023875 0.829866 0.116894
v 0.027182 0.826527 0.116434
v 0.031349 0.824383 0.115854
v 0.035969 0.823644 0.115211
v 0.040588 0.824383 0.114569
v 0.044755 0.826527 0.113989
v 0.048063 0.829866 0.113529
v 0.050186 0.834073 0.113234
v 0.050917 0.838737 0.113132
v 0.049605 0.843106 0.115637
v 0.047616 0.847048 0.115914
v 0.044518 0.850176 0.116345
v 0.040614 0.852184 0.116888
v 0.036286 0.852877 0.117490
v 0.031958 0.852184 0.118092
v 0.028054 0.850176 0.118635
v 0.024956 0.847048 0.119066
v 0.022967 0.843106 0.119343
v 0.022281 0.838737 0.119438
v 0.022967 0.834368 0.119343
v 0.024956 0.830426 0.119066
v 0.028054 0.827298 0.118635
v 0.031958 0.825289 0.118092
v 0.036286 0.824597 0.117490
v 0.040614 0.825289 0.116888
v 0.044518 0.827298 0.116345
v 0.047616 0.830426 0.115914
v 0.049605 0.834367 0.115637
v 0.050291 0.838737 0.115542
v 0.048672 0.842704 0.117911
v 0.046866 0.846283 0.118162
v 0.044053 0.849123 0.118553
v 0.040508 0.850947 0.119047
v 0.036578 0.851575 0.119593
v 0.032649 0.850947 0.120140
v 0.029104 0.849123 0.120633
v 0.026291 0.846283 0.121024
v 0.024485 0.842704 0.121275
v 0.023862 0.838737 0.121362
v 0.024485 0.834770 0.121275
v 0.026291 0.831191 0.121024
v 0.029104 0.828350 0.120633
v 0.032649 0.826527 0.120140
v 0.036578 0.825898 0.119593
v 0.040508 0.826527 0.119047
v 0.044053 0.828350 0.118553
v 0.046866 0.831191 0.118162
v 0.048672 0.834770 0.117911
v 0.049294 0.838737 0.117824
v 0.047410 0.842204 0.119998
v 0.045831 0.845333 0.120218
v 0.043372 0.847815 0.120560
v 0.040274 0.849409 0.120991
v 0.036839 0.849958 0.121469
v 0.033405 0.849409 0.121946
v 0.030306 0.847815 0.122377
v 0.027848 0.845333 0.122719
v 0.026269 0.842204 0.122939
v 0.025725 0.838737 0.123015
v 0.026269 0.835269 0.122939
v 0.027848 0.832141 0.122719
v 0.030306 0.829659 0.122377
v 0.033405 0.828065 0.121946
v 0.036839 0.827516 0.121469
v 0.040274 0.828065 0.120991
v 0.043372 0.829659 0.120560
v 0.045831 0.832141 0.120218
v 0.047410 0.835269 0.119998
v 0.047954 0.838737 0.119923
v 0.045849 0.841619 0.121848
v 0.044536 0.844220 0.122031
v 0.042493 0.846283 0.122315
v 0.039917 0.847608 0.122673
v 0.037062 0.848065 0.123070
v 0.034207 0.847608 0.123468
v 0.031632 0.846283 0.123826
v 0.029588 0.844220 0.124110
v 0.028275 0.841619 0.124293
v 0.027823 0.838737 0.124356
v 0.028275 0.835854 0.124293
v 0.029588 0.833254 0.124110
v 0.031632 0.831191 0.123826
v 0.034207 0.829866 0.123468
v 0.037062 0.829409 0.123070
v 0.039917 0.829866 0.122673
v 0.042493 0.831191 0.122315
v 0.044536 0.833254 0.122031
v 0.045849 0.835854 0.121848
v 0.046301 0.838737 0.121785
v 0.044028 0.840963 0.123415
v 0.043014 0.842972 0.123556
v 0.041436 0.844565 0.123776
v 0.039446 0.845589 0.124052
v 0.037241 0.845941 0.124359
v 0.035036 0.845589 0.124666
v 0.033047 0.844565 0.124943
v 0.031468 0.842972 0.125162
v 0.030455 0.840963 0.125303
v 0.030106 0.838737 0.125352
v 0.030455 0.836511 0.125303
v 0.031468 0.834502 0.125162
v 0.033047 0.832908 0.124943
v 0.035036 0.831885 0.124666
v 0.037241 0.831532 0.124359
v 0.039446 0.831885 0.124052
v 0.041436 0.832908 0.123776
v 0.043014 0.834502 0.123556
v 0.044028 0.836511 0.123415
v 0.044377 0.838737 0.123366
v 0.042377 0.840386 0.124431
v 0.041626 0.841874 0.124535
v 0.040456 0.843055 0.124698
v 0.038982 0.843813 0.124903
v 0.037349 0.844075 0.125130
v 0.035715 0.843813 0.125357
v 0.034241 0.843055 0.125562
v 0.033071 0.841874 0.125725
v 0.032320 0.840386 0.125830
v 0.032062 0.838737 0.125866
v 0.032320 0.837087 0.125830
v 0.033071 0.835599 0.125725
v 0.034241 0.834419 0.125562
v 0.035715 0.833660 0.125357
v 0.037349 0.833399 0.125130
v 0.038982 0.833660 0.124903
v 0.040456 0.834418 0.124698
v 0.041626 0.835599 0.124535
v 0.042377 0.837087 0.124431
v 0.042636 0.838737 0.124395
v 0.039761 0.839504 0.124998
v 0.039411 0.840196 0.125047
v 0.038867 0.840745 0.125122
v 0.038182 0.841098 0.125218
v 0.037422 0.841219 0.125324
v 0.036662 0.841098 0.125429
v 0.035977 0.840745 0.125525
v 0.035433 0.840196 0.125600
v 0.035084 0.839504 0.125649
v 0.034963 0.838737 0.125666
v 0.035084 0.837970 0.125649
v 0.035433 0.837278 0.125600
v 0.035977 0.836728 0.125525
v 0.036662 0.836376 0.125429
v 0.037422 0.836254 0.125324
v 0.038182 0.836376 0.125218
v 0.038867 0.836728 0.125122
v 0.039411 0.837278 0.125047
v 0.039761 0.837970 0.124998
v 0.039881 0.838737 0.124981
v 0.037415 0.838737 0.124902
v 0.038667 0.839147 0.124947
v 0.038481 0.839516 0.124973
v 0.038190 0.839809 0.125014
v 0.037824 0.839998 0.125065
v 0.037419 0.840062 0.125121
v 0.037013 0.839998 0.125178
v 0.036647 0.839809 0.125229
v 0.036357 0.839516 0.125269
v 0.036170 0.839147 0.125295
v 0.036106 0.838737 0.125304
v 0.036170 0.838327 0.125295
v 0.036357 0.837958 0.125269
v 0.036647 0.837665 0.125229
v 0.037013 0.837476 0.125178
v 0.037419 0.837411 0.125121
v 0.037824 0.837476 0.125065
v 0.038190 0.837665 0.125014
v 0.038481 0.837958 0.124973
v 0.038667 0.838327 0.124947
v 0.038732 0.838737 0.124939
v 0.041516 0.840092 0.124812
v 0.041147 0.839966 0.124940
v 0.040588 0.841076 0.125018
v 0.040900 0.841314 0.124898
v 0.039717 0.841957 0.125139
v 0.039939 0.842285 0.125032
v 0.038618 0.842524 0.125292
v 0.038728 0.842908 0.125200
v 0.037399 0.842720 0.125462
v 0.037386 0.843123 0.125387
v 0.036180 0.842526 0.125632
v 0.036043 0.842909 0.125574
v 0.035079 0.841961 0.125785
v 0.034832 0.842286 0.125742
v 0.034205 0.841080 0.125907
v 0.033870 0.841316 0.125876
v 0.033643 0.839969 0.125985
v 0.033253 0.840093 0.125962
v 0.033450 0.838737 0.126012
v 0.033040 0.838737 0.125992
v 0.033643 0.837505 0.125985
v 0.033253 0.837381 0.125962
v 0.034205 0.836394 0.125907
v 0.033870 0.836158 0.125876
v 0.035079 0.835512 0.125785
v 0.034832 0.835187 0.125742
v 0.036180 0.834947 0.125632
v 0.036043 0.834565 0.125574
v 0.037399 0.834754 0.125462
v 0.037386 0.834350 0.125387
v 0.038618 0.834950 0.125292
v 0.038728 0.834566 0.125200
v 0.039717 0.835517 0.125139
v 0.039939 0.835189 0.125032
v 0.040588 0.836398 0.125018
v 0.040900 0.836159 0.124898
v 0.041147 0.837507 0.124940
v 0.041516 0.837382 0.124812
v 0.041340 0.838737 0.124913
v 0.041729 0.838737 0.124783
v -0.025440 0.839515 0.094942
v -0.025794 0.840217 0.094892
v -0.026345 0.840774 0.094816
v -0.027040 0.841131 0.094719
v -0.027811 0.841254 0.094612
v -0.028581 0.841131 0.094504
v -0.029276 0.840774 0.094408
v -0.029828 0.840217 0.094331
v -0.030182 0.839515 0.094282
v -0.030304 0.838737 0.094265
v -0.030182 0.837959 0.094282
v -0.029828 0.837257 0.094331
v -0.029276 0.836700 0.094408
v -0.028581 0.836343 0.094504
v -0.027811 0.836219 0.094612
v -0.027040 0.836343 0.094719
v -0.026345 0.836700 0.094816
v -0.025794 0.837257 0.094892
v -0.025440 0.837959 0.094942
v -0.025317 0.838737 0.094958
v -0.023208 0.840274 0.095847
v -0.023907 0.841660 0.095750
v -0.024997 0.842760 0.095598
v -0.026370 0.843466 0.095407
v -0.027892 0.843710 0.095196
v -0.029414 0.843466 0.094984
v -0.030787 0.842760 0.094793
v -0.031877 0.841660 0.094641
v -0.032577 0.840274 0.094544
v -0.032818 0.838737 0.094511
v -0.032577 0.837200 0.094544
v -0.031877 0.835814 0.094641
v -0.030787 0.834714 0.094793
v -0.029414 0.834008 0.094984
v -0.027892 0.833764 0.095196
v -0.026370 0.834008 0.095407
v -0.024997 0.834714 0.095598
v -0.023907 0.835814 0.095750
v -0.023208 0.837200 0.095847
v -0.022967 0.838737 0.095881
v -0.021143 0.840995 0.097110
v -0.022171 0.843031 0.096967
v -0.023772 0.844647 0.096744
v -0.025789 0.845685 0.096464
v -0.028025 0.846043 0.096153
v -0.030261 0.845685 0.095842
v -0.032279 0.844647 0.095561
v -0.033879 0.843031 0.095338
v -0.034907 0.840995 0.095195
v -0.035261 0.838737 0.095146
v -0.034907 0.836479 0.095195
v -0.033879 0.834443 0.095338
v -0.032279 0.832826 0.095561
v -0.030261 0.831789 0.095842
v -0.028025 0.831431 0.096153
v -0.025789 0.831789 0.096464
v -0.023772 0.832826 0.096744
v -0.022171 0.834443 0.096967
v -0.021143 0.836479 0.097110
v -0.020789 0.838737 0.097159
v -0.019297 0.841660 0.098699
v -0.020628 0.844297 0.098514
v -0.022700 0.846389 0.098225
v -0.025312 0.847733 0.097862
v -0.028207 0.848196 0.097460
v -0.031102 0.847733 0.097057
v -0.033714 0.846389 0.096694
v -0.035786 0.844297 0.096405
v -0.037117 0.841660 0.096220
v -0.037576 0.838737 0.096156
v -0.037117 0.835814 0.096220
v -0.035786 0.833177 0.096405
v -0.033714 0.831085 0.096694
v -0.031102 0.829741 0.097057
v -0.028207 0.829278 0.097460
v -0.025312 0.829741 0.097862
v -0.022700 0.831085 0.098225
v -0.020628 0.833177 0.098514
v -0.019297 0.835814 0.098699
v -0.018838 0.838737 0.098763
v -0.017714 0.842253 0.100575
v -0.019315 0.845425 0.100352
v -0.021808 0.847943 0.100005
v -0.024950 0.849559 0.099568
v -0.028433 0.850116 0.099084
v -0.031916 0.849559 0.098599
v -0.035058 0.847943 0.098162
v -0.037551 0.845425 0.097816
v -0.039152 0.842253 0.097593
v -0.039703 0.838737 0.097516
v -0.039152 0.835221 0.097593
v -0.037551 0.832049 0.097816
v -0.035058 0.829531 0.098162
v -0.031916 0.827915 0.098599
v -0.028433 0.827358 0.099084
v -0.024950 0.827915 0.099568
v -0.021808 0.829531 0.100005
v -0.019315 0.832049 0.100352
v -0.017714 0.835221 0.100575
v -0.017162 0.838737 0.100652
v -0.016434 0.842760 0.102692
v -0.018265 0.846389 0.102437
v -0.021118 0.849270 0.102040
v -0.024713 0.851119 0.101540
v -0.028698 0.851756 0.100986
v -0.032682 0.851119 0.100431
v -0.036277 0.849270 0.099931
v -0.039130 0.846389 0.099535
v -0.040961 0.842760 0.099280
v -0.041592 0.838737 0.099192
v -0.040961 0.834714 0.099280
v -0.039130 0.831085 0.099535
v -0.036277 0.828204 0.099931
v -0.032682 0.826355 0.100431
v -0.028698 0.825718 0.100986
v -0.024713 0.826355 0.101540
v -0.021118 0.828204 0.102040
v -0.018265 0.831085 0.102437
v -0.016434 0.834714 0.102692
v -0.015803 0.838737 0.102779
v -0.015488 0.843168 0.104997
v -0.017505 0.847165 0.104716
v -0.020647 0.850337 0.104279
v -0.024606 0.852374 0.103729
v -0.028994 0.853075 0.103118
v -0.033383 0.852374 0.102508
v -0.037342 0.850337 0.101957
v -0.040484 0.847165 0.101520
v -0.042501 0.843168 0.101239
v -0.043196 0.838737 0.101143
v -0.042501 0.834306 0.101239
v -0.040484 0.830309 0.101520
v -0.037342 0.827137 0.101957
v -0.033383 0.825100 0.102508
v -0.028994 0.824399 0.103118
v -0.024606 0.825100 0.103729
v -0.020647 0.827137 0.104279
v -0.017505 0.830309 0.104716
v -0.015488 0.834306 0.104997
v -0.014793 0.838737 0.105094
v -0.014899 0.843466 0.107434
v -0.017052 0.847733 0.107135
v -0.020405 0.851119 0.106668
v -0.024631 0.853293 0.106081
v -0.029316 0.854042 0.105429
v -0.034000 0.853293 0.104777
v -0.038226 0.851119 0.104190
v -0.041579 0.847733 0.103723
v -0.043732 0.843466 0.103424
v -0.044474 0.838737 0.103320
v -0.043732 0.834008 0.103424
v -0.041579 0.829741 0.103723
v -0.038226 0.826355 0.104190
v -0.034000 0.824181 0.104777
v -0.029316 0.823432 0.105429
v -0.024631 0.824181 0.106081
v -0.020405 0.826355 0.106668
v -0.017052 0.829741 0.107135
v -0.014899 0.834008 0.107434
v -0.014157 0.838737 0.107538
v -0.014682 0.843648 0.109944
v -0.016918 0.848079 0.109633
v -0.020401 0.851596 0.109148
v -0.024789 0.853853 0.108538
v -0.029654 0.854631 0.107861
v -0.034519 0.853853 0.107184
v -0.038907 0.851596 0.106574
v -0.042390 0.848079 0.106089
v -0.044626 0.843648 0.105778
v -0.045396 0.838737 0.105671
v -0.044626 0.833825 0.105778
v -0.042390 0.829395 0.106089
v -0.038907 0.825878 0.106574
v -0.034519 0.823621 0.107184
v -0.029654 0.822843 0.107861
v -0.024789 0.823621 0.108538
v -0.020401 0.825878 0.109148
v -0.016918 0.829395 0.109633
v -0.014682 0.833825 0.109944
v -0.013911 0.838737 0.110051
v -0.014842 0.843710 0.112463
v -0.017106 0.848196 0.112148
v -0.020632 0.851756 0.111658
v -0.025075 0.854042 0.111039
v -0.030001 0.854829 0.110354
v -0.034926 0.854042 0.109669
v -0.039369 0.851756 0.109051
v -0.042895 0.848196 0.108561
v -0.045160 0.843710 0.108246
v -0.045940 0.838737 0.108137
v -0.045160 0.833764 0.108246
v -0.042895 0.829278 0.108561
v -0.039369 0.825718 0.109051
v -0.034926 0.823432 0.109669
v -0.030001 0.822645 0.110354
v -0.025075 0.823432 0.111039
v -0.020632 0.825718 0.111658
v -0.017106 0.829278 0.112148
v -0.014842 0.833764 0.112463
v -0.014062 0.838737 0.112571
v -0.015375 0.843648 0.114930
v -0.017611 0.848079 0.114619
v -0.021094 0.851596 0.114135
v -0.025483 0.853853 0.113524
v -0.030348 0.854631 0.112848
v -0.035212 0.853853 0.112171
v -0.039601 0.851596 0.111561
v -0.043084 0.848079 0.111076
v -0.045320 0.843648 0.110765
v -0.046090 0.838737 0.110658
v -0.045320 0.833825 0.110765
v -0.043084 0.829395 0.111076
v -0.039601 0.825878 0.111561
v -0.035212 0.823621 0.112171
v -0.030348 0.822843 0.112848
v -0.025483 0.823621 0.113524
v -0.021094 0.825878 0.114135
v -0.017611 0.829395 0.114619
v -0.015375 0.833825 0.114930
v -0.014605 0.838737 0.115038
v -0.016269 0.843466 0.117285
v -0.018422 0.847733 0.116986
v -0.021776 0.851119 0.116519
v -0.026001 0.853293 0.115931
v -0.030686 0.854042 0.115280
v -0.035370 0.853293 0.114628
v -0.039596 0.851119 0.114040
v -0.042950 0.847733 0.113574
v -0.045103 0.843466 0.113274
v -0.045845 0.838737 0.113171
v -0.045103 0.834008 0.113274
v -0.042950 0.829741 0.113574
v -0.039596 0.826355 0.114040
v -0.035370 0.824181 0.114628
v -0.030686 0.823432 0.115280
v -0.026001 0.824181 0.115931
v -0.021776 0.826355 0.116519
v -0.018422 0.829741 0.116986
v -0.016269 0.834008 0.117285
v -0.015527 0.838737 0.117388
v -0.017501 0.843168 0.119469
v -0.019518 0.847165 0.119189
v -0.022660 0.850337 0.118752
v -0.026619 0.852374 0.118201
v -0.031007 0.853075 0.117590
v -0.035396 0.852374 0.116980
v -0.039355 0.850337 0.116429
v -0.042497 0.847165 0.115992
v -0.044514 0.843168 0.115712
v -0.045209 0.838737 0.115615
v -0.044514 0.834306 0.115712
v -0.042497 0.830309 0.115992
v -0.039355 0.827137 0.116429
v -0.035396 0.825100 0.116980
v -0.031007 0.824399 0.117590
v -0.026619 0.825100 0.118201
v -0.022660 0.827137 0.118752
v -0.019518 0.830309 0.119189
v -0.017501 0.834306 0.119469
v -0.016806 0.838737 0.119566
v -0.019040 0.842760 0.121429
v -0.020872 0.846389 0.121174
v -0.023725 0.849270 0.120777
v -0.027319 0.851119 0.120277
v -0.031304 0.851756 0.119723
v -0.035289 0.851119 0.119169
v -0.038883 0.849270 0.118669
v -0.041736 0.846389 0.118272
v -0.043568 0.842760 0.118017
v -0.044199 0.838737 0.117929
v -0.043568 0.834714 0.118017
v -0.041736 0.831085 0.118272
v -0.038883 0.828204 0.118669
v -0.035289 0.826355 0.119169
v -0.031304 0.825718 0.119723
v -0.027319 0.826355 0.120277
v -0.023725 0.828204 0.120777
v -0.020872 0.831085 0.121174
v -0.019040 0.834714 0.121429
v -0.018409 0.838737 0.121517
v -0.020850 0.842253 0.123116
v -0.022450 0.845425 0.122893
v -0.024944 0.847943 0.122546
v -0.028086 0.849559 0.122109
v -0.031568 0.850116 0.121625
v -0.035051 0.849559 0.121140
v -0.038193 0.847943 0.120703
v -0.040686 0.845425 0.120357
v -0.042287 0.842253 0.120134
v -0.042839 0.838737 0.120057
v -0.042287 0.835221 0.120134
v -0.040686 0.832049 0.120357
v -0.038193 0.829531 0.120703
v -0.035051 0.827915 0.121140
v -0.031568 0.827358 0.121625
v -0.028086 0.827915 0.122109
v -0.024944 0.829531 0.122546
v -0.022450 0.832049 0.122893
v -0.020850 0.835221 0.123116
v -0.020298 0.838737 0.123193
v -0.022884 0.841660 0.124489
v -0.024215 0.844297 0.124303
v -0.026288 0.846389 0.124015
v -0.028899 0.847733 0.123652
v -0.031794 0.848196 0.123249
v -0.034690 0.847733 0.122846
v -0.037301 0.846389 0.122483
v -0.039374 0.844297 0.122195
v -0.040704 0.841660 0.122010
v -0.041163 0.838737 0.121946
v -0.040704 0.835814 0.122010
v -0.039374 0.833177 0.122195
v -0.037301 0.831085 0.122483
v -0.034690 0.829741 0.122846
v -0.031794 0.829278 0.123249
v -0.028899 0.829741 0.123652
v -0.026288 0.831085 0.124015
v -0.024215 0.833177 0.124303
v -0.022884 0.835814 0.124489
v -0.022426 0.838737 0.124552
v -0.025094 0.840995 0.125513
v -0.026122 0.843031 0.125370
v -0.027723 0.844647 0.125148
v -0.029740 0.845685 0.124867
v -0.031976 0.846043 0.124556
v -0.034212 0.845685 0.124245
v -0.036229 0.844647 0.123964
v -0.037830 0.843031 0.123742
v -0.038858 0.840995 0.123599
v -0.039212 0.838737 0.123549
v -0.038858 0.836479 0.123599
v -0.037830 0.834443 0.123742
v -0.036229 0.832826 0.123964
v -0.034212 0.831789 0.124245
v -0.031976 0.831431 0.124556
v -0.029740 0.831789 0.124867
v -0.027723 0.832826 0.125148
v -0.026122 0.834443 0.125370
v -0.025094 0.836479 0.125513
v -0.024740 0.838737 0.125563
v -0.027425 0.840274 0.126165
v -0.028125 0.841660 0.126067
v -0.029214 0.842760 0.125916
v -0.030587 0.843466 0.125725
v -0.032109 0.843710 0.125513
v -0.033631 0.843466 0.125301
v -0.035004 0.842760 0.125110
v -0.036094 0.841660 0.124959
v -0.036794 0.840274 0.124862
v -0.037035 0.838737 0.124828
v -0.036794 0.837200 0.124862
v -0.036094 0.835814 0.124959
v -0.035004 0.834714 0.125110
v -0.033631 0.834008 0.125301
v -0.032109 0.833764 0.125513
v -0.030587 0.834008 0.125725
v -0.029214 0.834714 0.125916
v -0.028125 0.835814 0.126067
v -0.027425 0.837200 0.126165
v -0.027184 0.838737 0.126198
v -0.029819 0.839515 0.126427
v -0.030173 0.840217 0.126378
v -0.030725 0.840774 0.126301
v -0.031420 0.841131 0.126204
v -0.032191 0.841254 0.126097
v -0.032961 0.841131 0.125990
v -0.033656 0.840774 0.125893
v -0.034208 0.840217 0.125816
v -0.034562 0.839515 0.125767
v -0.034684 0.838737 0.125750
v -0.034562 0.837959 0.125767
v -0.034208 0.837257 0.125816
v -0.033656 0.836700 0.125893
v -0.032961 0.836343 0.125990
v -0.032191 0.836219 0.126097
v -0.031420 0.836343 0.126204
v -0.030725 0.836700 0.126301
v -0.030173 0.837257 0.126378
v -0.029819 0.837959 0.126427
v -0.029697 0.838737 0.126444
v -0.027784 0.838737 0.094416
v -0.032218 0.838737 0.126711
v -0.015052 0.843641 0.112434
v -0.017285 0.848065 0.112123
v -0.020762 0.851575 0.111639
v -0.025144 0.853829 0.111030
v -0.030001 0.854606 0.110354
v -0.034858 0.853829 0.109679
v -0.039239 0.851575 0.109069
v -0.042717 0.848065 0.108586
v -0.044949 0.843641 0.108275
v -0.045719 0.838737 0.108168
v -0.044949 0.833833 0.108275
v -0.042717 0.829409 0.108586
v -0.039239 0.825898 0.109069
v -0.034858 0.823644 0.109679
v -0.030001 0.822868 0.110354
v -0.025144 0.823644 0.111030
v -0.020762 0.825898 0.111639
v -0.017285 0.829409 0.112123
v -0.015052 0.833833 0.112434
v -0.014283 0.838737 0.112541
v -0.015578 0.843580 0.114867
v -0.017783 0.847950 0.114560
v -0.021218 0.851417 0.114082
v -0.025545 0.853644 0.113480
v -0.030343 0.854411 0.112813
v -0.035140 0.853644 0.112146
v -0.039468 0.851417 0.111544
v -0.042902 0.847950 0.111066
v -0.045107 0.843580 0.110759
v -0.045867 0.838737 0.110654
v -0.045107 0.833893 0.110759
v -0.042902 0.829524 0.111066
v -0.039468 0.826056 0.111544
v -0.035140 0.823830 0.112146
v -0.030343 0.823063 0.112813
v -0.025546 0.823830 0.113480
v -0.021218 0.826056 0.114082
v -0.017783 0.829524 0.114560
v -0.015578 0.833893 0.114867
v -0.014818 0.838737 0.114973
v -0.016459 0.843401 0.117189
v -0.018583 0.847608 0.116894
v -0.021890 0.850947 0.116434
v -0.026057 0.853091 0.115854
v -0.030676 0.853829 0.115211
v -0.035296 0.853091 0.114569
v -0.039463 0.850947 0.113989
v -0.042770 0.847608 0.113529
v -0.044893 0.843401 0.113234
v -0.045625 0.838737 0.113132
v -0.044893 0.834073 0.113234
v -0.042770 0.829866 0.113529
v -0.039463 0.826527 0.113989
v -0.035296 0.824383 0.114569
v -0.030676 0.823644 0.115211
v -0.026057 0.824383 0.115854
v -0.021890 0.826527 0.116434
v -0.018583 0.829866 0.116894
v -0.016459 0.834073 0.117189
v -0.015728 0.838737 0.117291
v -0.017674 0.843106 0.119343
v -0.019663 0.847048 0.119066
v -0.022761 0.850176 0.118635
v -0.026666 0.852184 0.118092
v -0.030993 0.852877 0.117490
v -0.035321 0.852184 0.116888
v -0.039225 0.850176 0.116345
v -0.042323 0.847048 0.115914
v -0.044313 0.843106 0.115637
v -0.044998 0.838737 0.115542
v -0.044313 0.834368 0.115637
v -0.042323 0.830426 0.115914
v -0.039225 0.827298 0.116345
v -0.035321 0.825289 0.116888
v -0.030993 0.824597 0.117490
v -0.026666 0.825289 0.118092
v -0.022761 0.827298 0.118635
v -0.019663 0.830426 0.119066
v -0.017674 0.834367 0.119343
v -0.016989 0.838737 0.119438
v -0.019192 0.842704 0.121275
v -0.020998 0.846283 0.121024
v -0.023812 0.849123 0.120633
v -0.027356 0.850947 0.120140
v -0.031286 0.851575 0.119593
v -0.035215 0.850947 0.119047
v -0.038760 0.849123 0.118553
v -0.041573 0.846283 0.118162
v -0.043380 0.842704 0.117911
v -0.044002 0.838737 0.117824
v -0.043380 0.834770 0.117911
v -0.041573 0.831191 0.118162
v -0.038760 0.828350 0.118553
v -0.035215 0.826527 0.119047
v -0.031286 0.825898 0.119593
v -0.027356 0.826527 0.120140
v -0.023812 0.828350 0.120633
v -0.020998 0.831191 0.121024
v -0.019192 0.834770 0.121275
v -0.018570 0.838737 0.121362
v -0.020977 0.842204 0.122939
v -0.022555 0.845333 0.122719
v -0.025014 0.847815 0.122377
v -0.028112 0.849409 0.121946
v -0.031547 0.849958 0.121469
v -0.034981 0.849409 0.120991
v -0.038080 0.847815 0.120560
v -0.040538 0.845333 0.120218
v -0.042117 0.842204 0.119998
v -0.042661 0.838737 0.119923
v -0.042117 0.835269 0.119998
v -0.040538 0.832141 0.120218
v -0.038080 0.829659 0.120560
v -0.034981 0.828065 0.120991
v -0.031547 0.827516 0.121469
v -0.028112 0.828065 0.121946
v -0.025014 0.829659 0.122377
v -0.022555 0.832141 0.122719
v -0.020977 0.835269 0.122939
v -0.020433 0.838737 0.123015
v -0.022983 0.841619 0.124293
v -0.024295 0.844220 0.124110
v -0.026339 0.846283 0.123826
v -0.028915 0.847608 0.123468
v -0.031769 0.848065 0.123070
v -0.034624 0.847608 0.122673
v -0.037200 0.846283 0.122315
v -0.039244 0.844220 0.122031
v -0.040556 0.841619 0.121848
v -0.041008 0.838737 0.121785
v -0.040556 0.835854 0.121848
v -0.039244 0.833254 0.122031
v -0.037200 0.831191 0.122315
v -0.034624 0.829866 0.122673
v -0.031769 0.829409 0.123070
v -0.028915 0.829866 0.123468
v -0.026339 0.831191 0.123826
v -0.024295 0.833254 0.124110
v -0.022983 0.835854 0.124293
v -0.022531 0.838737 0.124355
v -0.025162 0.840963 0.125303
v -0.026176 0.842972 0.125162
v -0.027755 0.844565 0.124943
v -0.029744 0.845589 0.124666
v -0.031949 0.845941 0.124359
v -0.034154 0.845589 0.124052
v -0.036143 0.844565 0.123776
v -0.037722 0.842972 0.123556
v -0.038735 0.840963 0.123415
v -0.039085 0.838737 0.123366
v -0.038735 0.836511 0.123415
v -0.037722 0.834502 0.123556
v -0.036143 0.832908 0.123776
v -0.034154 0.831885 0.124052
v -0.031949 0.831532 0.124359
v -0.029744 0.831885 0.124666
v -0.027755 0.832908 0.124943
v -0.026176 0.834502 0.125162
v -0.025162 0.836511 0.125303
v -0.024813 0.838737 0.125352
v -0.027028 0.840386 0.125830
v -0.027779 0.841874 0.125725
v -0.028949 0.843055 0.125562
v -0.030422 0.843813 0.125357
v -0.032056 0.844075 0.125130
v -0.033690 0.843813 0.124903
v -0.035164 0.843055 0.124698
v -0.036333 0.841874 0.124535
v -0.037084 0.840386 0.124431
v -0.037343 0.838737 0.124395
v -0.037084 0.837087 0.124431
v -0.036333 0.835599 0.124535
v -0.035164 0.834419 0.124698
v -0.033690 0.833660 0.124903
v -0.032056 0.833399 0.125130
v -0.030422 0.833660 0.125357
v -0.028949 0.834418 0.125562
v -0.027779 0.835599 0.125725
v -0.027028 0.837087 0.125830
v -0.026769 0.838737 0.125866
v -0.029700 0.839504 0.125662
v -0.030049 0.840196 0.125613
v -0.030593 0.840745 0.125537
v -0.031278 0.841098 0.125442
v -0.032038 0.841219 0.125336
v -0.032798 0.841098 0.125231
v -0.033483 0.840745 0.125135
v -0.034027 0.840196 0.125060
v -0.034376 0.839504 0.125011
v -0.034497 0.838737 0.124994
v -0.034376 0.837970 0.125011
v -0.034027 0.837278 0.125060
v -0.033483 0.836728 0.125135
v -0.032798 0.836376 0.125231
v -0.032038 0.836254 0.125336
v -0.031278 0.836376 0.125442
v -0.030593 0.836728 0.125537
v -0.030049 0.837278 0.125613
v -0.029700 0.837970 0.125662
v -0.029579 0.838737 0.125678
v -0.031930 0.838737 0.124929
v -0.030738 0.839147 0.125314
v -0.030924 0.839516 0.125288
v -0.031214 0.839809 0.125248
v -0.031581 0.839998 0.125197
v -0.031986 0.840062 0.125141
v -0.032392 0.839998 0.125084
v -0.032758 0.839809 0.125033
v -0.033048 0.839516 0.124993
v -0.033235 0.839147 0.124967
v -0.033299 0.838737 0.124958
v -0.033235 0.838327 0.124967
v -0.033048 0.837958 0.124993
v -0.032758 0.837665 0.125033
v -0.032392 0.837476 0.125084
v -0.031986 0.837411 0.125141
v -0.031581 0.837476 0.125197
v -0.031214 0.837665 0.125248
v -0.030924 0.837958 0.125288
v -0.030738 0.838327 0.125314
v -0.030673 0.838737 0.125323
v -0.027960 0.840092 0.125962
v -0.028350 0.839966 0.125984
v -0.028909 0.841076 0.125906
v -0.028576 0.841314 0.125876
v -0.029780 0.841957 0.125785
v -0.029537 0.842285 0.125743
v -0.030879 0.842524 0.125633
v -0.030748 0.842908 0.125574
v -0.032098 0.842720 0.125463
v -0.032090 0.843123 0.125388
v -0.033317 0.842526 0.125294
v -0.033433 0.842909 0.125201
v -0.034418 0.841961 0.125141
v -0.034644 0.842286 0.125032
v -0.035292 0.841080 0.125019
v -0.035606 0.841316 0.124899
v -0.035854 0.839969 0.124941
v -0.036224 0.840093 0.124813
v -0.036047 0.838737 0.124914
v -0.036436 0.838737 0.124783
v -0.035854 0.837505 0.124941
v -0.036224 0.837381 0.124813
v -0.035292 0.836394 0.125019
v -0.035606 0.836158 0.124899
v -0.034418 0.835512 0.125141
v -0.034644 0.835187 0.125032
v -0.033317 0.834947 0.125294
v -0.033433 0.834565 0.125201
v -0.032098 0.834754 0.125463
v -0.032090 0.834350 0.125388
v -0.030879 0.834950 0.125633
v -0.030748 0.834566 0.125574
v -0.029780 0.835517 0.125785
v -0.029537 0.835189 0.125743
v -0.028909 0.836398 0.125906
v -0.028576 0.836159 0.125876
v -0.028350 0.837507 0.125984
v -0.027960 0.837382 0.125962
v -0.028157 0.838737 0.126011
v -0.027747 0.838737 0.125991
vn 0.0323 0.0679 -0.9972
vn 0.0033 0.1169 -0.9931
vn 0.1199 0.1983 -0.9728
vn 0.1683 0.1104 -0.9795
vn -0.0393 0.1545 -0.9872
vn 0.0470 0.2667 -0.9626
vn -0.0913 0.1769 -0.9800
vn -0.0433 0.3090 -0.9501
vn -0.1476 0.1820 -0.9721
vn -0.1422 0.3210 -0.9364
vn -0.2027 0.1694 -0.9645
vn -0.2399 0.3017 -0.9227
vn -0.2513 0.1401 -0.9577
vn -0.3268 0.2528 -0.9106
vn -0.2885 0.0971 -0.9526
vn -0.3946 0.1792 -0.9012
vn -0.3107 0.0446 -0.9495
vn -0.4365 0.0880 -0.8954
vn -0.3158 -0.0123 -0.9488
vn -0.4484 -0.0118 -0.8937
vn -0.3032 -0.0679 -0.9505
vn -0.4292 -0.1104 -0.8964
vn -0.2742 -0.1169 -0.9545
vn -0.3809 -0.1982 -0.9031
vn -0.2316 -0.1545 -0.9605
vn -0.3079 -0.2667 -0.9133
vn -0.1797 -0.1769 -0.9677
vn -0.2176 -0.3090 -0.9258
vn -0.1233 -0.1821 -0.9755
vn -0.1188 -0.3210 -0.9396
vn -0.0682 -0.1694 -0.9832
vn -0.0211 -0.3017 -0.9532
vn -0.0197 -0.1401 -0.9899
vn 0.0659 -0.2528 -0.9653
vn 0.0175 -0.0970 -0.9951
vn 0.1336 -0.1792 -0.9747
vn 0.0398 -0.0446 -0.9982
vn 0.1755 -0.0879 -0.9805
vn 0.0448 0.0122 -0.9989
vn 0.1875 0.0118 -0.9822
vn 0.2408 0.2800 -0.9293
vn 0.3088 0.1530 -0.9387
vn 0.1374 0.3796 -0.9149
vn 0.0085 0.4420 -0.8970
vn -0.1332 0.4611 -0.8773
vn -0.2739 0.4351 -0.8577
vn -0.3995 0.3666 -0.8402
vn -0.4982 0.2622 -0.8265
vn -0.5600 0.1320 -0.8179
vn -0.5790 -0.0111 -0.8153
vn -0.5532 -0.1530 -0.8188
vn -0.4853 -0.2800 -0.8283
vn -0.3819 -0.3796 -0.8427
vn -0.2530 -0.4420 -0.8606
vn -0.1113 -0.4611 -0.8803
vn 0.0294 -0.4351 -0.8999
vn 0.1551 -0.3666 -0.9174
vn 0.2537 -0.2621 -0.9311
vn 0.3155 -0.1320 -0.9397
vn 0.3345 0.0110 -0.9423
vn 0.3578 0.3563 -0.8632
vn 0.4439 0.1926 -0.8751
vn 0.2258 0.4851 -0.8448
vn 0.0609 0.5664 -0.8219
vn -0.1209 0.5923 -0.7966
vn -0.3018 0.5602 -0.7714
vn -0.4639 0.4733 -0.7489
vn -0.5915 0.3401 -0.7311
vn -0.6721 0.1735 -0.7199
vn -0.6977 -0.0100 -0.7163
vn -0.6659 -0.1926 -0.7207
vn -0.5798 -0.3563 -0.7328
vn -0.4478 -0.4851 -0.7511
vn -0.2829 -0.5665 -0.7740
vn -0.1011 -0.5923 -0.7993
vn 0.0798 -0.5602 -0.8245
vn 0.2419 -0.4733 -0.8470
vn 0.3695 -0.3401 -0.8648
vn 0.4501 -0.1735 -0.8760
vn 0.4757 0.0101 -0.8796
vn 0.4669 0.4244 -0.7758
vn 0.5691 0.2278 -0.7901
vn 0.3093 0.5795 -0.7540
vn 0.1120 0.6779 -0.7266
vn -0.1057 0.7100 -0.6962
vn -0.3226 0.6725 -0.6661
vn -0.5174 0.5692 -0.6390
vn -0.6711 0.4102 -0.6176
vn -0.7685 0.2111 -0.6040
vn -0.8002 -0.0088 -0.5996
vn -0.7632 -0.2277 -0.6047
vn -0.6609 -0.4244 -0.6189
vn -0.5033 -0.5795 -0.6410
vn -0.3060 -0.6779 -0.6684
vn -0.0884 -0.7100 -0.6986
vn 0.1285 -0.6725 -0.7289
vn 0.3234 -0.5692 -0.7560
vn 0.4770 -0.4102 -0.7773
vn 0.5745 -0.2111 -0.7908
vn 0.6062 0.0088 -0.7953
vn 0.5648 0.4824 -0.6696
vn 0.6808 0.2575 -0.6857
vn 0.3856 0.6602 -0.6446
vn 0.1606 0.7733 -0.6134
vn -0.0879 0.8107 -0.5788
vn -0.3356 0.7688 -0.5443
vn -0.5585 0.6516 -0.5133
vn -0.7345 0.4706 -0.4889
vn -0.8466 0.2436 -0.4732
vn -0.8837 -0.0073 -0.4681
vn -0.8421 -0.2575 -0.4739
vn -0.7261 -0.4824 -0.4900
vn -0.5469 -0.6602 -0.5149
vn -0.3219 -0.7733 -0.5462
vn -0.0735 -0.8108 -0.5807
vn 0.1743 -0.7688 -0.6152
vn 0.3972 -0.6516 -0.6463
vn 0.5732 -0.4706 -0.6708
vn 0.6853 -0.2436 -0.6863
vn 0.7224 0.0073 -0.6915
vn 0.6491 0.5288 -0.5468
vn 0.7762 0.2810 -0.5644
vn 0.4525 0.7249 -0.5194
vn 0.2054 0.8500 -0.4851
vn -0.0679 0.8919 -0.4470
vn -0.3406 0.8466 -0.4091
vn -0.5861 0.7183 -0.3749
vn -0.7803 0.5197 -0.3480
vn -0.9042 0.2703 -0.3307
vn -0.9457 -0.0056 -0.3249
vn -0.9008 -0.2810 -0.3312
vn -0.7737 -0.5288 -0.3489
vn -0.5770 -0.7249 -0.3762
vn -0.3300 -0.8500 -0.4106
vn -0.0567 -0.8919 -0.4486
vn 0.2160 -0.8466 -0.4865
vn 0.4615 -0.7183 -0.5206
vn 0.6557 -0.5197 -0.5476
vn 0.7796 -0.2703 -0.5649
vn 0.8211 0.0057 -0.5707
vn 0.7178 0.5623 -0.4105
vn 0.8527 0.2977 -0.4293
vn 0.5085 0.7720 -0.3814
vn 0.2453 0.9061 -0.3447
vn -0.0463 0.9515 -0.3042
vn -0.3372 0.9037 -0.2637
vn -0.5994 0.7675 -0.2273
vn -0.8071 0.5561 -0.1984
vn -0.9398 0.2904 -0.1799
vn -0.9848 -0.0038 -0.1737
vn -0.9375 -0.2976 -0.1803
vn -0.8026 -0.5623 -0.1990
vn -0.5933 -0.7720 -0.2282
vn -0.3300 -0.9061 -0.2647
vn -0.0386 -0.9515 -0.3053
vn 0.2524 -0.9037 -0.3458
vn 0.5146 -0.7675 -0.3823
vn 0.7222 -0.5562 -0.4112
vn 0.8550 -0.2904 -0.4296
vn 0.9000 0.0038 -0.4359
vn 0.7690 0.5821 -0.2642
vn 0.9084 0.3071 -0.2837
vn 0.5521 0.8002 -0.2341
vn 0.2791 0.9400 -0.1961
vn -0.0233 0.9878 -0.1540
vn -0.3256 0.9389 -0.1119
vn -0.5980 0.7980 -0.0740
vn -0.8141 0.5790 -0.0441
vn -0.9525 0.3035 -0.0248
vn -0.9998 -0.0019 -0.0182
vn -0.9514 -0.3071 -0.0250
vn -0.8119 -0.5821 -0.0443
vn -0.5951 -0.8002 -0.0745
vn -0.3220 -0.9400 -0.1125
vn -0.0196 -0.9878 -0.1545
vn 0.2826 -0.9389 -0.1965
vn 0.5552 -0.7980 -0.2345
vn 0.7712 -0.5790 -0.2645
vn 0.9096 -0.3035 -0.2838
vn 0.9569 0.0020 -0.2904
vn 0.8013 0.5878 -0.1114
vn 0.9420 0.3090 -0.1314
vn 0.5822 0.8090 -0.0809
vn 0.3060 0.9511 -0.0426
vn -0.0000 1.0000 -0.0000
vn -0.3060 0.9511 0.0425
vn -0.5821 0.8090 0.0810
vn -0.8013 0.5878 0.1116
vn -0.9420 0.3090 0.1311
vn -0.9905 -0.0000 0.1378
vn -0.9420 -0.3090 0.1311
vn -0.8013 -0.5878 0.1115
vn -0.5822 -0.8090 0.0810
vn -0.3060 -0.9511 0.0425
vn -0.0000 -1.0000 -0.0000
vn 0.3060 -0.9511 -0.0426
vn 0.5822 -0.8090 -0.0809
vn 0.8013 -0.5878 -0.1113
vn 0.9420 -0.3090 -0.1309
vn 0.9905 -0.0000 -0.1378
vn 0.8141 0.5791 0.0441
vn 0.9525 0.3035 0.0248
vn 0.5981 0.7980 0.0741
vn 0.3255 0.9389 0.1119
vn 0.0234 0.9878 0.1539
vn -0.2790 0.9401 0.1961
vn -0.5521 0.8002 0.2341
vn -0.7690 0.5821 0.2642
vn -0.9084 0.3070 0.2837
vn -0.9569 0.0019 0.2904
vn -0.9096 -0.3034 0.2838
vn -0.7712 -0.5791 0.2645
vn -0.5551 -0.7980 0.2345
vn -0.2826 -0.9389 0.1965
vn 0.0195 -0.9878 0.1545
vn 0.3220 -0.9400 0.1125
vn 0.5950 -0.8003 0.0745
vn 0.8119 -0.5822 0.0444
vn 0.9514 -0.3071 0.0250
vn 0.9998 -0.0019 0.0182
vn 0.8071 0.5561 0.1984
vn 0.9398 0.2904 0.1799
vn 0.5994 0.7675 0.2273
vn 0.3372 0.9037 0.2638
vn 0.0462 0.9515 0.3043
vn -0.2453 0.9061 0.3447
vn -0.5084 0.7720 0.3814
vn -0.7178 0.5623 0.4105
vn -0.8528 0.2976 0.4292
vn -0.9000 0.0038 0.4359
vn -0.8550 -0.2904 0.4297
vn -0.7223 -0.5562 0.4111
vn -0.5146 -0.7675 0.3822
vn -0.2524 -0.9037 0.3458
vn 0.0386 -0.9515 0.3053
vn 0.3300 -0.9061 0.2647
vn 0.5933 -0.7720 0.2282
vn 0.8026 -0.5623 0.1990
vn 0.9375 -0.2977 0.1803
vn 0.9848 -0.0038 0.1737
vn 0.7803 0.5197 0.3479
vn 0.9042 0.2703 0.3307
vn 0.5861 0.7183 0.3749
vn 0.3405 0.8466 0.4091
vn 0.0679 0.8919 0.4471
vn -0.2054 0.8500 0.4851
vn -0.4525 0.7249 0.5194
vn -0.6491 0.5288 0.5468
vn -0.7762 0.2809 0.5644
vn -0.8212 0.0056 0.5706
vn -0.7796 -0.2703 0.5649
vn -0.6557 -0.5196 0.5477
vn -0.4615 -0.7183 0.5207
vn -0.2159 -0.8466 0.4865
vn 0.0567 -0.8919 0.4486
vn 0.3299 -0.8500 0.4106
vn 0.5771 -0.7249 0.3761
vn 0.7737 -0.5288 0.3489
vn 0.9008 -0.2810 0.3312
vn 0.9457 -0.0056 0.3249
vn 0.7345 0.4707 0.4888
vn 0.8466 0.2436 0.4732
vn 0.5585 0.6516 0.5133
vn 0.3357 0.7688 0.5443
vn 0.0878 0.8108 0.5787
vn -0.1606 0.7733 0.6134
vn -0.3855 0.6601 0.6447
vn -0.5647 0.4824 0.6696
vn -0.6808 0.2575 0.6857
vn -0.7224 0.0073 0.6914
vn -0.6853 -0.2436 0.6863
vn -0.5732 -0.4706 0.6708
vn -0.3972 -0.6516 0.6463
vn -0.1743 -0.7688 0.6153
vn 0.0735 -0.8108 0.5807
vn 0.3219 -0.7733 0.5463
vn 0.5469 -0.6602 0.5149
vn 0.7261 -0.4824 0.4899
vn 0.8421 -0.2575 0.4739
vn 0.8837 -0.0073 0.4681
vn 0.6710 0.4102 0.6176
vn 0.7685 0.2111 0.6040
vn 0.5174 0.5692 0.6390
vn 0.3226 0.6724 0.6662
vn 0.1057 0.7100 0.6963
vn -0.1121 0.6779 0.7265
vn -0.3093 0.5795 0.7540
vn -0.4668 0.4244 0.7759
vn -0.5691 0.2278 0.7901
vn -0.6062 0.0088 0.7953
vn -0.5745 -0.2111 0.7908
vn -0.4770 -0.4102 0.7773
vn -0.3234 -0.5692 0.7559
vn -0.1286 -0.6725 0.7288
vn 0.0884 -0.7100 0.6987
vn 0.3061 -0.6779 0.6684
vn 0.5032 -0.5795 0.6410
vn 0.6608 -0.4244 0.6190
vn 0.7632 -0.2277 0.6047
vn 0.8003 -0.0088 0.5996
vn 0.5914 0.3401 0.7311
vn 0.6721 0.1735 0.7199
vn 0.4638 0.4733 0.7489
vn 0.3018 0.5603 0.7714
vn 0.1210 0.5923 0.7966
vn -0.0609 0.5664 0.8218
vn -0.2259 0.4851 0.8448
vn -0.3577 0.3563 0.8632
vn -0.4439 0.1926 0.8751
vn -0.4757 0.0100 0.8796
vn -0.4500 -0.1735 0.8760
vn -0.3695 -0.3401 0.8647
vn -0.2419 -0.4734 0.8470
vn -0.0798 -0.5602 0.8245
vn 0.1011 -0.5924 0.7993
vn 0.2829 -0.5665 0.7740
vn 0.4477 -0.4852 0.7511
vn 0.5797 -0.3564 0.7327
vn 0.6659 -0.1925 0.7208
vn 0.6977 -0.0100 0.7163
vn 0.4981 0.2623 0.8265
vn 0.5600 0.1319 0.8179
vn 0.3995 0.3666 0.8402
vn 0.2739 0.4351 0.8577
vn 0.1332 0.4612 0.8773
vn -0.0085 0.4420 0.8970
vn -0.1375 0.3795 0.9149
vn -0.2409 0.2800 0.9293
vn -0.3087 0.1531 0.9388
vn -0.3345 0.0110 0.9423
vn -0.3155 -0.1321 0.9397
vn -0.2537 -0.2620 0.9311
vn -0.1551 -0.3666 0.9173
vn -0.0293 -0.4352 0.8999
vn 0.1113 -0.4611 0.8803
vn 0.2530 -0.4420 0.8606
vn 0.3818 -0.3796 0.8427
vn 0.4853 -0.2801 0.8283
vn 0.5533 -0.1529 0.8188
vn 0.5790 -0.0111 0.8152
vn 0.3944 0.1793 0.9013
vn 0.4365 0.0879 0.8954
vn 0.3267 0.2530 0.9106
vn 0.2399 0.3016 0.9227
vn 0.1423 0.3209 0.9363
vn 0.0434 0.3090 0.9501
vn -0.0470 0.2666 0.9626
vn -0.1200 0.1982 0.9728
vn -0.1684 0.1105 0.9795
vn -0.1875 0.0119 0.9822
vn -0.1756 -0.0881 0.9805
vn -0.1337 -0.1793 0.9747
vn -0.0660 -0.2526 0.9653
vn 0.0212 -0.3017 0.9532
vn 0.1189 -0.3211 0.9396
vn 0.2177 -0.3089 0.9258
vn 0.3078 -0.2667 0.9133
vn 0.3806 -0.1984 0.9032
vn 0.4292 -0.1104 0.8964
vn 0.4485 -0.0117 0.8937
vn 0.3276 0.1272 0.9362
vn 0.3568 0.0605 0.9322
vn 0.2796 0.1817 0.9428
vn 0.2169 0.2188 0.9514
vn 0.1459 0.2344 0.9611
vn 0.0736 0.2272 0.9711
vn 0.0069 0.1977 0.9802
vn -0.0481 0.1484 0.9878
vn -0.0847 0.0846 0.9928
vn -0.1000 0.0121 0.9949
vn -0.0922 -0.0611 0.9939
vn -0.0621 -0.1289 0.9897
vn -0.0128 -0.1834 0.9830
vn 0.0506 -0.2197 0.9743
vn 0.1218 -0.2344 0.9645
vn 0.1943 -0.2262 0.9545
vn 0.2604 -0.1959 0.9454
vn 0.3136 -0.1468 0.9382
vn 0.3494 -0.0835 0.9333
vn 0.3644 -0.0119 0.9312
vn -0.1378 -0.0000 -0.9905
vn 0.1378 -0.0000 0.9905
vn 0.9327 0.3572 -0.0500
vn 0.7782 0.6274 -0.0286
vn 0.8141 0.5790 0.0441
vn 0.9525 0.3034 0.0248
vn 0.5486 0.8361 0.0027
vn 0.5980 0.7980 0.0741
vn 0.2664 0.9629 0.0423
vn 0.3256 0.9389 0.1119
vn -0.0408 0.9955 0.0852
vn 0.0233 0.9878 0.1540
vn -0.3430 0.9307 0.1272
vn -0.2792 0.9400 0.1960
vn -0.6104 0.7748 0.1647
vn -0.5521 0.8003 0.2340
vn -0.8173 0.5430 0.1929
vn -0.7689 0.5822 0.2642
vn -0.9428 0.2581 0.2110
vn -0.9084 0.3071 0.2837
vn -0.9753 -0.0521 0.2147
vn -0.9109 -0.3572 0.2064
vn -0.7566 -0.6273 0.1844
vn -0.7711 -0.5791 0.2646
vn -0.5269 -0.8360 0.1531
vn -0.2447 -0.9629 0.1138
vn -0.2827 -0.9388 0.1966
vn 0.0625 -0.9955 0.0709
vn 0.0196 -0.9878 0.1545
vn 0.3646 -0.9307 0.0290
vn 0.3220 -0.9400 0.1126
vn 0.6322 -0.7747 -0.0082
vn 0.5950 -0.8003 0.0746
vn 0.8389 -0.5430 -0.0371
vn 0.9646 -0.2581 -0.0545
vn 0.9514 -0.3070 0.0249
vn 0.9969 0.0521 -0.0591
vn 0.8070 0.5562 0.1984
vn 0.9398 0.2904 0.1800
vn 0.5994 0.7675 0.2274
vn 0.0461 0.9515 0.3043
vn -0.2452 0.9060 0.3449
vn -0.5085 0.7720 0.3814
vn -0.7178 0.5624 0.4105
vn -0.8527 0.2977 0.4293
vn -0.7222 -0.5562 0.4112
vn -0.5146 -0.7675 0.3823
vn 0.3301 -0.9061 0.2648
vn 0.5933 -0.7720 0.2283
vn 0.8026 -0.5624 0.1991
vn 0.7803 0.5197 0.3480
vn 0.3406 0.8465 0.4091
vn 0.0678 0.8920 0.4470
vn -0.2055 0.8500 0.4850
vn -0.4524 0.7249 0.5195
vn -0.7761 0.2810 0.5645
vn -0.8211 0.0056 0.5707
vn -0.7796 -0.2703 0.5650
vn -0.6557 -0.5197 0.5477
vn -0.4615 -0.7183 0.5206
vn -0.2160 -0.8465 0.4865
vn 0.0567 -0.8920 0.4486
vn 0.3300 -0.8500 0.4105
vn 0.7346 0.4707 0.4887
vn 0.3356 0.7689 0.5442
vn 0.0879 0.8107 0.5788
vn -0.1606 0.7733 0.6133
vn -0.3855 0.6602 0.6446
vn -0.5648 0.4824 0.6695
vn -0.7224 0.0072 0.6914
vn -0.6853 -0.2437 0.6863
vn -0.5733 -0.4706 0.6708
vn -0.1744 -0.7688 0.6153
vn 0.0734 -0.8107 0.5808
vn 0.3219 -0.7733 0.5462
vn 0.5468 -0.6602 0.5149
vn 0.8421 -0.2575 0.4738
vn 0.8837 -0.0073 0.4680
vn 0.6711 0.4102 0.6176
vn 0.5174 0.5693 0.6389
vn 0.3227 0.6725 0.6661
vn 0.1056 0.7100 0.6962
vn -0.1121 0.6780 0.7265
vn -0.3093 0.5796 0.7540
vn -0.6063 0.0088 0.7952
vn -0.5745 -0.2112 0.7908
vn -0.4770 -0.4103 0.7772
vn -0.1285 -0.6725 0.7289
vn 0.0883 -0.7099 0.6987
vn 0.5033 -0.5795 0.6409
vn 0.6609 -0.4244 0.6190
vn 0.7631 -0.2278 0.6048
vn 0.8002 -0.0088 0.5996
vn 0.5915 0.3400 0.7311
vn 0.6720 0.1735 0.7199
vn 0.4638 0.4734 0.7489
vn 0.3018 0.5602 0.7715
vn -0.0609 0.5665 0.8218
vn -0.2259 0.4852 0.8447
vn -0.3578 0.3563 0.8631
vn -0.2420 -0.4734 0.8470
vn -0.0798 -0.5603 0.8244
vn 0.2828 -0.5664 0.7741
vn 0.4478 -0.4851 0.7511
vn 0.5797 -0.3563 0.7328
vn 0.6976 -0.0101 0.7164
vn 0.5044 0.2648 0.8218
vn 0.5668 0.1325 0.8131
vn 0.4045 0.3714 0.8357
vn 0.2771 0.4415 0.8534
vn 0.1344 0.4683 0.8733
vn -0.0094 0.4492 0.8934
vn -0.1406 0.3863 0.9116
vn -0.2461 0.2856 0.9262
vn -0.3155 0.1570 0.9358
vn -0.3421 0.0128 0.9396
vn -0.3233 -0.1326 0.9370
vn -0.2609 -0.2648 0.9283
vn -0.1612 -0.3712 0.9144
vn -0.0336 -0.4414 0.8967
vn 0.1091 -0.4684 0.8768
vn 0.2530 -0.4495 0.8567
vn 0.3841 -0.3864 0.8385
vn 0.4896 -0.2856 0.8239
vn 0.5590 -0.1568 0.8142
vn 0.5857 -0.0128 0.8105
vn 0.4176 0.1945 0.8876
vn 0.4630 0.0950 0.8812
vn 0.3440 0.2749 0.8978
vn 0.2492 0.3286 0.9110
vn 0.1427 0.3502 0.9257
vn 0.0349 0.3372 0.9408
vn -0.0634 0.2912 0.9546
vn -0.1432 0.2170 0.9656
vn -0.1964 0.1215 0.9730
vn -0.2177 0.0139 0.9759
vn -0.2049 -0.0951 0.9741
vn -0.1595 -0.1947 0.9678
vn -0.0858 -0.2749 0.9576
vn 0.0089 -0.3285 0.9445
vn 0.1152 -0.3499 0.9297
vn 0.2230 -0.3372 0.9146
vn 0.3216 -0.2913 0.9009
vn 0.4014 -0.2169 0.8899
vn 0.4544 -0.1214 0.8825
vn 0.4759 -0.0139 0.8794
vn 0.1165 -0.0072 0.9932
vn 0.1195 -0.0133 0.9927
vn 0.0389 -0.0693 0.9968
vn 0.0220 -0.0358 0.9991
vn 0.1246 -0.0184 0.9920
vn 0.0653 -0.0957 0.9933
vn 0.1312 -0.0211 0.9911
vn 0.0988 -0.1128 0.9887
vn 0.1378 -0.0221 0.9902
vn 0.1348 -0.1182 0.9838
vn 0.1446 -0.0209 0.9893
vn 0.1709 -0.1121 0.9789
vn 0.1503 -0.0176 0.9885
vn 0.2029 -0.0955 0.9745
vn 0.1553 -0.0127 0.9878
vn 0.2285 -0.0697 0.9711
vn 0.1584 -0.0059 0.9874
vn 0.2451 -0.0373 0.9688
vn 0.1592 -0.0001 0.9872
vn 0.2509 -0.0020 0.9680
vn 0.1584 0.0059 0.9874
vn 0.2461 0.0334 0.9687
vn 0.1551 0.0128 0.9878
vn 0.2306 0.0665 0.9708
vn 0.1506 0.0175 0.9884
vn 0.2062 0.0927 0.9741
vn 0.1445 0.0211 0.9893
vn 0.1746 0.1107 0.9784
vn 0.1381 0.0220 0.9902
vn 0.1386 0.1181 0.9833
vn 0.1311 0.0214 0.9911
vn 0.1029 0.1136 0.9882
vn 0.1244 0.0183 0.9921
vn 0.0688 0.0981 0.9928
vn 0.1198 0.0133 0.9927
vn 0.0412 0.0725 0.9965
vn 0.1165 0.0079 0.9932
vn 0.0235 0.0395 0.9989
vn 0.1150 0.0001 0.9934
vn 0.0168 0.0023 0.9999
vn -0.0279 -0.0442 0.9986
vn -0.0055 -0.0942 0.9955
vn 0.1379 -0.0000 0.9904
vn 0.0305 -0.1326 0.9907
vn 0.0763 -0.1580 0.9845
vn 0.1279 -0.1680 0.9774
vn 0.1794 -0.1611 0.9705
vn 0.2260 -0.1390 0.9642
vn 0.2630 -0.1040 0.9592
vn 0.2886 -0.0583 0.9557
vn 0.2989 -0.0080 0.9543
vn 0.2934 0.0430 0.9550
vn 0.2726 0.0905 0.9579
vn 0.2385 0.1295 0.9625
vn 0.1953 0.1554 0.9684
vn 0.1438 0.1676 0.9753
vn 0.0916 0.1630 0.9824
vn 0.0446 0.1423 0.9888
vn 0.0043 0.1071 0.9942
vn -0.0229 0.0603 0.9979
vn -0.0337 0.0085 0.9994
vn 0.3356 0.1307 0.9329
vn 0.3654 0.0614 0.9288
vn 0.2857 0.1873 0.9398
vn 0.2208 0.2256 0.9489
vn 0.1477 0.2420 0.9590
vn 0.0726 0.2348 0.9693
vn 0.0037 0.2044 0.9789
vn -0.0524 0.1540 0.9867
vn -0.0902 0.0884 0.9920
vn -0.1061 0.0140 0.9943
vn -0.0986 -0.0617 0.9932
vn -0.0686 -0.1313 0.9890
vn -0.0187 -0.1881 0.9820
vn 0.0462 -0.2264 0.9729
vn 0.1200 -0.2423 0.9627
vn 0.1946 -0.2344 0.9525
vn 0.2632 -0.2036 0.9430
vn 0.3194 -0.1533 0.9351
vn 0.3570 -0.0880 0.9300
vn 0.3728 -0.0139 0.9278
vn 0.3032 0.0679 -0.9505
vn 0.2742 0.1169 -0.9545
vn 0.3808 0.1983 -0.9031
vn 0.4292 0.1105 -0.8964
vn 0.2316 0.1545 -0.9605
vn 0.3079 0.2667 -0.9133
vn 0.1796 0.1769 -0.9677
vn 0.2176 0.3090 -0.9258
vn 0.1233 0.1820 -0.9755
vn 0.1188 0.3210 -0.9396
vn 0.0683 0.1694 -0.9832
vn 0.0211 0.3017 -0.9532
vn 0.0197 0.1401 -0.9899
vn -0.0659 0.2529 -0.9653
vn -0.0176 0.0970 -0.9951
vn -0.1336 0.1792 -0.9747
vn -0.0398 0.0446 -0.9982
vn -0.1755 0.0880 -0.9805
vn -0.0449 -0.0122 -0.9989
vn -0.1875 -0.0118 -0.9822
vn -0.0323 -0.0679 -0.9972
vn -0.1683 -0.1104 -0.9795
vn -0.0033 -0.1169 -0.9931
vn -0.1199 -0.1982 -0.9728
vn 0.0393 -0.1545 -0.9872
vn -0.0469 -0.2667 -0.9626
vn 0.0912 -0.1769 -0.9800
vn 0.0433 -0.3090 -0.9501
vn 0.1476 -0.1820 -0.9721
vn 0.1421 -0.3210 -0.9363
vn 0.2027 -0.1693 -0.9645
vn 0.2398 -0.3017 -0.9228
vn 0.2512 -0.1401 -0.9577
vn 0.3268 -0.2528 -0.9107
vn 0.2885 -0.0971 -0.9526
vn 0.3946 -0.1792 -0.9012
vn 0.3107 -0.0446 -0.9495
vn 0.4365 -0.0880 -0.8954
vn 0.3158 0.0122 -0.9488
vn 0.4485 0.0118 -0.8937
vn 0.4853 0.2800 -0.8283
vn 0.5533 0.1530 -0.8188
vn 0.3819 0.3796 -0.8427
vn 0.2530 0.4420 -0.8606
vn 0.1113 0.4611 -0.8803
vn -0.0294 0.4351 -0.8999
vn -0.1550 0.3666 -0.9174
vn -0.2537 0.2621 -0.9311
vn -0.3155 0.1320 -0.9397
vn -0.3345 -0.0111 -0.9423
vn -0.3088 -0.1530 -0.9387
vn -0.2408 -0.2800 -0.9293
vn -0.1374 -0.3796 -0.9149
vn -0.0084 -0.4420 -0.8970
vn 0.1332 -0.4611 -0.8773
vn 0.2738 -0.4352 -0.8577
vn 0.3995 -0.3666 -0.8402
vn 0.4982 -0.2621 -0.8265
vn 0.5600 -0.1320 -0.8179
vn 0.5790 0.0110 -0.8153
vn 0.5798 0.3563 -0.7328
vn 0.6659 0.1926 -0.7207
vn 0.4478 0.4851 -0.7512
vn 0.2829 0.5664 -0.7740
vn 0.1011 0.5923 -0.7993
vn -0.0798 0.5602 -0.8245
vn -0.2419 0.4733 -0.8470
vn -0.3695 0.3401 -0.8648
vn -0.4501 0.1735 -0.8760
vn -0.4757 -0.0101 -0.8796
vn -0.4439 -0.1926 -0.8751
vn -0.3578 -0.3563 -0.8631
vn -0.2258 -0.4851 -0.8448
vn -0.0609 -0.5665 -0.8218
vn 0.1209 -0.5924 -0.7966
vn 0.3017 -0.5602 -0.7714
vn 0.4639 -0.4733 -0.7489
vn 0.5915 -0.3401 -0.7311
vn 0.6721 -0.1735 -0.7199
vn 0.6977 0.0100 -0.7163
vn 0.6609 0.4244 -0.6190
vn 0.7632 0.2277 -0.6047
vn 0.5033 0.5795 -0.6410
vn 0.3060 0.6779 -0.6684
vn 0.0884 0.7100 -0.6986
vn -0.1285 0.6725 -0.7289
vn -0.3234 0.5692 -0.7560
vn -0.4770 0.4102 -0.7773
vn -0.5745 0.2111 -0.7908
vn -0.6062 -0.0088 -0.7953
vn -0.5691 -0.2277 -0.7901
vn -0.4668 -0.4244 -0.7759
vn -0.3093 -0.5795 -0.7540
vn -0.1120 -0.6779 -0.7266
vn 0.1056 -0.7100 -0.6962
vn 0.3226 -0.6725 -0.6661
vn 0.5174 -0.5692 -0.6390
vn 0.6711 -0.4102 -0.6176
vn 0.7685 -0.2110 -0.6040
vn 0.8002 0.0088 -0.5996
vn 0.7261 0.4824 -0.4900
vn 0.8421 0.2575 -0.4739
vn 0.5468 0.6602 -0.5149
vn 0.3218 0.7733 -0.5462
vn 0.0735 0.8108 -0.5807
vn -0.1743 0.7688 -0.6152
vn -0.3972 0.6516 -0.6463
vn -0.5732 0.4706 -0.6708
vn -0.6853 0.2436 -0.6863
vn -0.7224 -0.0073 -0.6915
vn -0.6808 -0.2575 -0.6857
vn -0.5648 -0.4824 -0.6696
vn -0.3856 -0.6602 -0.6446
vn -0.1606 -0.7733 -0.6134
vn 0.0879 -0.8107 -0.5788
vn 0.3356 -0.7688 -0.5443
vn 0.5585 -0.6516 -0.5133
vn 0.7345 -0.4706 -0.4889
vn 0.8466 -0.2436 -0.4732
vn 0.8837 0.0073 -0.4681
vn 0.7737 0.5288 -0.3489
vn 0.9008 0.2810 -0.3311
vn 0.5771 0.7249 -0.3762
vn 0.3299 0.8500 -0.4106
vn 0.0567 0.8919 -0.4486
vn -0.2160 0.8465 -0.4865
vn -0.4615 0.7183 -0.5206
vn -0.6557 0.5197 -0.5477
vn -0.7796 0.2703 -0.5649
vn -0.8211 -0.0056 -0.5707
vn -0.7762 -0.2809 -0.5644
vn -0.6491 -0.5288 -0.5468
vn -0.4525 -0.7249 -0.5194
vn -0.2054 -0.8500 -0.4850
vn 0.0679 -0.8919 -0.4470
vn 0.3405 -0.8466 -0.4091
vn 0.5861 -0.7183 -0.3749
vn 0.7803 -0.5197 -0.3479
vn 0.9042 -0.2702 -0.3307
vn 0.9457 0.0056 -0.3249
vn 0.8026 0.5623 -0.1990
vn 0.9375 0.2977 -0.1803
vn 0.5933 0.7720 -0.2282
vn 0.3300 0.9061 -0.2647
vn 0.0386 0.9515 -0.3053
vn -0.2524 0.9037 -0.3458
vn -0.5146 0.7675 -0.3823
vn -0.7222 0.5562 -0.4112
vn -0.8551 0.2904 -0.4296
vn -0.9000 -0.0038 -0.4359
vn -0.8527 -0.2976 -0.4293
vn -0.7178 -0.5623 -0.4105
vn -0.5085 -0.7720 -0.3814
vn -0.2453 -0.9061 -0.3447
vn 0.0462 -0.9515 -0.3042
vn 0.3372 -0.9037 -0.2637
vn 0.5994 -0.7675 -0.2273
vn 0.8070 -0.5562 -0.1984
vn 0.9398 -0.2904 -0.1799
vn 0.9848 0.0038 -0.1737
vn 0.8119 0.5821 -0.0443
vn 0.9514 0.3071 -0.0250
vn 0.5950 0.8002 -0.0745
vn 0.3219 0.9401 -0.1125
vn 0.0196 0.9878 -0.1545
vn -0.2826 0.9389 -0.1965
vn -0.5552 0.7980 -0.2345
vn -0.7712 0.5790 -0.2646
vn -0.9096 0.3034 -0.2839
vn -0.9569 -0.0019 -0.2904
vn -0.9084 -0.3071 -0.2837
vn -0.7689 -0.5821 -0.2643
vn -0.5521 -0.8003 -0.2341
vn -0.2790 -0.9400 -0.1961
vn 0.0234 -0.9878 -0.1540
vn 0.3256 -0.9389 -0.1120
vn 0.5981 -0.7980 -0.0741
vn 0.8141 -0.5790 -0.0440
vn 0.9525 -0.3035 -0.0248
vn 0.9998 0.0020 -0.0182
vn 0.8013 0.5878 0.1114
vn 0.9420 0.3090 0.1309
vn 0.5822 0.8090 0.0810
vn 0.3060 0.9511 0.0426
vn -0.3060 0.9511 -0.0426
vn -0.5822 0.8090 -0.0810
vn -0.8013 0.5878 -0.1115
vn -0.9420 0.3091 -0.1310
vn -0.9905 -0.0000 -0.1378
vn -0.9420 -0.3090 -0.1311
vn -0.8012 -0.5879 -0.1115
vn -0.5822 -0.8090 -0.0810
vn -0.3061 -0.9511 -0.0425
vn 0.3060 -0.9511 0.0426
vn 0.5822 -0.8090 0.0809
vn 0.8013 -0.5878 0.1114
vn 0.9420 -0.3090 0.1309
vn 0.9905 -0.0000 0.1378
vn 0.7712 0.5790 0.2646
vn 0.9096 0.3034 0.2838
vn 0.5551 0.7981 0.2345
vn 0.2826 0.9389 0.1965
vn -0.0196 0.9878 0.1545
vn -0.3219 0.9401 0.1125
vn -0.5950 0.8003 0.0745
vn -0.8119 0.5821 0.0443
vn -0.9514 0.3071 0.0250
vn -0.9998 0.0020 0.0182
vn -0.9525 -0.3034 0.0248
vn -0.8141 -0.5791 0.0440
vn -0.5981 -0.7980 0.0741
vn -0.3256 -0.9389 0.1119
vn -0.0232 -0.9878 0.1539
vn 0.2791 -0.9400 0.1961
vn 0.5520 -0.8003 0.2341
vn 0.7689 -0.5822 0.2643
vn 0.9084 -0.3071 0.2837
vn 0.9569 -0.0019 0.2904
vn 0.7223 0.5562 0.4111
vn 0.8550 0.2904 0.4296
vn 0.5146 0.7675 0.3822
vn 0.2524 0.9037 0.3458
vn -0.0386 0.9515 0.3053
vn -0.3301 0.9061 0.2647
vn -0.5933 0.7720 0.2282
vn -0.8026 0.5623 0.1990
vn -0.9375 0.2977 0.1802
vn -0.9848 0.0038 0.1737
vn -0.9398 -0.2904 0.1800
vn -0.8070 -0.5561 0.1984
vn -0.5994 -0.7675 0.2273
vn -0.3372 -0.9037 0.2638
vn -0.0462 -0.9515 0.3043
vn 0.2453 -0.9061 0.3447
vn 0.5085 -0.7720 0.3814
vn 0.7179 -0.5623 0.4105
vn 0.8527 -0.2976 0.4293
vn 0.9000 -0.0039 0.4359
vn 0.6557 0.5196 0.5477
vn 0.7797 0.2702 0.5649
vn 0.4615 0.7183 0.5207
vn 0.2160 0.8466 0.4865
vn -0.0567 0.8919 0.4486
vn -0.3299 0.8500 0.4106
vn -0.5771 0.7249 0.3761
vn -0.7737 0.5288 0.3489
vn -0.9008 0.2810 0.3312
vn -0.9457 0.0056 0.3249
vn -0.9042 -0.2703 0.3307
vn -0.7803 -0.5197 0.3479
vn -0.5861 -0.7183 0.3749
vn -0.3406 -0.8466 0.4091
vn -0.0679 -0.8919 0.4471
vn 0.2053 -0.8500 0.4851
vn 0.4525 -0.7249 0.5194
vn 0.6491 -0.5288 0.5468
vn 0.7762 -0.2810 0.5644
vn 0.8212 -0.0056 0.5706
vn 0.5732 0.4706 0.6708
vn 0.6853 0.2436 0.6863
vn 0.3972 0.6516 0.6463
vn 0.1743 0.7688 0.6153
vn -0.0734 0.8108 0.5807
vn -0.3218 0.7733 0.5463
vn -0.5469 0.6602 0.5149
vn -0.7261 0.4824 0.4899
vn -0.8421 0.2575 0.4739
vn -0.8837 0.0073 0.4681
vn -0.8466 -0.2436 0.4732
vn -0.7346 -0.4706 0.4888
vn -0.5585 -0.6516 0.5133
vn -0.3357 -0.7688 0.5443
vn -0.0878 -0.8108 0.5787
vn 0.1606 -0.7733 0.6134
vn 0.3855 -0.6601 0.6447
vn 0.5647 -0.4824 0.6696
vn 0.6808 -0.2575 0.6857
vn 0.7224 -0.0073 0.6914
vn 0.4770 0.4102 0.7773
vn 0.5745 0.2111 0.7908
vn 0.3234 0.5692 0.7559
vn 0.1286 0.6725 0.7288
vn -0.0883 0.7100 0.6987
vn -0.3060 0.6779 0.6684
vn -0.5032 0.5795 0.6410
vn -0.6608 0.4244 0.6190
vn -0.7632 0.2277 0.6047
vn -0.8003 0.0088 0.5996
vn -0.7685 -0.2110 0.6040
vn -0.6710 -0.4103 0.6176
vn -0.5174 -0.5692 0.6390
vn -0.3226 -0.6724 0.6662
vn -0.1057 -0.7100 0.6963
vn 0.1121 -0.6779 0.7265
vn 0.3093 -0.5795 0.7540
vn 0.4668 -0.4244 0.7759
vn 0.5691 -0.2278 0.7901
vn 0.6062 -0.0088 0.7953
vn 0.3695 0.3401 0.8648
vn 0.4500 0.1735 0.8760
vn 0.2419 0.4733 0.8470
vn 0.0798 0.5602 0.8245
vn -0.1011 0.5924 0.7993
vn -0.2829 0.5664 0.7740
vn -0.4477 0.4851 0.7511
vn -0.5798 0.3563 0.7327
vn -0.6659 0.1925 0.7208
vn -0.6977 0.0100 0.7163
vn -0.6721 -0.1735 0.7199
vn -0.5914 -0.3401 0.7311
vn -0.4638 -0.4734 0.7488
vn -0.3018 -0.5603 0.7714
vn -0.1210 -0.5923 0.7966
vn 0.0609 -0.5665 0.8218
vn 0.2260 -0.4851 0.8447
vn 0.3577 -0.3563 0.8632
vn 0.4439 -0.1926 0.8751
vn 0.4757 -0.0100 0.8796
vn 0.2537 0.2621 0.9311
vn 0.3155 0.1321 0.9397
vn 0.1552 0.3666 0.9174
vn 0.0294 0.4351 0.8999
vn -0.1113 0.4611 0.8803
vn -0.2531 0.4420 0.8606
vn -0.3818 0.3796 0.8427
vn -0.4852 0.2801 0.8283
vn -0.5533 0.1529 0.8188
vn -0.5790 0.0111 0.8152
vn -0.5600 -0.1319 0.8179
vn -0.4981 -0.2622 0.8265
vn -0.3995 -0.3666 0.8402
vn -0.2739 -0.4351 0.8577
vn -0.1332 -0.4612 0.8773
vn 0.0084 -0.4420 0.8970
vn 0.1375 -0.3795 0.9149
vn 0.2410 -0.2800 0.9293
vn 0.3087 -0.1531 0.9388
vn 0.3345 -0.0110 0.9423
vn 0.1337 0.1793 0.9747
vn 0.1756 0.0881 0.9805
vn 0.0659 0.2527 0.9653
vn -0.0212 0.3017 0.9532
vn -0.1189 0.3210 0.9396
vn -0.2177 0.3089 0.9258
vn -0.3079 0.2667 0.9133
vn -0.3806 0.1984 0.9032
vn -0.4292 0.1104 0.8964
vn -0.4485 0.0117 0.8937
vn -0.4365 -0.0879 0.8954
vn -0.3945 -0.1793 0.9013
vn -0.3267 -0.2529 0.9107
vn -0.2399 -0.3016 0.9227
vn -0.1423 -0.3210 0.9363
vn -0.0434 -0.3090 0.9501
vn 0.0470 -0.2666 0.9627
vn 0.1200 -0.1982 0.9728
vn 0.1684 -0.1105 0.9795
vn 0.1875 -0.0119 0.9822
vn 0.0621 0.1289 0.9897
vn 0.0922 0.0611 0.9939
vn 0.0128 0.1834 0.9830
vn -0.0507 0.2197 0.9742
vn -0.1218 0.2343 0.9645
vn -0.1942 0.2262 0.9545
vn -0.2604 0.1959 0.9454
vn -0.3136 0.1468 0.9382
vn -0.3494 0.0834 0.9333
vn -0.3644 0.0120 0.9312
vn -0.3568 -0.0604 0.9322
vn -0.3276 -0.1272 0.9362
vn -0.2796 -0.1817 0.9428
vn -0.2170 -0.2187 0.9514
vn -0.1459 -0.2344 0.9611
vn -0.0735 -0.2272 0.9711
vn -0.0069 -0.1977 0.9802
vn 0.0481 -0.1484 0.9878
vn 0.0847 -0.0846 0.9928
vn 0.1000 -0.0121 0.9949
vn 0.1378 -0.0000 -0.9905
vn -0.1378 -0.0000 0.9905
vn 0.9109 0.3572 0.2065
vn 0.7565 0.6273 0.1848
vn 0.7711 0.5791 0.2646
vn 0.9096 0.3035 0.2838
vn 0.5271 0.8361 0.1523
vn 0.5551 0.7981 0.2344
vn 0.2448 0.9629 0.1134
vn 0.2828 0.9388 0.1966
vn -0.0625 0.9955 0.0709
vn -0.0195 0.9878 0.1546
vn -0.3647 0.9307 0.0288
vn -0.3220 0.9401 0.1124
vn -0.6321 0.7748 -0.0083
vn -0.8389 0.5430 -0.0375
vn -0.8119 0.5821 0.0444
vn -0.9646 0.2581 -0.0543
vn -0.9969 -0.0521 -0.0596
vn -0.9998 0.0019 0.0182
vn -0.9327 -0.3572 -0.0500
vn -0.7783 -0.6273 -0.0284
vn -0.8141 -0.5790 0.0441
vn -0.5487 -0.8360 0.0033
vn -0.5981 -0.7980 0.0742
vn -0.2664 -0.9629 0.0428
vn -0.3256 -0.9388 0.1120
vn 0.0407 -0.9955 0.0853
vn -0.0233 -0.9878 0.1540
vn 0.3428 -0.9307 0.1276
vn 0.2790 -0.9400 0.1961
vn 0.6105 -0.7747 0.1647
vn 0.5521 -0.8002 0.2341
vn 0.8172 -0.5430 0.1933
vn 0.9428 -0.2581 0.2108
vn 0.9084 -0.3070 0.2837
vn 0.9752 0.0521 0.2152
vn 0.7223 0.5561 0.4112
vn 0.5146 0.7675 0.3823
vn -0.0387 0.9515 0.3053
vn -0.3300 0.9060 0.2650
vn -0.5933 0.7720 0.2281
vn -0.8026 0.5624 0.1991
vn -0.9375 0.2977 0.1803
vn -0.8070 -0.5562 0.1985
vn -0.5994 -0.7675 0.2274
vn -0.3373 -0.9037 0.2638
vn -0.0462 -0.9515 0.3042
vn 0.2452 -0.9061 0.3448
vn 0.5084 -0.7720 0.3815
vn 0.7178 -0.5624 0.4105
vn 0.9000 -0.0038 0.4359
vn 0.6557 0.5197 0.5477
vn 0.7796 0.2703 0.5650
vn 0.2160 0.8465 0.4866
vn -0.0567 0.8920 0.4485
vn -0.3300 0.8500 0.4105
vn -0.5770 0.7249 0.3763
vn -0.7738 0.5288 0.3488
vn -0.3406 -0.8465 0.4091
vn -0.0678 -0.8920 0.4470
vn 0.2055 -0.8500 0.4850
vn 0.7762 -0.2810 0.5645
vn 0.8211 -0.0056 0.5707
vn 0.5733 0.4706 0.6707
vn 0.1744 0.7688 0.6152
vn -0.0734 0.8108 0.5808
vn -0.3220 0.7733 0.5461
vn -0.5468 0.6602 0.5148
vn -0.7260 0.4825 0.4900
vn -0.8422 0.2575 0.4738
vn -0.8837 0.0073 0.4680
vn -0.7346 -0.4707 0.4888
vn -0.0879 -0.8107 0.5788
vn 0.3856 -0.6602 0.6446
vn 0.5648 -0.4825 0.6695
vn 0.4770 0.4103 0.7772
vn 0.5745 0.2112 0.7908
vn 0.3234 0.5693 0.7559
vn -0.0884 0.7100 0.6986
vn -0.5033 0.5796 0.6409
vn -0.6609 0.4244 0.6189
vn -0.7631 0.2277 0.6048
vn -0.8002 0.0088 0.5996
vn -0.7685 -0.2111 0.6040
vn -0.6711 -0.4103 0.6176
vn -0.3226 -0.6725 0.6661
vn 0.5691 -0.2277 0.7901
vn 0.3695 0.3401 0.8647
vn 0.4500 0.1734 0.8760
vn 0.2419 0.4734 0.8470
vn 0.0797 0.5603 0.8244
vn -0.1011 0.5923 0.7993
vn -0.2828 0.5664 0.7741
vn -0.5798 0.3563 0.7328
vn -0.6659 0.1925 0.7207
vn -0.6976 0.0100 0.7164
vn -0.6720 -0.1735 0.7199
vn -0.5915 -0.3400 0.7311
vn -0.3018 -0.5602 0.7714
vn 0.2260 -0.4852 0.8447
vn 0.3578 -0.3563 0.8631
vn 0.2609 0.2648 0.9283
vn 0.3234 0.1326 0.9369
vn 0.1611 0.3712 0.9144
vn 0.0336 0.4414 0.8967
vn -0.1092 0.4684 0.8768
vn -0.2530 0.4494 0.8568
vn -0.3841 0.3864 0.8385
vn -0.4895 0.2856 0.8239
vn -0.5591 0.1568 0.8142
vn -0.5856 0.0128 0.8105
vn -0.5668 -0.1325 0.8131
vn -0.5045 -0.2648 0.8218
vn -0.4046 -0.3714 0.8357
vn -0.2771 -0.4416 0.8534
vn -0.1345 -0.4683 0.8733
vn 0.0094 -0.4493 0.8933
vn 0.1407 -0.3863 0.9116
vn 0.2462 -0.2856 0.9262
vn 0.3155 -0.1569 0.9359
vn 0.3423 -0.0127 0.9395
vn 0.1596 0.1946 0.9678
vn 0.2049 0.0951 0.9741
vn 0.0858 0.2750 0.9576
vn -0.0088 0.3284 0.9445
vn -0.1153 0.3501 0.9296
vn -0.2231 0.3373 0.9146
vn -0.3217 0.2914 0.9009
vn -0.4015 0.2170 0.8898
vn -0.4545 0.1214 0.8824
vn -0.4759 0.0139 0.8794
vn -0.4632 -0.0950 0.8811
vn -0.4177 -0.1946 0.8875
vn -0.3440 -0.2748 0.8979
vn -0.2492 -0.3288 0.9109
vn -0.1427 -0.3502 0.9257
vn -0.0350 -0.3371 0.9408
vn 0.0635 -0.2913 0.9545
vn 0.1432 -0.2169 0.9656
vn 0.1963 -0.1214 0.9730
vn 0.2175 -0.0140 0.9760
vn -0.1591 -0.0068 0.9872
vn -0.1560 -0.0133 0.9877
vn -0.2347 -0.0689 0.9696
vn -0.2516 -0.0356 0.9672
vn -0.1507 -0.0186 0.9884
vn -0.2082 -0.0958 0.9734
vn -0.1445 -0.0214 0.9893
vn -0.1750 -0.1129 0.9781
vn -0.1376 -0.0224 0.9902
vn -0.1389 -0.1182 0.9832
vn -0.1310 -0.0209 0.9912
vn -0.1026 -0.1123 0.9884
vn -0.1249 -0.0177 0.9920
vn -0.0705 -0.0954 0.9929
vn -0.1202 -0.0131 0.9927
vn -0.0453 -0.0697 0.9965
vn -0.1168 -0.0061 0.9931
vn -0.0291 -0.0377 0.9989
vn -0.1161 0.0001 0.9932
vn -0.0229 -0.0020 0.9997
vn -0.1168 0.0061 0.9931
vn -0.0278 0.0340 0.9990
vn -0.1201 0.0128 0.9927
vn -0.0430 0.0661 0.9969
vn -0.1252 0.0179 0.9920
vn -0.0676 0.0930 0.9934
vn -0.1306 0.0210 0.9912
vn -0.0991 0.1109 0.9889
vn -0.1377 0.0225 0.9902
vn -0.1345 0.1178 0.9839
vn -0.1445 0.0214 0.9893
vn -0.1714 0.1138 0.9786
vn -0.1508 0.0186 0.9884
vn -0.2047 0.0982 0.9739
vn -0.1559 0.0132 0.9877
vn -0.2323 0.0723 0.9699
vn -0.1587 0.0078 0.9873
vn -0.2501 0.0394 0.9674
vn -0.1601 -0.0002 0.9871
vn -0.2569 0.0020 0.9664
vn -0.2995 -0.0451 0.9530
vn -0.2773 -0.0937 0.9562
vn -0.1377 -0.0000 0.9905
vn -0.2413 -0.1325 0.9614
vn -0.1949 -0.1581 0.9680
vn -0.1442 -0.1678 0.9752
vn -0.0928 -0.1613 0.9825
vn -0.0458 -0.1389 0.9892
vn -0.0079 -0.1033 0.9946
vn 0.0166 -0.0588 0.9981
vn 0.0268 -0.0082 0.9996
vn 0.0214 0.0433 0.9988
vn 0.0011 0.0904 0.9959
vn -0.0325 0.1287 0.9911
vn -0.0778 0.1562 0.9847
vn -0.1275 0.1675 0.9776
vn -0.1796 0.1628 0.9702
vn -0.2275 0.1422 0.9634
vn -0.2672 0.1070 0.9577
vn -0.2945 0.0606 0.9537
vn -0.3052 0.0087 0.9522
vn 0.0680 0.1307 0.9891
vn 0.0980 0.0613 0.9933
vn 0.0183 0.1874 0.9821
vn -0.0462 0.2262 0.9730
vn -0.1196 0.2421 0.9629
vn -0.1947 0.2346 0.9524
vn -0.2634 0.2043 0.9428
vn -0.3195 0.1538 0.9350
vn -0.3574 0.0881 0.9298
vn -0.3733 0.0140 0.9276
vn -0.3659 -0.0614 0.9286
vn -0.3357 -0.1312 0.9328
vn -0.2859 -0.1879 0.9396
vn -0.2211 -0.2261 0.9487
vn -0.1472 -0.2421 0.9590
vn -0.0725 -0.2348 0.9693
vn -0.0039 -0.2040 0.9790
vn 0.0520 -0.1533 0.9868
vn 0.0895 -0.0879 0.9921
vn 0.1055 -0.0139 0.9943
vt 0.000000 0.050000
vt 0.050000 0.050000
vt 0.050000 0.100000
vt 0.000000 0.100000
vt 0.100000 0.050000
vt 0.100000 0.100000
vt 0.150000 0.050000
vt 0.150000 0.100000
vt 0.200000 0.050000
vt 0.200000 0.100000
vt 0.250000 0.050000
vt 0.250000 0.100000
vt 0.300000 0.050000
vt 0.300000 0.100000
vt 0.350000 0.050000
vt 0.350000 0.100000
vt 0.400000 0.050000
vt 0.400000 0.100000
vt 0.450000 0.050000
vt 0.450000 0.100000
vt 0.500000 0.050000
vt 0.500000 0.100000
vt 0.550000 0.050000
vt 0.550000 0.100000
vt 0.600000 0.050000
vt 0.600000 0.100000
vt 0.650000 0.050000
vt 0.650000 0.100000
vt 0.700000 0.050000
vt 0.700000 0.100000
vt 0.750000 0.050000
vt 0.750000 0.100000
vt 0.800000 0.050000
vt 0.800000 0.100000
vt 0.850000 0.050000
vt 0.850000 0.100000
vt 0.900000 0.050000
vt 0.900000 0.100000
vt 0.950000 0.050000
vt 0.950000 0.100000
vt 1.000000 0.050000
vt 1.000000 0.100000
vt 0.050000 0.150000
vt 0.000000 0.150000
vt 0.100000 0.150000
vt 0.150000 0.150000
vt 0.200000 0.150000
vt 0.250000 0.150000
vt 0.300000 0.150000
vt 0.350000 0.150000
vt 0.400000 0.150000
vt 0.450000 0.150000
vt 0.500000 0.150000
vt 0.550000 0.150000
vt 0.600000 0.150000
vt 0.650000 0.150000
vt 0.700000 0.150000
vt 0.750000 0.150000
vt 0.800000 0.150000
vt 0.850000 0.150000
vt 0.900000 0.150000
vt 0.950000 0.150000
vt 1.000000 0.150000
vt 0.050000 0.200000
vt 0.000000 0.200000
vt 0.100000 0.200000
vt 0.150000 0.200000
vt 0.200000 0.200000
vt 0.250000 0.200000
vt 0.300000 0.200000
vt 0.350000 0.200000
vt 0.400000 0.200000
vt 0.450000 0.200000
vt 0.500000 0.200000
vt 0.550000 0.200000
vt 0.600000 0.200000
vt 0.650000 0.200000
vt 0.700000 0.200000
vt 0.750000 0.200000
vt 0.800000 0.200000
vt 0.850000 0.200000
vt 0.900000 0.200000
vt 0.950000 0.200000
vt 1.000000 0.200000
vt 0.050000 0.250000
vt 0.000000 0.250000
vt 0.100000 0.250000
vt 0.150000 0.250000
vt 0.200000 0.250000
vt 0.250000 0.250000
vt 0.300000 0.250000
vt 0.350000 0.250000
vt 0.400000 0.250000
vt 0.450000 0.250000
vt 0.500000 0.250000
vt 0.550000 0.250000
vt 0.600000 0.250000
vt 0.650000 0.250000
vt 0.700000 0.250000
vt 0.750000 0.250000
vt 0.800000 0.250000
vt 0.850000 0.250000
vt 0.900000 0.250000
vt 0.950000 0.250000
vt 1.000000 0.250000
vt 0.050000 0.300000
vt 0.000000 0.300000
vt 0.100000 0.300000
vt 0.150000 0.300000
vt 0.200000 0.300000
vt 0.250000 0.300000
vt 0.300000 0.300000
vt 0.350000 0.300000
vt 0.400000 0.300000
vt 0.450000 0.300000
vt 0.500000 0.300000
vt 0.550000 0.300000
vt 0.600000 0.300000
vt 0.650000 0.300000
vt 0.700000 0.300000
vt 0.750000 0.300000
vt 0.800000 0.300000
vt 0.850000 0.300000
vt 0.900000 0.300000
vt 0.950000 0.300000
vt 1.000000 0.300000
vt 0.050000 0.350000
vt 0.000000 0.350000
vt 0.100000 0.350000
vt 0.150000 0.350000
vt 0.200000 0.350000
vt 0.250000 0.350000
vt 0.300000 0.350000
vt 0.350000 0.350000
vt 0.400000 0.350000
vt 0.450000 0.350000
vt 0.500000 0.350000
vt 0.550000 0.350000
vt 0.600000 0.350000
vt 0.650000 0.350000
vt 0.700000 0.350000
vt 0.750000 0.350000
vt 0.800000 0.350000
vt 0.850000 0.350000
vt 0.900000 0.350000
vt 0.950000 0.350000
vt 1.000000 0.350000
vt 0.050000 0.400000
vt 0.000000 0.400000
vt 0.100000 0.400000
vt 0.150000 0.400000
vt 0.200000 0.400000
vt 0.250000 0.400000
vt 0.300000 0.400000
vt 0.350000 0.400000
vt 0.400000 0.400000
vt 0.450000 0.400000
vt 0.500000 0.400000
vt 0.550000 0.400000
vt 0.600000 0.400000
vt 0.650000 0.400000
vt 0.700000 0.400000
vt 0.750000 0.400000
vt 0.800000 0.400000
vt 0.850000 0.400000
vt 0.900000 0.400000
vt 0.950000 0.400000
vt 1.000000 0.400000
vt 0.050000 0.450000
vt 0.000000 0.450000
vt 0.100000 0.450000
vt 0.150000 0.450000
vt 0.200000 0.450000
vt 0.250000 0.450000
vt 0.300000 0.450000
vt 0.350000 0.450000
vt 0.400000 0.450000
vt 0.450000 0.450000
vt 0.500000 0.450000
vt 0.550000 0.450000
vt 0.600000 0.450000
vt 0.650000 0.450000
vt 0.700000 0.450000
vt 0.750000 0.450000
vt 0.800000 0.450000
vt 0.850000 0.450000
vt 0.900000 0.450000
vt 0.950000 0.450000
vt 1.000000 0.450000
vt 0.050000 0.500000
vt 0.000000 0.500000
vt 0.100000 0.500000
vt 0.150000 0.500000
vt 0.200000 0.500000
vt 0.250000 0.500000
vt 0.300000 0.500000
vt 0.350000 0.500000
vt 0.400000 0.500000
vt 0.450000 0.500000
vt 0.500000 0.500000
vt 0.550000 0.500000
vt 0.600000 0.500000
vt 0.650000 0.500000
vt 0.700000 0.500000
vt 0.750000 0.500000
vt 0.800000 0.500000
vt 0.850000 0.500000
vt 0.900000 0.500000
vt 0.950000 0.500000
vt 1.000000 0.500000
vt 0.050000 0.550000
vt 0.000000 0.550000
vt 0.100000 0.550000
vt 0.150000 0.550000
vt 0.200000 0.550000
vt 0.250000 0.550000
vt 0.300000 0.550000
vt 0.350000 0.550000
vt 0.400000 0.550000
vt 0.450000 0.550000
vt 0.500000 0.550000
vt 0.550000 0.550000
vt 0.600000 0.550000
vt 0.650000 0.550000
vt 0.700000 0.550000
vt 0.750000 0.550000
vt 0.800000 0.550000
vt 0.850000 0.550000
vt 0.900000 0.550000
vt 0.950000 0.550000
vt 1.000000 0.550000
vt 0.050000 0.600000
vt 0.000000 0.600000
vt 0.100000 0.600000
vt 0.150000 0.600000
vt 0.200000 0.600000
vt 0.250000 0.600000
vt 0.300000 0.600000
vt 0.350000 0.600000
vt 0.400000 0.600000
vt 0.450000 0.600000
vt 0.500000 0.600000
vt 0.550000 0.600000
vt 0.600000 0.600000
vt 0.650000 0.600000
vt 0.700000 0.600000
vt 0.750000 0.600000
vt 0.800000 0.600000
vt 0.850000 0.600000
vt 0.900000 0.600000
vt 0.950000 0.600000
vt 1.000000 0.600000
vt 0.050000 0.650000
vt 0.000000 0.650000
vt 0.100000 0.650000
vt 0.150000 0.650000
vt 0.200000 0.650000
vt 0.250000 0.650000
vt 0.300000 0.650000
vt 0.350000 0.650000
vt 0.400000 0.650000
vt 0.450000 0.650000
vt 0.500000 0.650000
vt 0.550000 0.650000
vt 0.600000 0.650000
vt 0.650000 0.650000
vt 0.700000 0.650000
vt 0.750000 0.650000
vt 0.800000 0.650000
vt 0.850000 0.650000
vt 0.900000 0.650000
vt 0.950000 0.650000
vt 1.000000 0.650000
vt 0.050000 0.700000
vt 0.000000 0.700000
vt 0.100000 0.700000
vt 0.150000 0.700000
vt 0.200000 0.700000
vt 0.250000 0.700000
vt 0.300000 0.700000
vt 0.350000 0.700000
vt 0.400000 0.700000
vt 0.450000 0.700000
vt 0.500000 0.700000
vt 0.550000 0.700000
vt 0.600000 0.700000
vt 0.650000 0.700000
vt 0.700000 0.700000
vt 0.750000 0.700000
vt 0.800000 0.700000
vt 0.850000 0.700000
vt 0.900000 0.700000
vt 0.950000 0.700000
vt 1.000000 0.700000
vt 0.050000 0.750000
vt 0.000000 0.750000
vt 0.100000 0.750000
vt 0.150000 0.750000
vt 0.200000 0.750000
vt 0.250000 0.750000
vt 0.300000 0.750000
vt 0.350000 0.750000
vt 0.400000 0.750000
vt 0.450000 0.750000
vt 0.500000 0.750000
vt 0.550000 0.750000
vt 0.600000 0.750000
vt 0.650000 0.750000
vt 0.700000 0.750000
vt 0.750000 0.750000
vt 0.800000 0.750000
vt 0.850000 0.750000
vt 0.900000 0.750000
vt 0.950000 0.750000
vt 1.000000 0.750000
vt 0.050000 0.800000
vt 0.000000 0.800000
vt 0.100000 0.800000
vt 0.150000 0.800000
vt 0.200000 0.800000
vt 0.250000 0.800000
vt 0.300000 0.800000
vt 0.350000 0.800000
vt 0.400000 0.800000
vt 0.450000 0.800000
vt 0.500000 0.800000
vt 0.550000 0.800000
vt 0.600000 0.800000
vt 0.650000 0.800000
vt 0.700000 0.800000
vt 0.750000 0.800000
vt 0.800000 0.800000
vt 0.850000 0.800000
vt 0.900000 0.800000
vt 0.950000 0.800000
vt 1.000000 0.800000
vt 0.050000 0.850000
vt 0.000000 0.850000
vt 0.100000 0.850000
vt 0.150000 0.850000
vt 0.200000 0.850000
vt 0.250000 0.850000
vt 0.300000 0.850000
vt 0.350000 0.850000
vt 0.400000 0.850000
vt 0.450000 0.850000
vt 0.500000 0.850000
vt 0.550000 0.850000
vt 0.600000 0.850000
vt 0.650000 0.850000
vt 0.700000 0.850000
vt 0.750000 0.850000
vt 0.800000 0.850000
vt 0.850000 0.850000
vt 0.900000 0.850000
vt 0.950000 0.850000
vt 1.000000 0.850000
vt 0.050000 0.900000
vt 0.000000 0.900000
vt 0.100000 0.900000
vt 0.150000 0.900000
vt 0.200000 0.900000
vt 0.250000 0.900000
vt 0.300000 0.900000
vt 0.350000 0.900000
vt 0.400000 0.900000
vt 0.450000 0.900000
vt 0.500000 0.900000
vt 0.550000 0.900000
vt 0.600000 0.900000
vt 0.650000 0.900000
vt 0.700000 0.900000
vt 0.750000 0.900000
vt 0.800000 0.900000
vt 0.850000 0.900000
vt 0.900000 0.900000
vt 0.950000 0.900000
vt 1.000000 0.900000
vt 0.050000 0.950000
vt 0.000000 0.950000
vt 0.100000 0.950000
vt 0.150000 0.950000
vt 0.200000 0.950000
vt 0.250000 0.950000
vt 0.300000 0.950000
vt 0.350000 0.950000
vt 0.400000 0.950000
vt 0.450000 0.950000
vt 0.500000 0.950000
vt 0.550000 0.950000
vt 0.600000 0.950000
vt 0.650000 0.950000
vt 0.700000 0.950000
vt 0.750000 0.950000
vt 0.800000 0.950000
vt 0.850000 0.950000
vt 0.900000 0.950000
vt 0.950000 0.950000
vt 1.000000 0.950000
vt 0.025000 0.000000
vt 0.075000 0.000000
vt 0.125000 0.000000
vt 0.175000 0.000000
vt 0.225000 0.000000
vt 0.275000 0.000000
vt 0.325000 0.000000
vt 0.375000 0.000000
vt 0.425000 0.000000
vt 0.475000 0.000000
vt 0.525000 0.000000
vt 0.575000 0.000000
vt 0.625000 0.000000
vt 0.675000 0.000000
vt 0.725000 0.000000
vt 0.775000 0.000000
vt 0.825000 0.000000
vt 0.875000 0.000000
vt 0.925000 0.000000
vt 0.975000 0.000000
vt 0.025000 1.000000
vt 0.075000 1.000000
vt 0.125000 1.000000
vt 0.175000 1.000000
vt 0.225000 1.000000
vt 0.275000 1.000000
vt 0.325000 1.000000
vt 0.375000 1.000000
vt 0.425000 1.000000
vt 0.475000 1.000000
vt 0.525000 1.000000
vt 0.575000 1.000000
vt 0.625000 1.000000
vt 0.675000 1.000000
vt 0.725000 1.000000
vt 0.775000 1.000000
vt 0.825000 1.000000
vt 0.875000 1.000000
vt 0.925000 1.000000
vt 0.975000 1.000000
vt 0.969068 0.651896
vt 0.899249 0.788925
vt 0.843426 0.748354
vt 0.903429 0.630574
vt 0.790504 0.897670
vt 0.749961 0.841859
vt 0.653476 0.967488
vt 0.632142 0.901905
vt 0.501580 0.991545
vt 0.501579 0.922470
vt 0.349683 0.967487
vt 0.371013 0.901908
vt 0.212656 0.897671
vt 0.253203 0.841859
vt 0.103910 0.788925
vt 0.159731 0.748339
vt 0.034091 0.651898
vt 0.099725 0.630603
vt 0.010033 0.500001
vt 0.079021 0.499982
vt 0.034091 0.348105
vt 0.099728 0.369444
vt 0.103910 0.211078
vt 0.159723 0.251627
vt 0.212656 0.102331
vt 0.253204 0.158117
vt 0.349683 0.032512
vt 0.371025 0.098231
vt 0.501580 0.008455
vt 0.501575 0.077335
vt 0.653476 0.032512
vt 0.632143 0.098233
vt 0.790503 0.102330
vt 0.749942 0.158112
vt 0.899249 0.211076
vt 0.843455 0.251628
vt 0.969068 0.348104
vt 0.903412 0.369442
vt 0.993126 0.500000
vt 0.924148 0.499996
vt 0.794573 0.712897
vt 0.846039 0.611913
vt 0.714429 0.792980
vt 0.613510 0.844375
vt 0.501579 0.862281
vt 0.389653 0.844371
vt 0.288721 0.792981
vt 0.208586 0.712922
vt 0.157125 0.611872
vt 0.139434 0.500032
vt 0.157122 0.388063
vt 0.208596 0.287140
vt 0.288719 0.207061
vt 0.389635 0.155419
vt 0.501585 0.138021
vt 0.613509 0.155416
vt 0.714459 0.207068
vt 0.794534 0.287136
vt 0.846064 0.388065
vt 0.863708 0.500006
vt 0.750876 0.681105
vt 0.794624 0.595226
vt 0.682726 0.749310
vt 0.596787 0.793127
vt 0.501578 0.808031
vt 0.406367 0.793129
vt 0.320440 0.749311
vt 0.252279 0.681081
vt 0.208529 0.595269
vt 0.193415 0.499970
vt 0.208530 0.404800
vt 0.252272 0.318869
vt 0.320440 0.250652
vt 0.406384 0.207070
vt 0.501573 0.191682
vt 0.596787 0.207073
vt 0.682699 0.250644
vt 0.750914 0.318871
vt 0.794601 0.404795
vt 0.809756 0.499993
vt 0.710487 0.651794
vt 0.747178 0.579794
vt 0.653345 0.708901
vt 0.581383 0.745543
vt 0.501580 0.758308
vt 0.421775 0.745543
vt 0.349806 0.708898
vt 0.292672 0.651814
vt 0.255980 0.579764
vt 0.243365 0.500026
vt 0.255980 0.420191
vt 0.292674 0.348223
vt 0.349809 0.291128
vt 0.421761 0.254320
vt 0.501583 0.241893
vt 0.581385 0.254317
vt 0.653363 0.291134
vt 0.710461 0.348221
vt 0.747195 0.420194
vt 0.759783 0.500006
vt 0.672396 0.624102
vt 0.702379 0.565250
vt 0.625691 0.670821
vt 0.566821 0.700833
vt 0.501577 0.711099
vt 0.436335 0.700833
vt 0.377467 0.670824
vt 0.330757 0.624092
vt 0.300774 0.565268
vt 0.290427 0.499986
vt 0.300773 0.434763
vt 0.330758 0.375890
vt 0.377463 0.329162
vt 0.436343 0.299240
vt 0.501575 0.288794
vt 0.566820 0.299242
vt 0.625684 0.329158
vt 0.672410 0.375893
vt 0.702371 0.434759
vt 0.712731 0.499996
vt 0.653517 0.610393
vt 0.680196 0.558037
vt 0.611965 0.651939
vt 0.559614 0.678604
vt 0.501577 0.687826
vt 0.443540 0.678602
vt 0.391190 0.651937
vt 0.349641 0.610394
vt 0.322963 0.558027
vt 0.313776 0.500008
vt 0.322964 0.441960
vt 0.349641 0.389613
vt 0.391192 0.348070
vt 0.443536 0.321369
vt 0.501578 0.312218
vt 0.559615 0.321366
vt 0.611968 0.348070
vt 0.653511 0.389608
vt 0.680200 0.441961
vt 0.689382 0.500002
vt 0.630540 0.593692
vt 0.653183 0.549255
vt 0.595273 0.628966
vt 0.550837 0.651601
vt 0.501578 0.659391
vt 0.452323 0.651601
vt 0.407887 0.628951
vt 0.372626 0.593691
vt 0.349987 0.549258
vt 0.342185 0.499997
vt 0.349987 0.450747
vt 0.372626 0.406308
vt 0.407886 0.371049
vt 0.452325 0.348404
vt 0.501578 0.340598
vt 0.550836 0.348405
vt 0.595271 0.371038
vt 0.630543 0.406304
vt 0.653179 0.450739
vt 0.660984 0.500004
vt 0.602555 0.573382
vt 0.620289 0.538605
vt 0.574946 0.600942
vt 0.540137 0.618707
vt 0.501578 0.624779
vt 0.463019 0.618664
vt 0.428251 0.600941
vt 0.400647 0.573311
vt 0.382938 0.538554
vt 0.376834 0.499999
vt 0.382936 0.461450
vt 0.400653 0.426678
vt 0.428246 0.399051
vt 0.463022 0.381359
vt 0.501577 0.375205
vt 0.540137 0.381312
vt 0.574947 0.399027
vt 0.602550 0.426634
vt 0.620295 0.461433
vt 0.626409 0.499976
vt 0.598519 0.531546
vt 0.584058 0.559880
vt 0.560912 0.542091
vt 0.571070 0.522124
vt 0.561566 0.582283
vt 0.545043 0.557978
vt 0.533150 0.596876
vt 0.525094 0.568109
vt 0.501704 0.601784
vt 0.502939 0.571650
vt 0.470236 0.596833
vt 0.480813 0.568123
vt 0.441872 0.582390
vt 0.460837 0.557951
vt 0.419319 0.559799
vt 0.444989 0.542110
vt 0.404869 0.531484
vt 0.434826 0.522131
vt 0.399890 0.499994
vt 0.431304 0.500002
vt 0.404865 0.468536
vt 0.434823 0.477868
vt 0.419335 0.440171
vt 0.444991 0.457897
vt 0.441856 0.417592
vt 0.460836 0.442054
vt 0.470244 0.403231
vt 0.480814 0.431868
vt 0.501700 0.398168
vt 0.502941 0.428363
vt 0.533152 0.403174
vt 0.525088 0.431882
vt 0.561567 0.417635
vt 0.545050 0.442038
vt 0.584052 0.440165
vt 0.560906 0.457906
vt 0.598531 0.468552
vt 0.571072 0.477858
vt 0.603522 0.499938
vt 0.574586 0.500015
vt 0.541509 0.512249
vt 0.535736 0.523339
vt 0.504540 0.500000
vt 0.527106 0.532025
vt 0.515919 0.537769
vt 0.503786 0.539608
vt 0.491437 0.537734
vt 0.480428 0.532092
vt 0.471668 0.523284
vt 0.465972 0.512286
vt 0.464107 0.499979
vt 0.466003 0.487759
vt 0.471620 0.476676
vt 0.480473 0.467951
vt 0.491411 0.462230
vt 0.503783 0.460427
vt 0.515953 0.462196
vt 0.527051 0.468012
vt 0.535793 0.476626
vt 0.541472 0.487795
vt 0.543323 0.499978
vt 0.591280 0.565071
vt 0.607010 0.534135
vt 0.566745 0.589718
vt 0.535900 0.605331
vt 0.501645 0.610841
vt 0.467398 0.605406
vt 0.436472 0.589655
vt 0.411970 0.565211
vt 0.396202 0.534239
vt 0.390771 0.500005
vt 0.396207 0.465740
vt 0.411954 0.434819
vt 0.436490 0.410362
vt 0.467390 0.394523
vt 0.501648 0.389202
vt 0.535899 0.394617
vt 0.566743 0.410367
vt 0.591287 0.434876
vt 0.606995 0.465756
vt 0.612405 0.500066
s 1
f 1875/1658/1875 1876/1659/1876 1896/1660/1877
f 1875/1658/1875 1896/1660/1877 1895/1661/1878
f 1876/1659/1876 1877/1662/1879 1897/1663/1880
f 1876/1659/1876 1897/1663/1880 1896/1660/1877
f 1877/1662/1879 1878/1664/1881 1898/1665/1882
f 1877/1662/1879 1898/1665/1882 1897/1663/1880
f 1878/1664/1881 1879/1666/1883 1899/1667/1884
f 1878/1664/1881 1899/1667/1884 1898/1665/1882
f 1879/1666/1883 1880/1668/1885 1900/1669/1886
f 1879/1666/1883 1900/1669/1886 1899/1667/1884
f 1880/1668/1885 1881/1670/1887 1901/1671/1888
f 1880/1668/1885 1901/1671/1888 1900/1669/1886
f 1881/1670/1887 1882/1672/1889 1902/1673/1890
f 1881/1670/1887 1902/1673/1890 1901/1671/1888
f 1882/1672/1889 1883/1674/1891 1903/1675/1892
f 1882/1672/1889 1903/1675/1892 1902/1673/1890
f 1883/1674/1891 1884/1676/1893 1904/1677/1894
f 1883/1674/1891 1904/1677/1894 1903/1675/1892
f 1884/1676/1893 1885/1678/1895 1905/1679/1896
f 1884/1676/1893 1905/1679/1896 1904/1677/1894
f 1885/1678/1895 1886/1680/1897 1906/1681/1898
f 1885/1678/1895 1906/1681/1898 1905/1679/1896
f 1886/1680/1897 1887/1682/1899 1907/1683/1900
f 1886/1680/1897 1907/1683/1900 1906/1681/1898
f 1887/1682/1899 1888/1684/1901 1908/1685/1902
f 1887/1682/1899 1908/1685/1902 1907/1683/1900
f 1888/1684/1901 1889/1686/1903 1909/1687/1904
f 1888/1684/1901 1909/1687/1904 1908/1685/1902
f 1889/1686/1903 1890/1688/1905 1910/1689/1906
f 1889/1686/1903 1910/1689/1906 1909/1687/1904
f 1890/1688/1905 1891/1690/1907 1911/1691/1908
f 1890/1688/1905 1911/1691/1908 1910/1689/1906
f 1891/1690/1907 1892/1692/1909 1912/1693/1910
f 1891/1690/1907 1912/1693/1910 1911/1691/1908
f 1892/1692/1909 1893/1694/1911 1913/1695/1912
f 1892/1692/1909 1913/1695/1912 1912/1693/1910
f 1893/1694/1911 1894/1696/1913 1914/1697/1914
f 1893/1694/1911 1914/1697/1914 1913/1695/1912
f 1894/1696/1913 1875/1698/1875 1895/1699/1878
f 1894/1696/1913 1895/1699/1878 1914/1697/1914
f 1895/1661/1878 1896/1660/1877 1916/1700/1915
f 1895/1661/1878 1916/1700/1915 1915/1701/1916
f 1896/1660/1877 1897/1663/1880 1917/1702/1917
f 1896/1660/1877 1917/1702/1917 1916/1700/1915
f 1897/1663/1880 1898/1665/1882 1918/1703/1918
f 1897/1663/1880 1918/1703/1918 1917/1702/1917
f 1898/1665/1882 1899/1667/1884 1919/1704/1919
f 1898/1665/1882 1919/1704/1919 1918/1703/1918
f 1899/1667/1884 1900/1669/1886 1920/1705/1920
f 1899/1667/1884 1920/1705/1920 1919/1704/1919
f 1900/1669/1886 1901/1671/1888 1921/1706/1921
f 1900/1669/1886 1921/1706/1921 1920/1705/1920
f 1901/1671/1888 1902/1673/1890 1922/1707/1922
f 1901/1671/1888 1922/1707/1922 1921/1706/1921
f 1902/1673/1890 1903/1675/1892 1923/1708/1923
f 1902/1673/1890 1923/1708/1923 1922/1707/1922
f 1903/1675/1892 1904/1677/1894 1924/1709/1924
f 1903/1675/1892 1924/1709/1924 1923/1708/1923
f 1904/1677/1894 1905/1679/1896 1925/1710/1925
f 1904/1677/1894 1925/1710/1925 1924/1709/1924
f 1905/1679/1896 1906/1681/1898 1926/1711/1926
f 1905/1679/1896 1926/1711/1926 1925/1710/1925
f 1906/1681/1898 1907/1683/1900 1927/1712/1927
f 1906/1681/1898 1927/1712/1927 1926/1711/1926
f 1907/1683/1900 1908/1685/1902 1928/1713/1928
f 1907/1683/1900 1928/1713/1928 1927/1712/1927
f 1908/1685/1902 1909/1687/1904 1929/1714/1929
f 1908/1685/1902 1929/1714/1929 1928/1713/1928
f 1909/1687/1904 1910/1689/1906 1930/1715/1930
f 1909/1687/1904 1930/1715/1930 1929/1714/1929
f 1910/1689/1906 1911/1691/1908 1931/1716/1931
f 1910/1689/1906 1931/1716/1931 1930/1715/1930
f 1911/1691/1908 1912/1693/1910 1932/1717/1932
f 1911/1691/1908 1932/1717/1932 1931/1716/1931
f 1912/1693/1910 1913/1695/1912 1933/1718/1933
f 1912/1693/1910 1933/1718/1933 1932/1717/1932
f 1913/1695/1912 1914/1697/1914 1934/1719/1934
f 1913/1695/1912 1934/1719/1934 1933/1718/1933
f 1914/1697/1914 1895/1699/1878 1915/1720/1916
f 1914/1697/1914 1915/1720/1916 1934/1719/1934
f 1915/1701/1916 1916/1700/1915 1936/1721/1935
f 1915/1701/1916 1936/1721/1935 1935/1722/1936
f 1916/1700/1915 1917/1702/1917 1937/1723/1937
f 1916/1700/1915 1937/1723/1937 1936/1721/1935
f 1917/1702/1917 1918/1703/1918 1938/1724/1938
f 1917/1702/1917 1938/1724/1938 1937/1723/1937
f 1918/1703/1918 1919/1704/1919 1939/1725/1939
f 1918/1703/1918 1939/1725/1939 1938/1724/1938
f 1919/1704/1919 1920/1705/1920 1940/1726/1940
f 1919/1704/1919 1940/1726/1940 1939/1725/1939
f 1920/1705/1920 1921/1706/1921 1941/1727/1941
f 1920/1705/1920 1941/1727/1941 1940/1726/1940
f 1921/1706/1921 1922/1707/1922 1942/1728/1942
f 1921/1706/1921 1942/1728/1942 1941/1727/1941
f 1922/1707/1922 1923/1708/1923 1943/1729/1943
f 1922/1707/1922 1943/1729/1943 1942/1728/1942
f 1923/1708/1923 1924/1709/1924 1944/1730/1944
f 1923/1708/1923 1944/1730/1944 1943/1729/1943
f 1924/1709/1924 1925/1710/1925 1945/1731/1945
f 1924/1709/1924 1945/1731/1945 1944/1730/1944
f 1925/1710/1925 1926/1711/1926 1946/1732/1946
f 1925/1710/1925 1946/1732/1946 1945/1731/1945
f 1926/1711/1926 1927/1712/1927 1947/1733/1947
f 1926/1711/1926 1947/1733/1947 1946/1732/1946
f 1927/1712/1927 1928/1713/1928 1948/1734/1948
f 1927/1712/1927 1948/1734/1948 1947/1733/1947
f 1928/1713/1928 1929/1714/1929 1949/1735/1949
f 1928/1713/1928 1949/1735/1949 1948/1734/1948
f 1929/1714/1929 1930/1715/1930 1950/1736/1950
f 1929/1714/1929 1950/1736/1950 1949/1735/1949
f 1930/1715/1930 1931/1716/1931 1951/1737/1951
f 1930/1715/1930 1951/1737/1951 1950/1736/1950
f 1931/1716/1931 1932/1717/1932 1952/1738/1952
f 1931/1716/1931 1952/1738/1952 1951/1737/1951
f 1932/1717/1932 1933/1718/1933 1953/1739/1953
f 1932/1717/1932 1953/1739/1953 1952/1738/1952
f 1933/1718/1933 1934/1719/1934 1954/1740/1954
f 1933/1718/1933 1954/1740/1954 1953/1739/1953
f 1934/1719/1934 1915/1720/1916 1935/1741/1936
f 1934/1719/1934 1935/1741/1936 1954/1740/1954
f 1935/1722/1936 1936/1721/1935 1956/1742/1955
f 1935/1722/1936 1956/1742/1955 1955/1743/1956
f 1936/1721/1935 1937/1723/1937 1957/1744/1957
f 1936/1721/1935 1957/1744/1957 1956/1742/1955
f 1937/1723/1937 1938/1724/1938 1958/1745/1958
f 1937/1723/1937 1958/1745/1958 1957/1744/1957
f 1938/1724/1938 1939/1725/1939 1959/1746/1959
f 1938/1724/1938 1959/1746/1959 1958/1745/1958
f 1939/1725/1939 1940/1726/1940 1960/1747/1960
f 1939/1725/1939 1960/1747/1960 1959/1746/1959
f 1940/1726/1940 1941/1727/1941 1961/1748/1961
f 1940/1726/1940 1961/1748/1961 1960/1747/1960
f 1941/1727/1941 1942/1728/1942 1962/1749/1962
f 1941/1727/1941 1962/1749/1962 1961/1748/1961
f 1942/1728/1942 1943/1729/1943 1963/1750/1963
f 1942/1728/1942 1963/1750/1963 1962/1749/1962
f 1943/1729/1943 1944/1730/1944 1964/1751/1964
f 1943/1729/1943 1964/1751/1964 1963/1750/1963
f 1944/1730/1944 1945/1731/1945 1965/1752/1965
f 1944/1730/1944 1965/1752/1965 1964/1751/1964
f 1945/1731/1945 1946/1732/1946 1966/1753/1966
f 1945/1731/1945 1966/1753/1966 1965/1752/1965
f 1946/1732/1946 1947/1733/1947 1967/1754/1967
f 1946/1732/1946 1967/1754/1967 1966/1753/1966
f 1947/1733/1947 1948/1734/1948 1968/1755/1968
f 1947/1733/1947 1968/1755/1968 1967/1754/1967
f 1948/1734/1948 1949/1735/1949 1969/1756/1969
f 1948/1734/1948 1969/1756/1969 1968/1755/1968
f 1949/1735/1949 1950/1736/1950 1970/1757/1970
f 1949/1735/1949 1970/1757/1970 1969/1756/1969
f 1950/1736/1950 1951/1737/1951 1971/1758/1971
f 1950/1736/1950 1971/1758/1971 1970/1757/1970
f 1951/1737/1951 1952/1738/1952 1972/1759/1972
f 1951/1737/1951 1972/1759/1972 1971/1758/1971
f 1952/1738/1952 1953/1739/1953 1973/1760/1973
f 1952/1738/1952 1973/1760/1973 1972/1759/1972
f 1953/1739/1953 1954/1740/1954 1974/1761/1974
f 1953/1739/1953 1974/1761/1974 1973/1760/1973
f 1954/1740/1954 1935/1741/1936 1955/1762/1956
f 1954/1740/1954 1955/1762/1956 1974/1761/1974
f 1955/1743/1956 1956/1742/1955 1976/1763/1975
f 1955/1743/1956 1976/1763/1975 1975/1764/1976
f 1956/1742/1955 1957/1744/1957 1977/1765/1977
f 1956/1742/1955 1977/1765/1977 1976/1763/1975
f 1957/1744/1957 1958/1745/1958 1978/1766/1978
f 1957/1744/1957 1978/1766/1978 1977/1765/1977
f 1958/1745/1958 1959/1746/1959 1979/1767/1979
f 1958/1745/1958 1979/1767/1979 1978/1766/1978
f 1959/1746/1959 1960/1747/1960 1980/1768/1980
f 1959/1746/1959 1980/1768/1980 1979/1767/1979
f 1960/1747/1960 1961/1748/1961 1981/1769/1981
f 1960/1747/1960 1981/1769/1981 1980/1768/1980
f 1961/1748/1961 1962/1749/1962 1982/1770/1982
f 1961/1748/1961 1982/1770/1982 1981/1769/1981
f 1962/1749/1962 1963/1750/1963 1983/1771/1983
f 1962/1749/1962 1983/1771/1983 1982/1770/1982
f 1963/1750/1963 1964/1751/1964 1984/1772/1984
f 1963/1750/1963 1984/1772/1984 1983/1771/1983
f 1964/1751/1964 1965/1752/1965 1985/1773/1985
f 1964/1751/1964 1985/1773/1985 1984/1772/1984
f 1965/1752/1965 1966/1753/1966 1986/1774/1986
f 1965/1752/1965 1986/1774/1986 1985/1773/1985
f 1966/1753/1966 1967/1754/1967 1987/1775/1987
f 1966/1753/1966 1987/1775/1987 1986/1774/1986
f 1967/1754/1967 1968/1755/1968 1988/1776/1988
f 1967/1754/1967 1988/1776/1988 1987/1775/1987
f 1968/1755/1968 1969/1756/1969 1989/1777/1989
f 1968/1755/1968 1989/1777/1989 1988/1776/1988
f 1969/1756/1969 1970/1757/1970 1990/1778/1990
f 1969/1756/1969 1990/1778/1990 1989/1777/1989
f 1970/1757/1970 1971/1758/1971 1991/1779/1991
f 1970/1757/1970 1991/1779/1991 1990/1778/1990
f 1971/1758/1971 1972/1759/1972 1992/1780/1992
f 1971/1758/1971 1992/1780/1992 1991/1779/1991
f 1972/1759/1972 1973/1760/1973 1993/1781/1993
f 1972/1759/1972 1993/1781/1993 1992/1780/1992
f 1973/1760/1973 1974/1761/1974 1994/1782/1994
f 1973/1760/1973 1994/1782/1994 1993/1781/1993
f 1974/1761/1974 1955/1762/1956 1975/1783/1976
f 1974/1761/1974 1975/1783/1976 1994/1782/1994
f 1975/1764/1976 1976/1763/1975 1996/1784/1995
f 1975/1764/1976 1996/1784/1995 1995/1785/1996
f 1976/1763/1975 1977/1765/1977 1997/1786/1997
f 1976/1763/1975 1997/1786/1997 1996/1784/1995
f 1977/1765/1977 1978/1766/1978 1998/1787/1998
f 1977/1765/1977 1998/1787/1998 1997/1786/1997
f 1978/1766/1978 1979/1767/1979 1999/1788/1999
f 1978/1766/1978 1999/1788/1999 1998/1787/1998
f 1979/1767/1979 1980/1768/1980 2000/1789/2000
f 1979/1767/1979 2000/1789/2000 1999/1788/1999
f 1980/1768/1980 1981/1769/1981 2001/1790/2001
f 1980/1768/1980 2001/1790/2001 2000/1789/2000
f 1981/1769/1981 1982/1770/1982 2002/1791/2002
f 1981/1769/1981 2002/1791/2002 2001/1790/2001
f 1982/1770/1982 1983/1771/1983 2003/1792/2003
f 1982/1770/1982 2003/1792/2003 2002/1791/2002
f 1983/1771/1983 1984/1772/1984 2004/1793/2004
f 1983/1771/1983 2004/1793/2004 2003/1792/2003
f 1984/1772/1984 1985/1773/1985 2005/1794/2005
f 1984/1772/1984 2005/1794/2005 2004/1793/2004
f 1985/1773/1985 1986/1774/1986 2006/1795/2006
f 1985/1773/1985 2006/1795/2006 2005/1794/2005
f 1986/1774/1986 1987/1775/1987 2007/1796/2007
f 1986/1774/1986 2007/1796/2007 2006/1795/2006
f 1987/1775/1987 1988/1776/1988 2008/1797/2008
f 1987/1775/1987 2008/1797/2008 2007/1796/2007
f 1988/1776/1988 1989/1777/1989 2009/1798/2009
f 1988/1776/1988 2009/1798/2009 2008/1797/2008
f 1989/1777/1989 1990/1778/1990 2010/1799/2010
f 1989/1777/1989 2010/1799/2010 2009/1798/2009
f 1990/1778/1990 1991/1779/1991 2011/1800/2011
f 1990/1778/1990 2011/1800/2011 2010/1799/2010
f 1991/1779/1991 1992/1780/1992 2012/1801/2012
f 1991/1779/1991 2012/1801/2012 2011/1800/2011
f 1992/1780/1992 1993/1781/1993 2013/1802/2013
f 1992/1780/1992 2013/1802/2013 2012/1801/2012
f 1993/1781/1993 1994/1782/1994 2014/1803/2014
f 1993/1781/1993 2014/1803/2014 2013/1802/2013
f 1994/1782/1994 1975/1783/1976 1995/1804/1996
f 1994/1782/1994 1995/1804/1996 2014/1803/2014
f 1995/1785/1996 1996/1784/1995 2016/1805/2015
f 1995/1785/1996 2016/1805/2015 2015/1806/2016
f 1996/1784/1995 1997/1786/1997 2017/1807/2017
f 1996/1784/1995 2017/1807/2017 2016/1805/2015
f 1997/1786/1997 1998/1787/1998 2018/1808/2018
f 1997/1786/1997 2018/1808/2018 2017/1807/2017
f 1998/1787/1998 1999/1788/1999 2019/1809/2019
f 1998/1787/1998 2019/1809/2019 2018/1808/2018
f 1999/1788/1999 2000/1789/2000 2020/1810/2020
f 1999/1788/1999 2020/1810/2020 2019/1809/2019
f 2000/1789/2000 2001/1790/2001 2021/1811/2021
f 2000/1789/2000 2021/1811/2021 2020/1810/2020
f 2001/1790/2001 2002/1791/2002 2022/1812/2022
f 2001/1790/2001 2022/1812/2022 2021/1811/2021
f 2002/1791/2002 2003/1792/2003 2023/1813/2023
f 2002/1791/2002 2023/1813/2023 2022/1812/2022
f 2003/1792/2003 2004/1793/2004 2024/1814/2024
f 2003/1792/2003 2024/1814/2024 2023/1813/2023
f 2004/1793/2004 2005/1794/2005 2025/1815/2025
f 2004/1793/2004 2025/1815/2025 2024/1814/2024
f 2005/1794/2005 2006/1795/2006 2026/1816/2026
f 2005/1794/2005 2026/1816/2026 2025/1815/2025
f 2006/1795/2006 2007/1796/2007 2027/1817/2027
f 2006/1795/2006 2027/1817/2027 2026/1816/2026
f 2007/1796/2007 2008/1797/2008 2028/1818/2028
f 2007/1796/2007 2028/1818/2028 2027/1817/2027
f 2008/1797/2008 2009/1798/2009 2029/1819/2029
f 2008/1797/2008 2029/1819/2029 2028/1818/2028
f 2009/1798/2009 2010/1799/2010 2030/1820/2030
f 2009/1798/2009 2030/1820/2030 2029/1819/2029
f 2010/1799/2010 2011/1800/2011 2031/1821/2031
f 2010/1799/2010 2031/1821/2031 2030/1820/2030
f 2011/1800/2011 2012/1801/2012 2032/1822/2032
f 2011/1800/2011 2032/1822/2032 2031/1821/2031
f 2012/1801/2012 2013/1802/2013 2033/1823/2033
f 2012/1801/2012 2033/1823/2033 2032/1822/2032
f 2013/1802/2013 2014/1803/2014 2034/1824/2034
f 2013/1802/2013 2034/1824/2034 2033/1823/2033
f 2014/1803/2014 1995/1804/1996 2015/1825/2016
f 2014/1803/2014 2015/1825/2016 2034/1824/2034
f 2015/1806/2016 2016/1805/2015 2036/1826/2035
f 2015/1806/2016 2036/1826/2035 2035/1827/2036
f 2016/1805/2015 2017/1807/2017 2037/1828/2037
f 2016/1805/2015 2037/1828/2037 2036/1826/2035
f 2017/1807/2017 2018/1808/2018 2038/1829/2038
f 2017/1807/2017 2038/1829/2038 2037/1828/2037
f 2018/1808/2018 2019/1809/2019 2039/1830/2039
f 2018/1808/2018 2039/1830/2039 2038/1829/2038
f 2019/1809/2019 2020/1810/2020 2040/1831/2040
f 2019/1809/2019 2040/1831/2040 2039/1830/2039
f 2020/1810/2020 2021/1811/2021 2041/1832/2041
f 2020/1810/2020 2041/1832/2041 2040/1831/2040
f 2021/1811/2021 2022/1812/2022 2042/1833/2042
f 2021/1811/2021 2042/1833/2042 2041/1832/2041
f 2022/1812/2022 2023/1813/2023 2043/1834/2043
f 2022/1812/2022 2043/1834/2043 2042/1833/2042
f 2023/1813/2023 2024/1814/2024 2044/1835/2044
f 2023/1813/2023 2044/1835/2044 2043/1834/2043
f 2024/1814/2024 2025/1815/2025 2045/1836/2045
f 2024/1814/2024 2045/1836/2045 2044/1835/2044
f 2025/1815/2025 2026/1816/2026 2046/1837/2046
f 2025/1815/2025 2046/1837/2046 2045/1836/2045
f 2026/1816/2026 2027/1817/2027 2047/1838/2047
f 2026/1816/2026 2047/1838/2047 2046/1837/2046
f 2027/1817/2027 2028/1818/2028 2048/1839/2048
f 2027/1817/2027 2048/1839/2048 2047/1838/2047
f 2028/1818/2028 2029/1819/2029 2049/1840/2049
f 2028/1818/2028 2049/1840/2049 2048/1839/2048
f 2029/1819/2029 2030/1820/2030 2050/1841/2050
f 2029/1819/2029 2050/1841/2050 2049/1840/2049
f 2030/1820/2030 2031/1821/2031 2051/1842/2051
f 2030/1820/2030 2051/1842/2051 2050/1841/2050
f 2031/1821/2031 2032/1822/2032 2052/1843/2052
f 2031/1821/2031 2052/1843/2052 2051/1842/2051
f 2032/1822/2032 2033/1823/2033 2053/1844/2053
f 2032/1822/2032 2053/1844/2053 2052/1843/2052
f 2033/1823/2033 2034/1824/2034 2054/1845/2054
f 2033/1823/2033 2054/1845/2054 2053/1844/2053
f 2034/1824/2034 2015/1825/2016 2035/1846/2036
f 2034/1824/2034 2035/1846/2036 2054/1845/2054
f 2035/1827/2036 2036/1826/2035 2056/1847/2055
f 2035/1827/2036 2056/1847/2055 2055/1848/2056
f 2036/1826/2035 2037/1828/2037 2057/1849/2057
f 2036/1826/2035 2057/1849/2057 2056/1847/2055
f 2037/1828/2037 2038/1829/2038 2058/1850/2058
f 2037/1828/2037 2058/1850/2058 2057/1849/2057
f 2038/1829/2038 2039/1830/2039 2059/1851/2059
f 2038/1829/2038 2059/1851/2059 2058/1850/2058
f 2039/1830/2039 2040/1831/2040 2060/1852/2060
f 2039/1830/2039 2060/1852/2060 2059/1851/2059
f 2040/1831/2040 2041/1832/2041 2061/1853/2061
f 2040/1831/2040 2061/1853/2061 2060/1852/2060
f 2041/1832/2041 2042/1833/2042 2062/1854/2062
f 2041/1832/2041 2062/1854/2062 2061/1853/2061
f 2042/1833/2042 2043/1834/2043 2063/1855/2063
f 2042/1833/2042 2063/1855/2063 2062/1854/2062
f 2043/1834/2043 2044/1835/2044 2064/1856/2064
f 2043/1834/2043 2064/1856/2064 2063/1855/2063
f 2044/1835/2044 2045/1836/2045 2065/1857/2065
f 2044/1835/2044 2065/1857/2065 2064/1856/2064
f 2045/1836/2045 2046/1837/2046 2066/1858/2066
f 2045/1836/2045 2066/1858/2066 2065/1857/2065
f 2046/1837/2046 2047/1838/2047 2067/1859/2067
f 2046/1837/2046 2067/1859/2067 2066/1858/2066
f 2047/1838/2047 2048/1839/2048 2068/1860/2068
f 2047/1838/2047 2068/1860/2068 2067/1859/2067
f 2048/1839/2048 2049/1840/2049 2069/1861/2069
f 2048/1839/2048 2069/1861/2069 2068/1860/2068
f 2049/1840/2049 2050/1841/2050 2070/1862/2070
f 2049/1840/2049 2070/1862/2070 2069/1861/2069
f 2050/1841/2050 2051/1842/2051 2071/1863/2071
f 2050/1841/2050 2071/1863/2071 2070/1862/2070
f 2051/1842/2051 2052/1843/2052 2072/1864/2072
f 2051/1842/2051 2072/1864/2072 2071/1863/2071
f 2052/1843/2052 2053/1844/2053 2073/1865/2073
f 2052/1843/2052 2073/1865/2073 2072/1864/2072
f 2053/1844/2053 2054/1845/2054 2074/1866/2074
f 2053/1844/2053 2074/1866/2074 2073/1865/2073
f 2054/1845/2054 2035/1846/2036 2055/1867/2056
f 2054/1845/2054 2055/1867/2056 2074/1866/2074
f 2055/1848/2056 2056/1847/2055 2076/1868/2075
f 2055/1848/2056 2076/1868/2075 2075/1869/2076
f 2056/1847/2055 2057/1849/2057 2077/1870/2077
f 2056/1847/2055 2077/1870/2077 2076/1868/2075
f 2057/1849/2057 2058/1850/2058 2078/1871/2078
f 2057/1849/2057 2078/1871/2078 2077/1870/2077
f 2058/1850/2058 2059/1851/2059 2079/1872/2079
f 2058/1850/2058 2079/1872/2079 2078/1871/2078
f 2059/1851/2059 2060/1852/2060 2080/1873/2080
f 2059/1851/2059 2080/1873/2080 2079/1872/2079
f 2060/1852/2060 2061/1853/2061 2081/1874/2081
f 2060/1852/2060 2081/1874/2081 2080/1873/2080
f 2061/1853/2061 2062/1854/2062 2082/1875/2082
f 2061/1853/2061 2082/1875/2082 2081/1874/2081
f 2062/1854/2062 2063/1855/2063 2083/1876/2083
f 2062/1854/2062 2083/1876/2083 2082/1875/2082
f 2063/1855/2063 2064/1856/2064 2084/1877/2084
f 2063/1855/2063 2084/1877/2084 2083/1876/2083
f 2064/1856/2064 2065/1857/2065 2085/1878/2085
f 2064/1856/2064 2085/1878/2085 2084/1877/2084
f 2065/1857/2065 2066/1858/2066 2086/1879/2086
f 2065/1857/2065 2086/1879/2086 2085/1878/2085
f 2066/1858/2066 2067/1859/2067 2087/1880/2087
f 2066/1858/2066 2087/1880/2087 2086/1879/2086
f 2067/1859/2067 2068/1860/2068 2088/1881/2088
f 2067/1859/2067 2088/1881/2088 2087/1880/2087
f 2068/1860/2068 2069/1861/2069 2089/1882/2089
f 2068/1860/2068 2089/1882/2089 2088/1881/2088
f 2069/1861/2069 2070/1862/2070 2090/1883/2090
f 2069/1861/2069 2090/1883/2090 2089/1882/2089
f 2070/1862/2070 2071/1863/2071 2091/1884/2091
f 2070/1862/2070 2091/1884/2091 2090/1883/2090
f 2071/1863/2071 2072/1864/2072 2092/1885/2092
f 2071/1863/2071 2092/1885/2092 2091/1884/2091
f 2072/1864/2072 2073/1865/2073 2093/1886/2093
f 2072/1864/2072 2093/1886/2093 2092/1885/2092
f 2073/1865/2073 2074/1866/2074 2094/1887/2094
f 2073/1865/2073 2094/1887/2094 2093/1886/2093
f 2074/1866/2074 2055/1867/2056 2075/1888/2076
f 2074/1866/2074 2075/1888/2076 2094/1887/2094
f 2075/1869/2076 2076/1868/2075 2096/1889/2095
f 2075/1869/2076 2096/1889/2095 2095/1890/2096
f 2076/1868/2075 2077/1870/2077 2097/1891/2097
f 2076/1868/2075 2097/1891/2097 2096/1889/2095
f 2077/1870/2077 2078/1871/2078 2098/1892/2098
f 2077/1870/2077 2098/1892/2098 2097/1891/2097
f 2078/1871/2078 2079/1872/2079 2099/1893/2099
f 2078/1871/2078 2099/1893/2099 2098/1892/2098
f 2079/1872/2079 2080/1873/2080 2100/1894/2100
f 2079/1872/2079 2100/1894/2100 2099/1893/2099
f 2080/1873/2080 2081/1874/2081 2101/1895/2101
f 2080/1873/2080 2101/1895/2101 2100/1894/2100
f 2081/1874/2081 2082/1875/2082 2102/1896/2102
f 2081/1874/2081 2102/1896/2102 2101/1895/2101
f 2082/1875/2082 2083/1876/2083 2103/1897/2103
f 2082/1875/2082 2103/1897/2103 2102/1896/2102
f 2083/1876/2083 2084/1877/2084 2104/1898/2104
f 2083/1876/2083 2104/1898/2104 2103/1897/2103
f 2084/1877/2084 2085/1878/2085 2105/1899/2105
f 2084/1877/2084 2105/1899/2105 2104/1898/2104
f 2085/1878/2085 2086/1879/2086 2106/1900/2106
f 2085/1878/2085 2106/1900/2106 2105/1899/2105
f 2086/1879/2086 2087/1880/2087 2107/1901/2107
f 2086/1879/2086 2107/1901/2107 2106/1900/2106
f 2087/1880/2087 2088/1881/2088 2108/1902/2108
f 2087/1880/2087 2108/1902/2108 2107/1901/2107
f 2088/1881/2088 2089/1882/2089 2109/1903/2109
f 2088/1881/2088 2109/1903/2109 2108/1902/2108
f 2089/1882/2089 2090/1883/2090 2110/1904/2110
f 2089/1882/2089 2110/1904/2110 2109/1903/2109
f 2090/1883/2090 2091/1884/2091 2111/1905/2111
f 2090/1883/2090 2111/1905/2111 2110/1904/2110
f 2091/1884/2091 2092/1885/2092 2112/1906/2112
f 2091/1884/2091 2112/1906/2112 2111/1905/2111
f 2092/1885/2092 2093/1886/2093 2113/1907/2113
f 2092/1885/2092 2113/1907/2113 2112/1906/2112
f 2093/1886/2093 2094/1887/2094 2114/1908/2114
f 2093/1886/2093 2114/1908/2114 2113/1907/2113
f 2094/1887/2094 2075/1888/2076 2095/1909/2096
f 2094/1887/2094 2095/1909/2096 2114/1908/2114
f 2095/1890/2096 2096/1889/2095 2116/1910/2115
f 2095/1890/2096 2116/1910/2115 2115/1911/2116
f 2096/1889/2095 2097/1891/2097 2117/1912/2117
f 2096/1889/2095 2117/1912/2117 2116/1910/2115
f 2097/1891/2097 2098/1892/2098 2118/1913/2118
f 2097/1891/2097 2118/1913/2118 2117/1912/2117
f 2098/1892/2098 2099/1893/2099 2119/1914/2119
f 2098/1892/2098 2119/1914/2119 2118/1913/2118
f 2099/1893/2099 2100/1894/2100 2120/1915/2120
f 2099/1893/2099 2120/1915/2120 2119/1914/2119
f 2100/1894/2100 2101/1895/2101 2121/1916/2121
f 2100/1894/2100 2121/1916/2121 2120/1915/2120
f 2101/1895/2101 2102/1896/2102 2122/1917/2122
f 2101/1895/2101 2122/1917/2122 2121/1916/2121
f 2102/1896/2102 2103/1897/2103 2123/1918/2123
f 2102/1896/2102 2123/1918/2123 2122/1917/2122
f 2103/1897/2103 2104/1898/2104 2124/1919/2124
f 2103/1897/2103 2124/1919/2124 2123/1918/2123
f 2104/1898/2104 2105/1899/2105 2125/1920/2125
f 2104/1898/2104 2125/1920/2125 2124/1919/2124
f 2105/1899/2105 2106/1900/2106 2126/1921/2126
f 2105/1899/2105 2126/1921/2126 2125/1920/2125
f 2106/1900/2106 2107/1901/2107 2127/1922/2127
f 2106/1900/2106 2127/1922/2127 2126/1921/2126
f 2107/1901/2107 2108/1902/2108 2128/1923/2128
f 2107/1901/2107 2128/1923/2128 2127/1922/2127
f 2108/1902/2108 2109/1903/2109 2129/1924/2129
f 2108/1902/2108 2129/1924/2129 2128/1923/2128
f 2109/1903/2109 2110/1904/2110 2130/1925/2130
f 2109/1903/2109 2130/1925/2130 2129/1924/2129
f 2110/1904/2110 2111/1905/2111 2131/1926/2131
f 2110/1904/2110 2131/1926/2131 2130/1925/2130
f 2111/1905/2111 2112/1906/2112 2132/1927/2132
f 2111/1905/2111 2132/1927/2132 2131/1926/2131
f 2112/1906/2112 2113/1907/2113 2133/1928/2133
f 2112/1906/2112 2133/1928/2133 2132/1927/2132
f 2113/1907/2113 2114/1908/2114 2134/1929/2134
f 2113/1907/2113 2134/1929/2134 2133/1928/2133
f 2114/1908/2114 2095/1909/2096 2115/1930/2116
f 2114/1908/2114 2115/1930/2116 2134/1929/2134
f 2115/1911/2116 2116/1910/2115 2136/1931/2135
f 2115/1911/2116 2136/1931/2135 2135/1932/2136
f 2116/1910/2115 2117/1912/2117 2137/1933/2137
f 2116/1910/2115 2137/1933/2137 2136/1931/2135
f 2117/1912/2117 2118/1913/2118 2138/1934/2138
f 2117/1912/2117 2138/1934/2138 2137/1933/2137
f 2118/1913/2118 2119/1914/2119 2139/1935/2139
f 2118/1913/2118 2139/1935/2139 2138/1934/2138
f 2119/1914/2119 2120/1915/2120 2140/1936/2140
f 2119/1914/2119 2140/1936/2140 2139/1935/2139
f 2120/1915/2120 2121/1916/2121 2141/1937/2141
f 2120/1915/2120 2141/1937/2141 2140/1936/2140
f 2121/1916/2121 2122/1917/2122 2142/1938/2142
f 2121/1916/2121 2142/1938/2142 2141/1937/2141
f 2122/1917/2122 2123/1918/2123 2143/1939/2143
f 2122/1917/2122 2143/1939/2143 2142/1938/2142
f 2123/1918/2123 2124/1919/2124 2144/1940/2144
f 2123/1918/2123 2144/1940/2144 2143/1939/2143
f 2124/1919/2124 2125/1920/2125 2145/1941/2145
f 2124/1919/2124 2145/1941/2145 2144/1940/2144
f 2125/1920/2125 2126/1921/2126 2146/1942/2146
f 2125/1920/2125 2146/1942/2146 2145/1941/2145
f 2126/1921/2126 2127/1922/2127 2147/1943/2147
f 2126/1921/2126 2147/1943/2147 2146/1942/2146
f 2127/1922/2127 2128/1923/2128 2148/1944/2148
f 2127/1922/2127 2148/1944/2148 2147/1943/2147
f 2128/1923/2128 2129/1924/2129 2149/1945/2149
f 2128/1923/2128 2149/1945/2149 2148/1944/2148
f 2129/1924/2129 2130/1925/2130 2150/1946/2150
f 2129/1924/2129 2150/1946/2150 2149/1945/2149
f 2130/1925/2130 2131/1926/2131 2151/1947/2151
f 2130/1925/2130 2151/1947/2151 2150/1946/2150
f 2131/1926/2131 2132/1927/2132 2152/1948/2152
f 2131/1926/2131 2152/1948/2152 2151/1947/2151
f 2132/1927/2132 2133/1928/2133 2153/1949/2153
f 2132/1927/2132 2153/1949/2153 2152/1948/2152
f 2133/1928/2133 2134/1929/2134 2154/1950/2154
f 2133/1928/2133 2154/1950/2154 2153/1949/2153
f 2134/1929/2134 2115/1930/2116 2135/1951/2136
f 2134/1929/2134 2135/1951/2136 2154/1950/2154
f 2135/1932/2136 2136/1931/2135 2156/1952/2155
f 2135/1932/2136 2156/1952/2155 2155/1953/2156
f 2136/1931/2135 2137/1933/2137 2157/1954/2157
f 2136/1931/2135 2157/1954/2157 2156/1952/2155
f 2137/1933/2137 2138/1934/2138 2158/1955/2158
f 2137/1933/2137 2158/1955/2158 2157/1954/2157
f 2138/1934/2138 2139/1935/2139 2159/1956/2159
f 2138/1934/2138 2159/1956/2159 2158/1955/2158
f 2139/1935/2139 2140/1936/2140 2160/1957/2160
f 2139/1935/2139 2160/1957/2160 2159/1956/2159
f 2140/1936/2140 2141/1937/2141 2161/1958/2161
f 2140/1936/2140 2161/1958/2161 2160/1957/2160
f 2141/1937/2141 2142/1938/2142 2162/1959/2162
f 2141/1937/2141 2162/1959/2162 2161/1958/2161
f 2142/1938/2142 2143/1939/2143 2163/1960/2163
f 2142/1938/2142 2163/1960/2163 2162/1959/2162
f 2143/1939/2143 2144/1940/2144 2164/1961/2164
f 2143/1939/2143 2164/1961/2164 2163/1960/2163
f 2144/1940/2144 2145/1941/2145 2165/1962/2165
f 2144/1940/2144 2165/1962/2165 2164/1961/2164
f 2145/1941/2145 2146/1942/2146 2166/1963/2166
f 2145/1941/2145 2166/1963/2166 2165/1962/2165
f 2146/1942/2146 2147/1943/2147 2167/1964/2167
f 2146/1942/2146 2167/1964/2167 2166/1963/2166
f 2147/1943/2147 2148/1944/2148 2168/1965/2168
f 2147/1943/2147 2168/1965/2168 2167/1964/2167
f 2148/1944/2148 2149/1945/2149 2169/1966/2169
f 2148/1944/2148 2169/1966/2169 2168/1965/2168
f 2149/1945/2149 2150/1946/2150 2170/1967/2170
f 2149/1945/2149 2170/1967/2170 2169/1966/2169
f 2150/1946/2150 2151/1947/2151 2171/1968/2171
f 2150/1946/2150 2171/1968/2171 2170/1967/2170
f 2151/1947/2151 2152/1948/2152 2172/1969/2172
f 2151/1947/2151 2172/1969/2172 2171/1968/2171
f 2152/1948/2152 2153/1949/2153 2173/1970/2173
f 2152/1948/2152 2173/1970/2173 2172/1969/2172
f 2153/1949/2153 2154/1950/2154 2174/1971/2174
f 2153/1949/2153 2174/1971/2174 2173/1970/2173
f 2154/1950/2154 2135/1951/2136 2155/1972/2156
f 2154/1950/2154 2155/1972/2156 2174/1971/2174
f 2155/1953/2156 2156/1952/2155 2176/1973/2175
f 2155/1953/2156 2176/1973/2175 2175/1974/2176
f 2156/1952/2155 2157/1954/2157 2177/1975/2177
f 2156/1952/2155 2177/1975/2177 2176/1973/2175
f 2157/1954/2157 2158/1955/2158 2178/1976/2178
f 2157/1954/2157 2178/1976/2178 2177/1975/2177
f 2158/1955/2158 2159/1956/2159 2179/1977/2179
f 2158/1955/2158 2179/1977/2179 2178/1976/2178
f 2159/1956/2159 2160/1957/2160 2180/1978/2180
f 2159/1956/2159 2180/1978/2180 2179/1977/2179
f 2160/1957/2160 2161/1958/2161 2181/1979/2181
f 2160/1957/2160 2181/1979/2181 2180/1978/2180
f 2161/1958/2161 2162/1959/2162 2182/1980/2182
f 2161/1958/2161 2182/1980/2182 2181/1979/2181
f 2162/1959/2162 2163/1960/2163 2183/1981/2183
f 2162/1959/2162 2183/1981/2183 2182/1980/2182
f 2163/1960/2163 2164/1961/2164 2184/1982/2184
f 2163/1960/2163 2184/1982/2184 2183/1981/2183
f 2164/1961/2164 2165/1962/2165 2185/1983/2185
f 2164/1961/2164 2185/1983/2185 2184/1982/2184
f 2165/1962/2165 2166/1963/2166 2186/1984/2186
f 2165/1962/2165 2186/1984/2186 2185/1983/2185
f 2166/1963/2166 2167/1964/2167 2187/1985/2187
f 2166/1963/2166 2187/1985/2187 2186/1984/2186
f 2167/1964/2167 2168/1965/2168 2188/1986/2188
f 2167/1964/2167 2188/1986/2188 2187/1985/2187
f 2168/1965/2168 2169/1966/2169 2189/1987/2189
f 2168/1965/2168 2189/1987/2189 2188/1986/2188
f 2169/1966/2169 2170/1967/2170 2190/1988/2190
f 2169/1966/2169 2190/1988/2190 2189/1987/2189
f 2170/1967/2170 2171/1968/2171 2191/1989/2191
f 2170/1967/2170 2191/1989/2191 2190/1988/2190
f 2171/1968/2171 2172/1969/2172 2192/1990/2192
f 2171/1968/2171 2192/1990/2192 2191/1989/2191
f 2172/1969/2172 2173/1970/2173 2193/1991/2193
f 2172/1969/2172 2193/1991/2193 2192/1990/2192
f 2173/1970/2173 2174/1971/2174 2194/1992/2194
f 2173/1970/2173 2194/1992/2194 2193/1991/2193
f 2174/1971/2174 2155/1972/2156 2175/1993/2176
f 2174/1971/2174 2175/1993/2176 2194/1992/2194
f 2175/1974/2176 2176/1973/2175 2196/1994/2195
f 2175/1974/2176 2196/1994/2195 2195/1995/2196
f 2176/1973/2175 2177/1975/2177 2197/1996/2197
f 2176/1973/2175 2197/1996/2197 2196/1994/2195
f 2177/1975/2177 2178/1976/2178 2198/1997/2198
f 2177/1975/2177 2198/1997/2198 2197/1996/2197
f 2178/1976/2178 2179/1977/2179 2199/1998/2199
f 2178/1976/2178 2199/1998/2199 2198/1997/2198
f 2179/1977/2179 2180/1978/2180 2200/1999/2200
f 2179/1977/2179 2200/1999/2200 2199/1998/2199
f 2180/1978/2180 2181/1979/2181 2201/2000/2201
f 2180/1978/2180 2201/2000/2201 2200/1999/2200
f 2181/1979/2181 2182/1980/2182 2202/2001/2202
f 2181/1979/2181 2202/2001/2202 2201/2000/2201
f 2182/1980/2182 2183/1981/2183 2203/2002/2203
f 2182/1980/2182 2203/2002/2203 2202/2001/2202
f 2183/1981/2183 2184/1982/2184 2204/2003/2204
f 2183/1981/2183 2204/2003/2204 2203/2002/2203
f 2184/1982/2184 2185/1983/2185 2205/2004/2205
f 2184/1982/2184 2205/2004/2205 2204/2003/2204
f 2185/1983/2185 2186/1984/2186 2206/2005/2206
f 2185/1983/2185 2206/2005/2206 2205/2004/2205
f 2186/1984/2186 2187/1985/2187 2207/2006/2207
f 2186/1984/2186 2207/2006/2207 2206/2005/2206
f 2187/1985/2187 2188/1986/2188 2208/2007/2208
f 2187/1985/2187 2208/2007/2208 2207/2006/2207
f 2188/1986/2188 2189/1987/2189 2209/2008/2209
f 2188/1986/2188 2209/2008/2209 2208/2007/2208
f 2189/1987/2189 2190/1988/2190 2210/2009/2210
f 2189/1987/2189 2210/2009/2210 2209/2008/2209
f 2190/1988/2190 2191/1989/2191 2211/2010/2211
f 2190/1988/2190 2211/2010/2211 2210/2009/2210
f 2191/1989/2191 2192/1990/2192 2212/2011/2212
f 2191/1989/2191 2212/2011/2212 2211/2010/2211
f 2192/1990/2192 2193/1991/2193 2213/2012/2213
f 2192/1990/2192 2213/2012/2213 2212/2011/2212
f 2193/1991/2193 2194/1992/2194 2214/2013/2214
f 2193/1991/2193 2214/2013/2214 2213/2012/2213
f 2194/1992/2194 2175/1993/2176 2195/2014/2196
f 2194/1992/2194 2195/2014/2196 2214/2013/2214
f 2195/1995/2196 2196/1994/2195 2216/2015/2215
f 2195/1995/2196 2216/2015/2215 2215/2016/2216
f 2196/1994/2195 2197/1996/2197 2217/2017/2217
f 2196/1994/2195 2217/2017/2217 2216/2015/2215
f 2197/1996/2197 2198/1997/2198 2218/2018/2218
f 2197/1996/2197 2218/2018/2218 2217/2017/2217
f 2198/1997/2198 2199/1998/2199 2219/2019/2219
f 2198/1997/2198 2219/2019/2219 2218/2018/2218
f 2199/1998/2199 2200/1999/2200 2220/2020/2220
f 2199/1998/2199 2220/2020/2220 2219/2019/2219
f 2200/1999/2200 2201/2000/2201 2221/2021/2221
f 2200/1999/2200 2221/2021/2221 2220/2020/2220
f 2201/2000/2201 2202/2001/2202 2222/2022/2222
f 2201/2000/2201 2222/2022/2222 2221/2021/2221
f 2202/2001/2202 2203/2002/2203 2223/2023/2223
f 2202/2001/2202 2223/2023/2223 2222/2022/2222
f 2203/2002/2203 2204/2003/2204 2224/2024/2224
f 2203/2002/2203 2224/2024/2224 2223/2023/2223
f 2204/2003/2204 2205/2004/2205 2225/2025/2225
f 2204/2003/2204 2225/2025/2225 2224/2024/2224
f 2205/2004/2205 2206/2005/2206 2226/2026/2226
f 2205/2004/2205 2226/2026/2226 2225/2025/2225
f 2206/2005/2206 2207/2006/2207 2227/2027/2227
f 2206/2005/2206 2227/2027/2227 2226/2026/2226
f 2207/2006/2207 2208/2007/2208 2228/2028/2228
f 2207/2006/2207 2228/2028/2228 2227/2027/2227
f 2208/2007/2208 2209/2008/2209 2229/2029/2229
f 2208/2007/2208 2229/2029/2229 2228/2028/2228
f 2209/2008/2209 2210/2009/2210 2230/2030/2230
f 2209/2008/2209 2230/2030/2230 2229/2029/2229
f 2210/2009/2210 2211/2010/2211 2231/2031/2231
f 2210/2009/2210 2231/2031/2231 2230/2030/2230
f 2211/2010/2211 2212/2011/2212 2232/2032/2232
f 2211/2010/2211 2232/2032/2232 2231/2031/2231
f 2212/2011/2212 2213/2012/2213 2233/2033/2233
f 2212/2011/2212 2233/2033/2233 2232/2032/2232
f 2213/2012/2213 2214/2013/2214 2234/2034/2234
f 2213/2012/2213 2234/2034/2234 2233/2033/2233
f 2214/2013/2214 2195/2014/2196 2215/2035/2216
f 2214/2013/2214 2215/2035/2216 2234/2034/2234
f 2215/2016/2216 2216/2015/2215 2236/2036/2235
f 2215/2016/2216 2236/2036/2235 2235/2037/2236
f 2216/2015/2215 2217/2017/2217 2237/2038/2237
f 2216/2015/2215 2237/2038/2237 2236/2036/2235
f 2217/2017/2217 2218/2018/2218 2238/2039/2238
f 2217/2017/2217 2238/2039/2238 2237/2038/2237
f 2218/2018/2218 2219/2019/2219 2239/2040/2239
f 2218/2018/2218 2239/2040/2239 2238/2039/2238
f 2219/2019/2219 2220/2020/2220 2240/2041/2240
f 2219/2019/2219 2240/2041/2240 2239/2040/2239
f 2220/2020/2220 2221/2021/2221 2241/2042/2241
f 2220/2020/2220 2241/2042/2241 2240/2041/2240
f 2221/2021/2221 2222/2022/2222 2242/2043/2242
f 2221/2021/2221 2242/2043/2242 2241/2042/2241
f 2222/2022/2222 2223/2023/2223 2243/2044/2243
f 2222/2022/2222 2243/2044/2243 2242/2043/2242
f 2223/2023/2223 2224/2024/2224 2244/2045/2244
f 2223/2023/2223 2244/2045/2244 2243/2044/2243
f 2224/2024/2224 2225/2025/2225 2245/2046/2245
f 2224/2024/2224 2245/2046/2245 2244/2045/2244
f 2225/2025/2225 2226/2026/2226 2246/2047/2246
f 2225/2025/2225 2246/2047/2246 2245/2046/2245
f 2226/2026/2226 2227/2027/2227 2247/2048/2247
f 2226/2026/2226 2247/2048/2247 2246/2047/2246
f 2227/2027/2227 2228/2028/2228 2248/2049/2248
f 2227/2027/2227 2248/2049/2248 2247/2048/2247
f 2228/2028/2228 2229/2029/2229 2249/2050/2249
f 2228/2028/2228 2249/2050/2249 2248/2049/2248
f 2229/2029/2229 2230/2030/2230 2250/2051/2250
f 2229/2029/2229 2250/2051/2250 2249/2050/2249
f 2230/2030/2230 2231/2031/2231 2251/2052/2251
f 2230/2030/2230 2251/2052/2251 2250/2051/2250
f 2231/2031/2231 2232/2032/2232 2252/2053/2252
f 2231/2031/2231 2252/2053/2252 2251/2052/2251
f 2232/2032/2232 2233/2033/2233 2253/2054/2253
f 2232/2032/2232 2253/2054/2253 2252/2053/2252
f 2233/2033/2233 2234/2034/2234 2254/2055/2254
f 2233/2033/2233 2254/2055/2254 2253/2054/2253
f 2234/2034/2234 2215/2035/2216 2235/2056/2236
f 2234/2034/2234 2235/2056/2236 2254/2055/2254
f 1876/1659/1876 1875/1658/1875 2255/2057/2255
f 1877/1662/1879 1876/1659/1876 2255/2058/2255
f 1878/1664/1881 1877/1662/1879 2255/2059/2255
f 1879/1666/1883 1878/1664/1881 2255/2060/2255
f 1880/1668/1885 1879/1666/1883 2255/2061/2255
f 1881/1670/1887 1880/1668/1885 2255/2062/2255
f 1882/1672/1889 1881/1670/1887 2255/2063/2255
f 1883/1674/1891 1882/1672/1889 2255/2064/2255
f 1884/1676/1893 1883/1674/1891 2255/2065/2255
f 1885/1678/1895 1884/1676/1893 2255/2066/2255
f 1886/1680/1897 1885/1678/1895 2255/2067/2255
f 1887/1682/1899 1886/1680/1897 2255/2068/2255
f 1888/1684/1901 1887/1682/1899 2255/2069/2255
f 1889/1686/1903 1888/1684/1901 2255/2070/2255
f 1890/1688/1905 1889/1686/1903 2255/2071/2255
f 1891/1690/1907 1890/1688/1905 2255/2072/2255
f 1892/1692/1909 1891/1690/1907 2255/2073/2255
f 1893/1694/1911 1892/1692/1909 2255/2074/2255
f 1894/1696/1913 1893/1694/1911 2255/2075/2255
f 1875/1698/1875 1894/1696/1913 2255/2076/2255
f 2235/2037/2236 2236/2036/2235 2256/2077/2256
f 2236/2036/2235 2237/2038/2237 2256/2078/2256
f 2237/2038/2237 2238/2039/2238 2256/2079/2256
f 2238/2039/2238 2239/2040/2239 2256/2080/2256
f 2239/2040/2239 2240/2041/2240 2256/2081/2256
f 2240/2041/2240 2241/2042/2241 2256/2082/2256
f 2241/2042/2241 2242/2043/2242 2256/2083/2256
f 2242/2043/2242 2243/2044/2243 2256/2084/2256
f 2243/2044/2243 2244/2045/2244 2256/2085/2256
f 2244/2045/2244 2245/2046/2245 2256/2086/2256
f 2245/2046/2245 2246/2047/2246 2256/2087/2256
f 2246/2047/2246 2247/2048/2247 2256/2088/2256
f 2247/2048/2247 2248/2049/2248 2256/2089/2256
f 2248/2049/2248 2249/2050/2249 2256/2090/2256
f 2249/2050/2249 2250/2051/2250 2256/2091/2256
f 2250/2051/2250 2251/2052/2251 2256/2092/2256
f 2251/2052/2251 2252/2053/2252 2256/2093/2256
f 2252/2053/2252 2253/2054/2253 2256/2094/2256
f 2253/2054/2253 2254/2055/2254 2256/2095/2256
f 2254/2055/2254 2235/2056/2236 2256/2096/2256
f 2257/2097/2257 2258/2098/2258 2278/2099/2259
f 2257/2097/2257 2278/2099/2259 2277/2100/2260
f 2258/2098/2258 2259/2101/2261 2279/2102/2262
f 2258/2098/2258 2279/2102/2262 2278/2099/2259
f 2259/2101/2261 2260/2103/2263 2280/2104/2264
f 2259/2101/2261 2280/2104/2264 2279/2102/2262
f 2260/2103/2263 2261/2105/2265 2281/2106/2266
f 2260/2103/2263 2281/2106/2266 2280/2104/2264
f 2261/2105/2265 2262/2107/2267 2282/2108/2268
f 2261/2105/2265 2282/2108/2268 2281/2106/2266
f 2262/2107/2267 2263/2109/2269 2283/2110/2270
f 2262/2107/2267 2283/2110/2270 2282/2108/2268
f 2263/2109/2269 2264/2111/2271 2284/2112/2272
f 2263/2109/2269 2284/2112/2272 2283/2110/2270
f 2264/2111/2271 2265/2113/2273 2285/2114/2274
f 2264/2111/2271 2285/2114/2274 2284/2112/2272
f 2265/2113/2273 2266/2115/2275 2286/2116/2084
f 2265/2113/2273 2286/2116/2084 2285/2114/2274
f 2266/2115/2275 2267/2117/2276 2287/2118/2085
f 2266/2115/2275 2287/2118/2085 2286/2116/2084
f 2267/2117/2276 2268/2119/2277 2288/2120/2278
f 2267/2117/2276 2288/2120/2278 2287/2118/2085
f 2268/2119/2277 2269/2121/2279 2289/2122/2087
f 2268/2119/2277 2289/2122/2087 2288/2120/2278
f 2269/2121/2279 2270/2123/2280 2290/2124/2281
f 2269/2121/2279 2290/2124/2281 2289/2122/2087
f 2270/2123/2280 2271/2125/2282 2291/2126/2283
f 2270/2123/2280 2291/2126/2283 2290/2124/2281
f 2271/2125/2282 2272/2127/2284 2292/2128/2285
f 2271/2125/2282 2292/2128/2285 2291/2126/2283
f 2272/2127/2284 2273/2129/2286 2293/2130/2287
f 2272/2127/2284 2293/2130/2287 2292/2128/2285
f 2273/2129/2286 2274/2131/2288 2294/2132/2092
f 2273/2129/2286 2294/2132/2092 2293/2130/2287
f 2274/2131/2288 2275/2133/2289 2295/2134/2290
f 2274/2131/2288 2295/2134/2290 2294/2132/2092
f 2275/2133/2289 2276/2135/2291 2296/2136/2094
f 2275/2133/2289 2296/2136/2094 2295/2134/2290
f 2276/2135/2291 2257/2097/2257 2277/2100/2260
f 2276/2135/2291 2277/2100/2260 2296/2136/2094
f 2277/2100/2260 2278/2099/2259 2298/2137/2292
f 2277/2100/2260 2298/2137/2292 2297/2138/2293
f 2278/2099/2259 2279/2102/2262 2299/2139/2294
f 2278/2099/2259 2299/2139/2294 2298/2137/2292
f 2279/2102/2262 2280/2104/2264 2300/2140/2098
f 2279/2102/2262 2300/2140/2098 2299/2139/2294
f 2280/2104/2264 2281/2106/2266 2301/2141/2295
f 2280/2104/2264 2301/2141/2295 2300/2140/2098
f 2281/2106/2266 2282/2108/2268 2302/2142/2296
f 2281/2106/2266 2302/2142/2296 2301/2141/2295
f 2282/2108/2268 2283/2110/2270 2303/2143/2297
f 2282/2108/2268 2303/2143/2297 2302/2142/2296
f 2283/2110/2270 2284/2112/2272 2304/2144/2298
f 2283/2110/2270 2304/2144/2298 2303/2143/2297
f 2284/2112/2272 2285/2114/2274 2305/2145/2299
f 2284/2112/2272 2305/2145/2299 2304/2144/2298
f 2285/2114/2274 2286/2116/2084 2306/2146/2104
f 2285/2114/2274 2306/2146/2104 2305/2145/2299
f 2286/2116/2084 2287/2118/2085 2307/2147/2105
f 2286/2116/2084 2307/2147/2105 2306/2146/2104
f 2287/2118/2085 2288/2120/2278 2308/2148/2300
f 2287/2118/2085 2308/2148/2300 2307/2147/2105
f 2288/2120/2278 2289/2122/2087 2309/2149/2301
f 2288/2120/2278 2309/2149/2301 2308/2148/2300
f 2289/2122/2087 2290/2124/2281 2310/2150/2108
f 2289/2122/2087 2310/2150/2108 2309/2149/2301
f 2290/2124/2281 2291/2126/2283 2311/2151/2109
f 2290/2124/2281 2311/2151/2109 2310/2150/2108
f 2291/2126/2283 2292/2128/2285 2312/2152/2302
f 2291/2126/2283 2312/2152/2302 2311/2151/2109
f 2292/2128/2285 2293/2130/2287 2313/2153/2303
f 2292/2128/2285 2313/2153/2303 2312/2152/2302
f 2293/2130/2287 2294/2132/2092 2314/2154/2304
f 2293/2130/2287 2314/2154/2304 2313/2153/2303
f 2294/2132/2092 2295/2134/2290 2315/2155/2113
f 2294/2132/2092 2315/2155/2113 2314/2154/2304
f 2295/2134/2290 2296/2136/2094 2316/2156/2114
f 2295/2134/2290 2316/2156/2114 2315/2155/2113
f 2296/2136/2094 2277/2100/2260 2297/2138/2293
f 2296/2136/2094 2297/2138/2293 2316/2156/2114
f 2297/2138/2293 2298/2137/2292 2318/2157/2305
f 2297/2138/2293 2318/2157/2305 2317/2158/2116
f 2298/2137/2292 2299/2139/2294 2319/2159/2117
f 2298/2137/2292 2319/2159/2117 2318/2157/2305
f 2299/2139/2294 2300/2140/2098 2320/2160/2306
f 2299/2139/2294 2320/2160/2306 2319/2159/2117
f 2300/2140/2098 2301/2141/2295 2321/2161/2307
f 2300/2140/2098 2321/2161/2307 2320/2160/2306
f 2301/2141/2295 2302/2142/2296 2322/2162/2308
f 2301/2141/2295 2322/2162/2308 2321/2161/2307
f 2302/2142/2296 2303/2143/2297 2323/2163/2309
f 2302/2142/2296 2323/2163/2309 2322/2162/2308
f 2303/2143/2297 2304/2144/2298 2324/2164/2122
f 2303/2143/2297 2324/2164/2122 2323/2163/2309
f 2304/2144/2298 2305/2145/2299 2325/2165/2310
f 2304/2144/2298 2325/2165/2310 2324/2164/2122
f 2305/2145/2299 2306/2146/2104 2326/2166/2311
f 2305/2145/2299 2326/2166/2311 2325/2165/2310
f 2306/2146/2104 2307/2147/2105 2327/2167/2312
f 2306/2146/2104 2327/2167/2312 2326/2166/2311
f 2307/2147/2105 2308/2148/2300 2328/2168/2313
f 2307/2147/2105 2328/2168/2313 2327/2167/2312
f 2308/2148/2300 2309/2149/2301 2329/2169/2314
f 2308/2148/2300 2329/2169/2314 2328/2168/2313
f 2309/2149/2301 2310/2150/2108 2330/2170/2315
f 2309/2149/2301 2330/2170/2315 2329/2169/2314
f 2310/2150/2108 2311/2151/2109 2331/2171/2316
f 2310/2150/2108 2331/2171/2316 2330/2170/2315
f 2311/2151/2109 2312/2152/2302 2332/2172/2317
f 2311/2151/2109 2332/2172/2317 2331/2171/2316
f 2312/2152/2302 2313/2153/2303 2333/2173/2131
f 2312/2152/2302 2333/2173/2131 2332/2172/2317
f 2313/2153/2303 2314/2154/2304 2334/2174/2132
f 2313/2153/2303 2334/2174/2132 2333/2173/2131
f 2314/2154/2304 2315/2155/2113 2335/2175/2133
f 2314/2154/2304 2335/2175/2133 2334/2174/2132
f 2315/2155/2113 2316/2156/2114 2336/2176/2134
f 2315/2155/2113 2336/2176/2134 2335/2175/2133
f 2316/2156/2114 2297/2138/2293 2317/2158/2116
f 2316/2156/2114 2317/2158/2116 2336/2176/2134
f 2317/2158/2116 2318/2157/2305 2338/2177/2318
f 2317/2158/2116 2338/2177/2318 2337/2178/2136
f 2318/2157/2305 2319/2159/2117 2339/2179/2137
f 2318/2157/2305 2339/2179/2137 2338/2177/2318
f 2319/2159/2117 2320/2160/2306 2340/2180/2319
f 2319/2159/2117 2340/2180/2319 2339/2179/2137
f 2320/2160/2306 2321/2161/2307 2341/2181/2320
f 2320/2160/2306 2341/2181/2320 2340/2180/2319
f 2321/2161/2307 2322/2162/2308 2342/2182/2321
f 2321/2161/2307 2342/2182/2321 2341/2181/2320
f 2322/2162/2308 2323/2163/2309 2343/2183/2322
f 2322/2162/2308 2343/2183/2322 2342/2182/2321
f 2323/2163/2309 2324/2164/2122 2344/2184/2323
f 2323/2163/2309 2344/2184/2323 2343/2183/2322
f 2324/2164/2122 2325/2165/2310 2345/2185/2143
f 2324/2164/2122 2345/2185/2143 2344/2184/2323
f 2325/2165/2310 2326/2166/2311 2346/2186/2324
f 2325/2165/2310 2346/2186/2324 2345/2185/2143
f 2326/2166/2311 2327/2167/2312 2347/2187/2325
f 2326/2166/2311 2347/2187/2325 2346/2186/2324
f 2327/2167/2312 2328/2168/2313 2348/2188/2326
f 2327/2167/2312 2348/2188/2326 2347/2187/2325
f 2328/2168/2313 2329/2169/2314 2349/2189/2147
f 2328/2168/2313 2349/2189/2147 2348/2188/2326
f 2329/2169/2314 2330/2170/2315 2350/2190/2327
f 2329/2169/2314 2350/2190/2327 2349/2189/2147
f 2330/2170/2315 2331/2171/2316 2351/2191/2328
f 2330/2170/2315 2351/2191/2328 2350/2190/2327
f 2331/2171/2316 2332/2172/2317 2352/2192/2329
f 2331/2171/2316 2352/2192/2329 2351/2191/2328
f 2332/2172/2317 2333/2173/2131 2353/2193/2330
f 2332/2172/2317 2353/2193/2330 2352/2192/2329
f 2333/2173/2131 2334/2174/2132 2354/2194/2152
f 2333/2173/2131 2354/2194/2152 2353/2193/2330
f 2334/2174/2132 2335/2175/2133 2355/2195/2331
f 2334/2174/2132 2355/2195/2331 2354/2194/2152
f 2335/2175/2133 2336/2176/2134 2356/2196/2332
f 2335/2175/2133 2356/2196/2332 2355/2195/2331
f 2336/2176/2134 2317/2158/2116 2337/2178/2136
f 2336/2176/2134 2337/2178/2136 2356/2196/2332
f 2337/2178/2136 2338/2177/2318 2358/2197/2333
f 2337/2178/2136 2358/2197/2333 2357/2198/2156
f 2338/2177/2318 2339/2179/2137 2359/2199/2334
f 2338/2177/2318 2359/2199/2334 2358/2197/2333
f 2339/2179/2137 2340/2180/2319 2360/2200/2335
f 2339/2179/2137 2360/2200/2335 2359/2199/2334
f 2340/2180/2319 2341/2181/2320 2361/2201/2336
f 2340/2180/2319 2361/2201/2336 2360/2200/2335
f 2341/2181/2320 2342/2182/2321 2362/2202/2337
f 2341/2181/2320 2362/2202/2337 2361/2201/2336
f 2342/2182/2321 2343/2183/2322 2363/2203/2338
f 2342/2182/2321 2363/2203/2338 2362/2202/2337
f 2343/2183/2322 2344/2184/2323 2364/2204/2162
f 2343/2183/2322 2364/2204/2162 2363/2203/2338
f 2344/2184/2323 2345/2185/2143 2365/2205/2163
f 2344/2184/2323 2365/2205/2163 2364/2204/2162
f 2345/2185/2143 2346/2186/2324 2366/2206/2339
f 2345/2185/2143 2366/2206/2339 2365/2205/2163
f 2346/2186/2324 2347/2187/2325 2367/2207/2340
f 2346/2186/2324 2367/2207/2340 2366/2206/2339
f 2347/2187/2325 2348/2188/2326 2368/2208/2341
f 2347/2187/2325 2368/2208/2341 2367/2207/2340
f 2348/2188/2326 2349/2189/2147 2369/2209/2167
f 2348/2188/2326 2369/2209/2167 2368/2208/2341
f 2349/2189/2147 2350/2190/2327 2370/2210/2342
f 2349/2189/2147 2370/2210/2342 2369/2209/2167
f 2350/2190/2327 2351/2191/2328 2371/2211/2343
f 2350/2190/2327 2371/2211/2343 2370/2210/2342
f 2351/2191/2328 2352/2192/2329 2372/2212/2170
f 2351/2191/2328 2372/2212/2170 2371/2211/2343
f 2352/2192/2329 2353/2193/2330 2373/2213/2344
f 2352/2192/2329 2373/2213/2344 2372/2212/2170
f 2353/2193/2330 2354/2194/2152 2374/2214/2345
f 2353/2193/2330 2374/2214/2345 2373/2213/2344
f 2354/2194/2152 2355/2195/2331 2375/2215/2346
f 2354/2194/2152 2375/2215/2346 2374/2214/2345
f 2355/2195/2331 2356/2196/2332 2376/2216/2347
f 2355/2195/2331 2376/2216/2347 2375/2215/2346
f 2356/2196/2332 2337/2178/2136 2357/2198/2156
f 2356/2196/2332 2357/2198/2156 2376/2216/2347
f 2357/2198/2156 2358/2197/2333 2378/2217/2348
f 2357/2198/2156 2378/2217/2348 2377/2218/2349
f 2358/2197/2333 2359/2199/2334 2379/2219/2350
f 2358/2197/2333 2379/2219/2350 2378/2217/2348
f 2359/2199/2334 2360/2200/2335 2380/2220/2351
f 2359/2199/2334 2380/2220/2351 2379/2219/2350
f 2360/2200/2335 2361/2201/2336 2381/2221/2179
f 2360/2200/2335 2381/2221/2179 2380/2220/2351
f 2361/2201/2336 2362/2202/2337 2382/2222/2352
f 2361/2201/2336 2382/2222/2352 2381/2221/2179
f 2362/2202/2337 2363/2203/2338 2383/2223/2353
f 2362/2202/2337 2383/2223/2353 2382/2222/2352
f 2363/2203/2338 2364/2204/2162 2384/2224/2354
f 2363/2203/2338 2384/2224/2354 2383/2223/2353
f 2364/2204/2162 2365/2205/2163 2385/2225/2183
f 2364/2204/2162 2385/2225/2183 2384/2224/2354
f 2365/2205/2163 2366/2206/2339 2386/2226/2184
f 2365/2205/2163 2386/2226/2184 2385/2225/2183
f 2366/2206/2339 2367/2207/2340 2387/2227/2185
f 2366/2206/2339 2387/2227/2185 2386/2226/2184
f 2367/2207/2340 2368/2208/2341 2388/2228/2186
f 2367/2207/2340 2388/2228/2186 2387/2227/2185
f 2368/2208/2341 2369/2209/2167 2389/2229/2355
f 2368/2208/2341 2389/2229/2355 2388/2228/2186
f 2369/2209/2167 2370/2210/2342 2390/2230/2356
f 2369/2209/2167 2390/2230/2356 2389/2229/2355
f 2370/2210/2342 2371/2211/2343 2391/2231/2189
f 2370/2210/2342 2391/2231/2189 2390/2230/2356
f 2371/2211/2343 2372/2212/2170 2392/2232/2357
f 2371/2211/2343 2392/2232/2357 2391/2231/2189
f 2372/2212/2170 2373/2213/2344 2393/2233/2358
f 2372/2212/2170 2393/2233/2358 2392/2232/2357
f 2373/2213/2344 2374/2214/2345 2394/2234/2359
f 2373/2213/2344 2394/2234/2359 2393/2233/2358
f 2374/2214/2345 2375/2215/2346 2395/2235/2193
f 2374/2214/2345 2395/2235/2193 2394/2234/2359
f 2375/2215/2346 2376/2216/2347 2396/2236/2360
f 2375/2215/2346 2396/2236/2360 2395/2235/2193
f 2376/2216/2347 2357/2198/2156 2377/2218/2349
f 2376/2216/2347 2377/2218/2349 2396/2236/2360
f 2377/2218/2349 2378/2217/2348 2398/2237/2361
f 2377/2218/2349 2398/2237/2361 2397/2238/2362
f 2378/2217/2348 2379/2219/2350 2399/2239/2363
f 2378/2217/2348 2399/2239/2363 2398/2237/2361
f 2379/2219/2350 2380/2220/2351 2400/2240/2364
f 2379/2219/2350 2400/2240/2364 2399/2239/2363
f 2380/2220/2351 2381/2221/2179 2401/2241/2365
f 2380/2220/2351 2401/2241/2365 2400/2240/2364
f 2381/2221/2179 2382/2222/2352 2402/2242/2366
f 2381/2221/2179 2402/2242/2366 2401/2241/2365
f 2382/2222/2352 2383/2223/2353 2403/2243/2367
f 2382/2222/2352 2403/2243/2367 2402/2242/2366
f 2383/2223/2353 2384/2224/2354 2404/2244/2368
f 2383/2223/2353 2404/2244/2368 2403/2243/2367
f 2384/2224/2354 2385/2225/2183 2405/2245/2369
f 2384/2224/2354 2405/2245/2369 2404/2244/2368
f 2385/2225/2183 2386/2226/2184 2406/2246/2370
f 2385/2225/2183 2406/2246/2370 2405/2245/2369
f 2386/2226/2184 2387/2227/2185 2407/2247/2371
f 2386/2226/2184 2407/2247/2371 2406/2246/2370
f 2387/2227/2185 2388/2228/2186 2408/2248/2372
f 2387/2227/2185 2408/2248/2372 2407/2247/2371
f 2388/2228/2186 2389/2229/2355 2409/2249/2373
f 2388/2228/2186 2409/2249/2373 2408/2248/2372
f 2389/2229/2355 2390/2230/2356 2410/2250/2374
f 2389/2229/2355 2410/2250/2374 2409/2249/2373
f 2390/2230/2356 2391/2231/2189 2411/2251/2375
f 2390/2230/2356 2411/2251/2375 2410/2250/2374
f 2391/2231/2189 2392/2232/2357 2412/2252/2376
f 2391/2231/2189 2412/2252/2376 2411/2251/2375
f 2392/2232/2357 2393/2233/2358 2413/2253/2377
f 2392/2232/2357 2413/2253/2377 2412/2252/2376
f 2393/2233/2358 2394/2234/2359 2414/2254/2378
f 2393/2233/2358 2414/2254/2378 2413/2253/2377
f 2394/2234/2359 2395/2235/2193 2415/2255/2379
f 2394/2234/2359 2415/2255/2379 2414/2254/2378
f 2395/2235/2193 2396/2236/2360 2416/2256/2380
f 2395/2235/2193 2416/2256/2380 2415/2255/2379
f 2396/2236/2360 2377/2218/2349 2397/2238/2362
f 2396/2236/2360 2397/2238/2362 2416/2256/2380
f 2397/2238/2362 2398/2237/2361 2418/2257/2381
f 2397/2238/2362 2418/2257/2381 2417/2258/2382
f 2398/2237/2361 2399/2239/2363 2419/2259/2383
f 2398/2237/2361 2419/2259/2383 2418/2257/2381
f 2399/2239/2363 2400/2240/2364 2420/2260/2384
f 2399/2239/2363 2420/2260/2384 2419/2259/2383
f 2400/2240/2364 2401/2241/2365 2421/2261/2385
f 2400/2240/2364 2421/2261/2385 2420/2260/2384
f 2401/2241/2365 2402/2242/2366 2422/2262/2386
f 2401/2241/2365 2422/2262/2386 2421/2261/2385
f 2402/2242/2366 2403/2243/2367 2423/2263/2387
f 2402/2242/2366 2423/2263/2387 2422/2262/2386
f 2403/2243/2367 2404/2244/2368 2424/2264/2388
f 2403/2243/2367 2424/2264/2388 2423/2263/2387
f 2404/2244/2368 2405/2245/2369 2425/2265/2389
f 2404/2244/2368 2425/2265/2389 2424/2264/2388
f 2405/2245/2369 2406/2246/2370 2426/2266/2390
f 2405/2245/2369 2426/2266/2390 2425/2265/2389
f 2406/2246/2370 2407/2247/2371 2427/2267/2391
f 2406/2246/2370 2427/2267/2391 2426/2266/2390
f 2407/2247/2371 2408/2248/2372 2428/2268/2392
f 2407/2247/2371 2428/2268/2392 2427/2267/2391
f 2408/2248/2372 2409/2249/2373 2429/2269/2393
f 2408/2248/2372 2429/2269/2393 2428/2268/2392
f 2409/2249/2373 2410/2250/2374 2430/2270/2394
f 2409/2249/2373 2430/2270/2394 2429/2269/2393
f 2410/2250/2374 2411/2251/2375 2431/2271/2395
f 2410/2250/2374 2431/2271/2395 2430/2270/2394
f 2411/2251/2375 2412/2252/2376 2432/2272/2396
f 2411/2251/2375 2432/2272/2396 2431/2271/2395
f 2412/2252/2376 2413/2253/2377 2433/2273/2397
f 2412/2252/2376 2433/2273/2397 2432/2272/2396
f 2413/2253/2377 2414/2254/2378 2434/2274/2398
f 2413/2253/2377 2434/2274/2398 2433/2273/2397
f 2414/2254/2378 2415/2255/2379 2435/2275/2399
f 2414/2254/2378 2435/2275/2399 2434/2274/2398
f 2415/2255/2379 2416/2256/2380 2436/2276/2400
f 2415/2255/2379 2436/2276/2400 2435/2275/2399
f 2416/2256/2380 2397/2238/2362 2417/2258/2382
f 2416/2256/2380 2417/2258/2382 2436/2276/2400
f 2479/2277/2401 2480/2278/2402 2438/2279/2403
f 2479/2277/2401 2438/2279/2403 2437/2280/2404
f 2480/2278/2402 2482/2281/2405 2439/2282/2406
f 2480/2278/2402 2439/2282/2406 2438/2279/2403
f 2482/2281/2405 2484/2283/2407 2440/2284/2408
f 2482/2281/2405 2440/2284/2408 2439/2282/2406
f 2484/2283/2407 2486/2285/2409 2441/2286/2410
f 2484/2283/2407 2441/2286/2410 2440/2284/2408
f 2486/2285/2409 2488/2287/2411 2442/2288/2412
f 2486/2285/2409 2442/2288/2412 2441/2286/2410
f 2488/2287/2411 2490/2289/2413 2443/2290/2414
f 2488/2287/2411 2443/2290/2414 2442/2288/2412
f 2490/2289/2413 2492/2291/2415 2444/2292/2416
f 2490/2289/2413 2444/2292/2416 2443/2290/2414
f 2492/2291/2415 2494/2293/2417 2445/2294/2418
f 2492/2291/2415 2445/2294/2418 2444/2292/2416
f 2494/2293/2417 2496/2295/2419 2446/2296/2420
f 2494/2293/2417 2446/2296/2420 2445/2294/2418
f 2496/2295/2419 2498/2297/2421 2447/2298/2422
f 2496/2295/2419 2447/2298/2422 2446/2296/2420
f 2498/2297/2421 2500/2299/2423 2448/2300/2424
f 2498/2297/2421 2448/2300/2424 2447/2298/2422
f 2500/2299/2423 2502/2301/2425 2449/2302/2426
f 2500/2299/2423 2449/2302/2426 2448/2300/2424
f 2502/2301/2425 2504/2303/2427 2450/2304/2428
f 2502/2301/2425 2450/2304/2428 2449/2302/2426
f 2504/2303/2427 2506/2305/2429 2451/2306/2430
f 2504/2303/2427 2451/2306/2430 2450/2304/2428
f 2506/2305/2429 2508/2307/2431 2452/2308/2432
f 2506/2305/2429 2452/2308/2432 2451/2306/2430
f 2508/2307/2431 2510/2309/2433 2453/2310/2434
f 2508/2307/2431 2453/2310/2434 2452/2308/2432
f 2510/2309/2433 2512/2311/2435 2454/2312/2436
f 2510/2309/2433 2454/2312/2436 2453/2310/2434
f 2512/2311/2435 2514/2313/2437 2455/2314/2438
f 2512/2311/2435 2455/2314/2438 2454/2312/2436
f 2514/2313/2437 2516/2315/2439 2456/2316/2440
f 2514/2313/2437 2456/2316/2440 2455/2314/2438
f 2516/2315/2439 2479/2277/2401 2437/2280/2404
f 2516/2315/2439 2437/2280/2404 2456/2316/2440
f 2458/2317/2441 2459/2318/2442 2457/2319/2443
f 2459/2318/2442 2460/2320/2444 2457/2319/2443
f 2460/2320/2444 2461/2321/2445 2457/2319/2443
f 2461/2321/2445 2462/2322/2446 2457/2319/2443
f 2462/2322/2446 2463/2323/2447 2457/2319/2443
f 2463/2323/2447 2464/2324/2448 2457/2319/2443
f 2464/2324/2448 2465/2325/2449 2457/2319/2443
f 2465/2325/2449 2466/2326/2450 2457/2319/2443
f 2466/2326/2450 2467/2327/2451 2457/2319/2443
f 2467/2327/2451 2468/2328/2452 2457/2319/2443
f 2468/2328/2452 2469/2329/2453 2457/2319/2443
f 2469/2329/2453 2470/2330/2454 2457/2319/2443
f 2470/2330/2454 2471/2331/2455 2457/2319/2443
f 2471/2331/2455 2472/2332/2456 2457/2319/2443
f 2472/2332/2456 2473/2333/2457 2457/2319/2443
f 2473/2333/2457 2474/2334/2458 2457/2319/2443
f 2474/2334/2458 2475/2335/2459 2457/2319/2443
f 2475/2335/2459 2476/2336/2460 2457/2319/2443
f 2476/2336/2460 2477/2337/2461 2457/2319/2443
f 2477/2337/2461 2458/2317/2441 2457/2319/2443
f 2417/2258/2382 2418/2257/2381 2481/2338/2462
f 2417/2258/2382 2481/2338/2462 2478/2339/2463
f 2418/2257/2381 2419/2259/2383 2483/2340/2464
f 2418/2257/2381 2483/2340/2464 2481/2338/2462
f 2419/2259/2383 2420/2260/2384 2485/2341/2465
f 2419/2259/2383 2485/2341/2465 2483/2340/2464
f 2420/2260/2384 2421/2261/2385 2487/2342/2466
f 2420/2260/2384 2487/2342/2466 2485/2341/2465
f 2421/2261/2385 2422/2262/2386 2489/2343/2467
f 2421/2261/2385 2489/2343/2467 2487/2342/2466
f 2422/2262/2386 2423/2263/2387 2491/2344/2468
f 2422/2262/2386 2491/2344/2468 2489/2343/2467
f 2423/2263/2387 2424/2264/2388 2493/2345/2469
f 2423/2263/2387 2493/2345/2469 2491/2344/2468
f 2424/2264/2388 2425/2265/2389 2495/2346/2470
f 2424/2264/2388 2495/2346/2470 2493/2345/2469
f 2425/2265/2389 2426/2266/2390 2497/2347/2471
f 2425/2265/2389 2497/2347/2471 2495/2346/2470
f 2426/2266/2390 2427/2267/2391 2499/2348/2472
f 2426/2266/2390 2499/2348/2472 2497/2347/2471
f 2427/2267/2391 2428/2268/2392 2501/2349/2473
f 2427/2267/2391 2501/2349/2473 2499/2348/2472
f 2428/2268/2392 2429/2269/2393 2503/2350/2474
f 2428/2268/2392 2503/2350/2474 2501/2349/2473
f 2429/2269/2393 2430/2270/2394 2505/2351/2475
f 2429/2269/2393 2505/2351/2475 2503/2350/2474
f 2430/2270/2394 2431/2271/2395 2507/2352/2476
f 2430/2270/2394 2507/2352/2476 2505/2351/2475
f 2431/2271/2395 2432/2272/2396 2509/2353/2477
f 2431/2271/2395 2509/2353/2477 2507/2352/2476
f 2432/2272/2396 2433/2273/2397 2511/2354/2478
f 2432/2272/2396 2511/2354/2478 2509/2353/2477
f 2433/2273/2397 2434/2274/2398 2513/2355/2479
f 2433/2273/2397 2513/2355/2479 2511/2354/2478
f 2434/2274/2398 2435/2275/2399 2515/2356/2480
f 2434/2274/2398 2515/2356/2480 2513/2355/2479
f 2435/2275/2399 2436/2276/2400 2517/2357/2481
f 2435/2275/2399 2517/2357/2481 2515/2356/2480
f 2436/2276/2400 2417/2258/2382 2478/2339/2463
f 2436/2276/2400 2478/2339/2463 2517/2357/2481
f 2437/2280/2404 2438/2279/2403 2459/2318/2442
f 2437/2280/2404 2459/2318/2442 2458/2317/2441
f 2438/2279/2403 2439/2282/2406 2460/2320/2444
f 2438/2279/2403 2460/2320/2444 2459/2318/2442
f 2439/2282/2406 2440/2284/2408 2461/2321/2445
f 2439/2282/2406 2461/2321/2445 2460/2320/2444
f 2440/2284/2408 2441/2286/2410 2462/2322/2446
f 2440/2284/2408 2462/2322/2446 2461/2321/2445
f 2441/2286/2410 2442/2288/2412 2463/2323/2447
f 2441/2286/2410 2463/2323/2447 2462/2322/2446
f 2442/2288/2412 2443/2290/2414 2464/2324/2448
f 2442/2288/2412 2464/2324/2448 2463/2323/2447
f 2443/2290/2414 2444/2292/2416 2465/2325/2449
f 2443/2290/2414 2465/2325/2449 2464/2324/2448
f 2444/2292/2416 2445/2294/2418 2466/2326/2450
f 2444/2292/2416 2466/2326/2450 2465/2325/2449
f 2445/2294/2418 2446/2296/2420 2467/2327/2451
f 2445/2294/2418 2467/2327/2451 2466/2326/2450
f 2446/2296/2420 2447/2298/2422 2468/2328/2452
f 2446/2296/2420 2468/2328/2452 2467/2327/2451
f 2447/2298/2422 2448/2300/2424 2469/2329/2453
f 2447/2298/2422 2469/2329/2453 2468/2328/2452
f 2448/2300/2424 2449/2302/2426 2470/2330/2454
f 2448/2300/2424 2470/2330/2454 2469/2329/2453
f 2449/2302/2426 2450/2304/2428 2471/2331/2455
f 2449/2302/2426 2471/2331/2455 2470/2330/2454
f 2450/2304/2428 2451/2306/2430 2472/2332/2456
f 2450/2304/2428 2472/2332/2456 2471/2331/2455
f 2451/2306/2430 2452/2308/2432 2473/2333/2457
f 2451/2306/2430 2473/2333/2457 2472/2332/2456
f 2452/2308/2432 2453/2310/2434 2474/2334/2458
f 2452/2308/2432 2474/2334/2458 2473/2333/2457
f 2453/2310/2434 2454/2312/2436 2475/2335/2459
f 2453/2310/2434 2475/2335/2459 2474/2334/2458
f 2454/2312/2436 2455/2314/2438 2476/2336/2460
f 2454/2312/2436 2476/2336/2460 2475/2335/2459
f 2455/2314/2438 2456/2316/2440 2477/2337/2461
f 2455/2314/2438 2477/2337/2461 2476/2336/2460
f 2456/2316/2440 2437/2280/2404 2458/2317/2441
f 2456/2316/2440 2458/2317/2441 2477/2337/2461
f 2478/2339/2463 2479/2277/2401 2516/2315/2439
f 2478/2339/2463 2516/2315/2439 2517/2357/2481
f 2479/2277/2401 2478/2339/2463 2481/2338/2462
f 2479/2277/2401 2481/2338/2462 2480/2278/2402
f 2480/2278/2402 2481/2338/2462 2483/2340/2464
f 2480/2278/2402 2483/2340/2464 2482/2281/2405
f 2482/2281/2405 2483/2340/2464 2485/2341/2465
f 2482/2281/2405 2485/2341/2465 2484/2283/2407
f 2484/2283/2407 2485/2341/2465 2487/2342/2466
f 2484/2283/2407 2487/2342/2466 2486/2285/2409
f 2486/2285/2409 2487/2342/2466 2489/2343/2467
f 2486/2285/2409 2489/2343/2467 2488/2287/2411
f 2488/2287/2411 2489/2343/2467 2491/2344/2468
f 2488/2287/2411 2491/2344/2468 2490/2289/2413
f 2490/2289/2413 2491/2344/2468 2493/2345/2469
f 2490/2289/2413 2493/2345/2469 2492/2291/2415
f 2492/2291/2415 2493/2345/2469 2495/2346/2470
f 2492/2291/2415 2495/2346/2470 2494/2293/2417
f 2494/2293/2417 2495/2346/2470 2497/2347/2471
f 2494/2293/2417 2497/2347/2471 2496/2295/2419
f 2496/2295/2419 2497/2347/2471 2499/2348/2472
f 2496/2295/2419 2499/2348/2472 2498/2297/2421
f 2498/2297/2421 2499/2348/2472 2501/2349/2473
f 2498/2297/2421 2501/2349/2473 2500/2299/2423
f 2500/2299/2423 2501/2349/2473 2503/2350/2474
f 2500/2299/2423 2503/2350/2474 2502/2301/2425
f 2502/2301/2425 2503/2350/2474 2505/2351/2475
f 2502/2301/2425 2505/2351/2475 2504/2303/2427
f 2504/2303/2427 2505/2351/2475 2507/2352/2476
f 2504/2303/2427 2507/2352/2476 2506/2305/2429
f 2506/2305/2429 2507/2352/2476 2509/2353/2477
f 2506/2305/2429 2509/2353/2477 2508/2307/2431
f 2508/2307/2431 2509/2353/2477 2511/2354/2478
f 2508/2307/2431 2511/2354/2478 2510/2309/2433
f 2510/2309/2433 2511/2354/2478 2513/2355/2479
f 2510/2309/2433 2513/2355/2479 2512/2311/2435
f 2512/2311/2435 2513/2355/2479 2515/2356/2480
f 2512/2311/2435 2515/2356/2480 2514/2313/2437
f 2514/2313/2437 2515/2356/2480 2517/2357/2481
f 2514/2313/2437 2517/2357/2481 2516/2315/2439
f 2518/1658/2482 2519/1659/2483 2539/1660/2484
f 2518/1658/2482 2539/1660/2484 2538/1661/2485
f 2519/1659/2483 2520/1662/2486 2540/1663/2487
f 2519/1659/2483 2540/1663/2487 2539/1660/2484
f 2520/1662/2486 2521/1664/2488 2541/1665/2489
f 2520/1662/2486 2541/1665/2489 2540/1663/2487
f 2521/1664/2488 2522/1666/2490 2542/1667/2491
f 2521/1664/2488 2542/1667/2491 2541/1665/2489
f 2522/1666/2490 2523/1668/2492 2543/1669/2493
f 2522/1666/2490 2543/1669/2493 2542/1667/2491
f 2523/1668/2492 2524/1670/2494 2544/1671/2495
f 2523/1668/2492 2544/1671/2495 2543/1669/2493
f 2524/1670/2494 2525/1672/2496 2545/1673/2497
f 2524/1670/2494 2545/1673/2497 2544/1671/2495
f 2525/1672/2496 2526/1674/2498 2546/1675/2499
f 2525/1672/2496 2546/1675/2499 2545/1673/2497
f 2526/1674/2498 2527/1676/2500 2547/1677/2501
f 2526/1674/2498 2547/1677/2501 2546/1675/2499
f 2527/1676/2500 2528/1678/2502 2548/1679/2503
f 2527/1676/2500 2548/1679/2503 2547/1677/2501
f 2528/1678/2502 2529/1680/2504 2549/1681/2505
f 2528/1678/2502 2549/1681/2505 2548/1679/2503
f 2529/1680/2504 2530/1682/2506 2550/1683/2507
f 2529/1680/2504 2550/1683/2507 2549/1681/2505
f 2530/1682/2506 2531/1684/2508 2551/1685/2509
f 2530/1682/2506 2551/1685/2509 2550/1683/2507
f 2531/1684/2508 2532/1686/2510 2552/1687/2511
f 2531/1684/2508 2552/1687/2511 2551/1685/2509
f 2532/1686/2510 2533/1688/2512 2553/1689/2513
f 2532/1686/2510 2553/1689/2513 2552/1687/2511
f 2533/1688/2512 2534/1690/2514 2554/1691/2515
f 2533/1688/2512 2554/1691/2515 2553/1689/2513
f 2534/1690/2514 2535/1692/2516 2555/1693/2517
f 2534/1690/2514 2555/1693/2517 2554/1691/2515
f 2535/1692/2516 2536/1694/2518 2556/1695/2519
f 2535/1692/2516 2556/1695/2519 2555/1693/2517
f 2536/1694/2518 2537/1696/2520 2557/1697/2521
f 2536/1694/2518 2557/1697/2521 2556/1695/2519
f 2537/1696/2520 2518/1698/2482 2538/1699/2485
f 2537/1696/2520 2538/1699/2485 2557/1697/2521
f 2538/1661/2485 2539/1660/2484 2559/1700/2522
f 2538/1661/2485 2559/1700/2522 2558/1701/2523
f 2539/1660/2484 2540/1663/2487 2560/1702/2524
f 2539/1660/2484 2560/1702/2524 2559/1700/2522
f 2540/1663/2487 2541/1665/2489 2561/1703/2525
f 2540/1663/2487 2561/1703/2525 2560/1702/2524
f 2541/1665/2489 2542/1667/2491 2562/1704/2526
f 2541/1665/2489 2562/1704/2526 2561/1703/2525
f 2542/1667/2491 2543/1669/2493 2563/1705/2527
f 2542/1667/2491 2563/1705/2527 2562/1704/2526
f 2543/1669/2493 2544/1671/2495 2564/1706/2528
f 2543/1669/2493 2564/1706/2528 2563/1705/2527
f 2544/1671/2495 2545/1673/2497 2565/1707/2529
f 2544/1671/2495 2565/1707/2529 2564/1706/2528
f 2545/1673/2497 2546/1675/2499 2566/1708/2530
f 2545/1673/2497 2566/1708/2530 2565/1707/2529
f 2546/1675/2499 2547/1677/2501 2567/1709/2531
f 2546/1675/2499 2567/1709/2531 2566/1708/2530
f 2547/1677/2501 2548/1679/2503 2568/1710/2532
f 2547/1677/2501 2568/1710/2532 2567/1709/2531
f 2548/1679/2503 2549/1681/2505 2569/1711/2533
f 2548/1679/2503 2569/1711/2533 2568/1710/2532
f 2549/1681/2505 2550/1683/2507 2570/1712/2534
f 2549/1681/2505 2570/1712/2534 2569/1711/2533
f 2550/1683/2507 2551/1685/2509 2571/1713/2535
f 2550/1683/2507 2571/1713/2535 2570/1712/2534
f 2551/1685/2509 2552/1687/2511 2572/1714/2536
f 2551/1685/2509 2572/1714/2536 2571/1713/2535
f 2552/1687/2511 2553/1689/2513 2573/1715/2537
f 2552/1687/2511 2573/1715/2537 2572/1714/2536
f 2553/1689/2513 2554/1691/2515 2574/1716/2538
f 2553/1689/2513 2574/1716/2538 2573/1715/2537
f 2554/1691/2515 2555/1693/2517 2575/1717/2539
f 2554/1691/2515 2575/1717/2539 2574/1716/2538
f 2555/1693/2517 2556/1695/2519 2576/1718/2540
f 2555/1693/2517 2576/1718/2540 2575/1717/2539
f 2556/1695/2519 2557/1697/2521 2577/1719/2541
f 2556/1695/2519 2577/1719/2541 2576/1718/2540
f 2557/1697/2521 2538/1699/2485 2558/1720/2523
f 2557/1697/2521 2558/1720/2523 2577/1719/2541
f 2558/1701/2523 2559/1700/2522 2579/1721/2542
f 2558/1701/2523 2579/1721/2542 2578/1722/2543
f 2559/1700/2522 2560/1702/2524 2580/1723/2544
f 2559/1700/2522 2580/1723/2544 2579/1721/2542
f 2560/1702/2524 2561/1703/2525 2581/1724/2545
f 2560/1702/2524 2581/1724/2545 2580/1723/2544
f 2561/1703/2525 2562/1704/2526 2582/1725/2546
f 2561/1703/2525 2582/1725/2546 2581/1724/2545
f 2562/1704/2526 2563/1705/2527 2583/1726/2547
f 2562/1704/2526 2583/1726/2547 2582/1725/2546
f 2563/1705/2527 2564/1706/2528 2584/1727/2548
f 2563/1705/2527 2584/1727/2548 2583/1726/2547
f 2564/1706/2528 2565/1707/2529 2585/1728/2549
f 2564/1706/2528 2585/1728/2549 2584/1727/2548
f 2565/1707/2529 2566/1708/2530 2586/1729/2550
f 2565/1707/2529 2586/1729/2550 2585/1728/2549
f 2566/1708/2530 2567/1709/2531 2587/1730/2551
f 2566/1708/2530 2587/1730/2551 2586/1729/2550
f 2567/1709/2531 2568/1710/2532 2588/1731/2552
f 2567/1709/2531 2588/1731/2552 2587/1730/2551
f 2568/1710/2532 2569/1711/2533 2589/1732/2553
f 2568/1710/2532 2589/1732/2553 2588/1731/2552
f 2569/1711/2533 2570/1712/2534 2590/1733/2554
f 2569/1711/2533 2590/1733/2554 2589/1732/2553
f 2570/1712/2534 2571/1713/2535 2591/1734/2555
f 2570/1712/2534 2591/1734/2555 2590/1733/2554
f 2571/1713/2535 2572/1714/2536 2592/1735/2556
f 2571/1713/2535 2592/1735/2556 2591/1734/2555
f 2572/1714/2536 2573/1715/2537 2593/1736/2557
f 2572/1714/2536 2593/1736/2557 2592/1735/2556
f 2573/1715/2537 2574/1716/2538 2594/1737/2558
f 2573/1715/2537 2594/1737/2558 2593/1736/2557
f 2574/1716/2538 2575/1717/2539 2595/1738/2559
f 2574/1716/2538 2595/1738/2559 2594/1737/2558
f 2575/1717/2539 2576/1718/2540 2596/1739/2560
f 2575/1717/2539 2596/1739/2560 2595/1738/2559
f 2576/1718/2540 2577/1719/2541 2597/1740/2561
f 2576/1718/2540 2597/1740/2561 2596/1739/2560
f 2577/1719/2541 2558/1720/2523 2578/1741/2543
f 2577/1719/2541 2578/1741/2543 2597/1740/2561
f 2578/1722/2543 2579/1721/2542 2599/1742/2562
f 2578/1722/2543 2599/1742/2562 2598/1743/2563
f 2579/1721/2542 2580/1723/2544 2600/1744/2564
f 2579/1721/2542 2600/1744/2564 2599/1742/2562
f 2580/1723/2544 2581/1724/2545 2601/1745/2565
f 2580/1723/2544 2601/1745/2565 2600/1744/2564
f 2581/1724/2545 2582/1725/2546 2602/1746/2566
f 2581/1724/2545 2602/1746/2566 2601/1745/2565
f 2582/1725/2546 2583/1726/2547 2603/1747/2567
f 2582/1725/2546 2603/1747/2567 2602/1746/2566
f 2583/1726/2547 2584/1727/2548 2604/1748/2568
f 2583/1726/2547 2604/1748/2568 2603/1747/2567
f 2584/1727/2548 2585/1728/2549 2605/1749/2569
f 2584/1727/2548 2605/1749/2569 2604/1748/2568
f 2585/1728/2549 2586/1729/2550 2606/1750/2570
f 2585/1728/2549 2606/1750/2570 2605/1749/2569
f 2586/1729/2550 2587/1730/2551 2607/1751/2571
f 2586/1729/2550 2607/1751/2571 2606/1750/2570
f 2587/1730/2551 2588/1731/2552 2608/1752/2572
f 2587/1730/2551 2608/1752/2572 2607/1751/2571
f 2588/1731/2552 2589/1732/2553 2609/1753/2573
f 2588/1731/2552 2609/1753/2573 2608/1752/2572
f 2589/1732/2553 2590/1733/2554 2610/1754/2574
f 2589/1732/2553 2610/1754/2574 2609/1753/2573
f 2590/1733/2554 2591/1734/2555 2611/1755/2575
f 2590/1733/2554 2611/1755/2575 2610/1754/2574
f 2591/1734/2555 2592/1735/2556 2612/1756/2576
f 2591/1734/2555 2612/1756/2576 2611/1755/2575
f 2592/1735/2556 2593/1736/2557 2613/1757/2577
f 2592/1735/2556 2613/1757/2577 2612/1756/2576
f 2593/1736/2557 2594/1737/2558 2614/1758/2578
f 2593/1736/2557 2614/1758/2578 2613/1757/2577
f 2594/1737/2558 2595/1738/2559 2615/1759/2579
f 2594/1737/2558 2615/1759/2579 2614/1758/2578
f 2595/1738/2559 2596/1739/2560 2616/1760/2580
f 2595/1738/2559 2616/1760/2580 2615/1759/2579
f 2596/1739/2560 2597/1740/2561 2617/1761/2581
f 2596/1739/2560 2617/1761/2581 2616/1760/2580
f 2597/1740/2561 2578/1741/2543 2598/1762/2563
f 2597/1740/2561 2598/1762/2563 2617/1761/2581
f 2598/1743/2563 2599/1742/2562 2619/1763/2582
f 2598/1743/2563 2619/1763/2582 2618/1764/2583
f 2599/1742/2562 2600/1744/2564 2620/1765/2584
f 2599/1742/2562 2620/1765/2584 2619/1763/2582
f 2600/1744/2564 2601/1745/2565 2621/1766/2585
f 2600/1744/2564 2621/1766/2585 2620/1765/2584
f 2601/1745/2565 2602/1746/2566 2622/1767/2586
f 2601/1745/2565 2622/1767/2586 2621/1766/2585
f 2602/1746/2566 2603/1747/2567 2623/1768/2587
f 2602/1746/2566 2623/1768/2587 2622/1767/2586
f 2603/1747/2567 2604/1748/2568 2624/1769/2588
f 2603/1747/2567 2624/1769/2588 2623/1768/2587
f 2604/1748/2568 2605/1749/2569 2625/1770/2589
f 2604/1748/2568 2625/1770/2589 2624/1769/2588
f 2605/1749/2569 2606/1750/2570 2626/1771/2590
f 2605/1749/2569 2626/1771/2590 2625/1770/2589
f 2606/1750/2570 2607/1751/2571 2627/1772/2591
f 2606/1750/2570 2627/1772/2591 2626/1771/2590
f 2607/1751/2571 2608/1752/2572 2628/1773/2592
f 2607/1751/2571 2628/1773/2592 2627/1772/2591
f 2608/1752/2572 2609/1753/2573 2629/1774/2593
f 2608/1752/2572 2629/1774/2593 2628/1773/2592
f 2609/1753/2573 2610/1754/2574 2630/1775/2594
f 2609/1753/2573 2630/1775/2594 2629/1774/2593
f 2610/1754/2574 2611/1755/2575 2631/1776/2595
f 2610/1754/2574 2631/1776/2595 2630/1775/2594
f 2611/1755/2575 2612/1756/2576 2632/1777/2596
f 2611/1755/2575 2632/1777/2596 2631/1776/2595
f 2612/1756/2576 2613/1757/2577 2633/1778/2597
f 2612/1756/2576 2633/1778/2597 2632/1777/2596
f 2613/1757/2577 2614/1758/2578 2634/1779/2598
f 2613/1757/2577 2634/1779/2598 2633/1778/2597
f 2614/1758/2578 2615/1759/2579 2635/1780/2599
f 2614/1758/2578 2635/1780/2599 2634/1779/2598
f 2615/1759/2579 2616/1760/2580 2636/1781/2600
f 2615/1759/2579 2636/1781/2600 2635/1780/2599
f 2616/1760/2580 2617/1761/2581 2637/1782/2601
f 2616/1760/2580 2637/1782/2601 2636/1781/2600
f 2617/1761/2581 2598/1762/2563 2618/1783/2583
f 2617/1761/2581 2618/1783/2583 2637/1782/2601
f 2618/1764/2583 2619/1763/2582 2639/1784/2602
f 2618/1764/2583 2639/1784/2602 2638/1785/2603
f 2619/1763/2582 2620/1765/2584 2640/1786/2604
f 2619/1763/2582 2640/1786/2604 2639/1784/2602
f 2620/1765/2584 2621/1766/2585 2641/1787/2605
f 2620/1765/2584 2641/1787/2605 2640/1786/2604
f 2621/1766/2585 2622/1767/2586 2642/1788/2606
f 2621/1766/2585 2642/1788/2606 2641/1787/2605
f 2622/1767/2586 2623/1768/2587 2643/1789/2607
f 2622/1767/2586 2643/1789/2607 2642/1788/2606
f 2623/1768/2587 2624/1769/2588 2644/1790/2608
f 2623/1768/2587 2644/1790/2608 2643/1789/2607
f 2624/1769/2588 2625/1770/2589 2645/1791/2609
f 2624/1769/2588 2645/1791/2609 2644/1790/2608
f 2625/1770/2589 2626/1771/2590 2646/1792/2610
f 2625/1770/2589 2646/1792/2610 2645/1791/2609
f 2626/1771/2590 2627/1772/2591 2647/1793/2611
f 2626/1771/2590 2647/1793/2611 2646/1792/2610
f 2627/1772/2591 2628/1773/2592 2648/1794/2612
f 2627/1772/2591 2648/1794/2612 2647/1793/2611
f 2628/1773/2592 2629/1774/2593 2649/1795/2613
f 2628/1773/2592 2649/1795/2613 2648/1794/2612
f 2629/1774/2593 2630/1775/2594 2650/1796/2614
f 2629/1774/2593 2650/1796/2614 2649/1795/2613
f 2630/1775/2594 2631/1776/2595 2651/1797/2615
f 2630/1775/2594 2651/1797/2615 2650/1796/2614
f 2631/1776/2595 2632/1777/2596 2652/1798/2616
f 2631/1776/2595 2652/1798/2616 2651/1797/2615
f 2632/1777/2596 2633/1778/2597 2653/1799/2617
f 2632/1777/2596 2653/1799/2617 2652/1798/2616
f 2633/1778/2597 2634/1779/2598 2654/1800/2618
f 2633/1778/2597 2654/1800/2618 2653/1799/2617
f 2634/1779/2598 2635/1780/2599 2655/1801/2619
f 2634/1779/2598 2655/1801/2619 2654/1800/2618
f 2635/1780/2599 2636/1781/2600 2656/1802/2620
f 2635/1780/2599 2656/1802/2620 2655/1801/2619
f 2636/1781/2600 2637/1782/2601 2657/1803/2621
f 2636/1781/2600 2657/1803/2621 2656/1802/2620
f 2637/1782/2601 2618/1783/2583 2638/1804/2603
f 2637/1782/2601 2638/1804/2603 2657/1803/2621
f 2638/1785/2603 2639/1784/2602 2659/1805/2622
f 2638/1785/2603 2659/1805/2622 2658/1806/2623
f 2639/1784/2602 2640/1786/2604 2660/1807/2624
f 2639/1784/2602 2660/1807/2624 2659/1805/2622
f 2640/1786/2604 2641/1787/2605 2661/1808/2625
f 2640/1786/2604 2661/1808/2625 2660/1807/2624
f 2641/1787/2605 2642/1788/2606 2662/1809/2626
f 2641/1787/2605 2662/1809/2626 2661/1808/2625
f 2642/1788/2606 2643/1789/2607 2663/1810/2627
f 2642/1788/2606 2663/1810/2627 2662/1809/2626
f 2643/1789/2607 2644/1790/2608 2664/1811/2628
f 2643/1789/2607 2664/1811/2628 2663/1810/2627
f 2644/1790/2608 2645/1791/2609 2665/1812/2629
f 2644/1790/2608 2665/1812/2629 2664/1811/2628
f 2645/1791/2609 2646/1792/2610 2666/1813/2630
f 2645/1791/2609 2666/1813/2630 2665/1812/2629
f 2646/1792/2610 2647/1793/2611 2667/1814/2631
f 2646/1792/2610 2667/1814/2631 2666/1813/2630
f 2647/1793/2611 2648/1794/2612 2668/1815/2632
f 2647/1793/2611 2668/1815/2632 2667/1814/2631
f 2648/1794/2612 2649/1795/2613 2669/1816/2633
f 2648/1794/2612 2669/1816/2633 2668/1815/2632
f 2649/1795/2613 2650/1796/2614 2670/1817/2634
f 2649/1795/2613 2670/1817/2634 2669/1816/2633
f 2650/1796/2614 2651/1797/2615 2671/1818/2635
f 2650/1796/2614 2671/1818/2635 2670/1817/2634
f 2651/1797/2615 2652/1798/2616 2672/1819/2636
f 2651/1797/2615 2672/1819/2636 2671/1818/2635
f 2652/1798/2616 2653/1799/2617 2673/1820/2637
f 2652/1798/2616 2673/1820/2637 2672/1819/2636
f 2653/1799/2617 2654/1800/2618 2674/1821/2638
f 2653/1799/2617 2674/1821/2638 2673/1820/2637
f 2654/1800/2618 2655/1801/2619 2675/1822/2639
f 2654/1800/2618 2675/1822/2639 2674/1821/2638
f 2655/1801/2619 2656/1802/2620 2676/1823/2640
f 2655/1801/2619 2676/1823/2640 2675/1822/2639
f 2656/1802/2620 2657/1803/2621 2677/1824/2641
f 2656/1802/2620 2677/1824/2641 2676/1823/2640
f 2657/1803/2621 2638/1804/2603 2658/1825/2623
f 2657/1803/2621 2658/1825/2623 2677/1824/2641
f 2658/1806/2623 2659/1805/2622 2679/1826/2642
f 2658/1806/2623 2679/1826/2642 2678/1827/2643
f 2659/1805/2622 2660/1807/2624 2680/1828/2644
f 2659/1805/2622 2680/1828/2644 2679/1826/2642
f 2660/1807/2624 2661/1808/2625 2681/1829/2645
f 2660/1807/2624 2681/1829/2645 2680/1828/2644
f 2661/1808/2625 2662/1809/2626 2682/1830/2646
f 2661/1808/2625 2682/1830/2646 2681/1829/2645
f 2662/1809/2626 2663/1810/2627 2683/1831/2647
f 2662/1809/2626 2683/1831/2647 2682/1830/2646
f 2663/1810/2627 2664/1811/2628 2684/1832/2648
f 2663/1810/2627 2684/1832/2648 2683/1831/2647
f 2664/1811/2628 2665/1812/2629 2685/1833/2649
f 2664/1811/2628 2685/1833/2649 2684/1832/2648
f 2665/1812/2629 2666/1813/2630 2686/1834/2650
f 2665/1812/2629 2686/1834/2650 2685/1833/2649
f 2666/1813/2630 2667/1814/2631 2687/1835/2651
f 2666/1813/2630 2687/1835/2651 2686/1834/2650
f 2667/1814/2631 2668/1815/2632 2688/1836/2652
f 2667/1814/2631 2688/1836/2652 2687/1835/2651
f 2668/1815/2632 2669/1816/2633 2689/1837/2653
f 2668/1815/2632 2689/1837/2653 2688/1836/2652
f 2669/1816/2633 2670/1817/2634 2690/1838/2654
f 2669/1816/2633 2690/1838/2654 2689/1837/2653
f 2670/1817/2634 2671/1818/2635 2691/1839/2655
f 2670/1817/2634 2691/1839/2655 2690/1838/2654
f 2671/1818/2635 2672/1819/2636 2692/1840/2656
f 2671/1818/2635 2692/1840/2656 2691/1839/2655
f 2672/1819/2636 2673/1820/2637 2693/1841/2657
f 2672/1819/2636 2693/1841/2657 2692/1840/2656
f 2673/1820/2637 2674/1821/2638 2694/1842/2658
f 2673/1820/2637 2694/1842/2658 2693/1841/2657
f 2674/1821/2638 2675/1822/2639 2695/1843/2659
f 2674/1821/2638 2695/1843/2659 2694/1842/2658
f 2675/1822/2639 2676/1823/2640 2696/1844/2660
f 2675/1822/2639 2696/1844/2660 2695/1843/2659
f 2676/1823/2640 2677/1824/2641 2697/1845/2661
f 2676/1823/2640 2697/1845/2661 2696/1844/2660
f 2677/1824/2641 2658/1825/2623 2678/1846/2643
f 2677/1824/2641 2678/1846/2643 2697/1845/2661
f 2678/1827/2643 2679/1826/2642 2699/1847/2662
f 2678/1827/2643 2699/1847/2662 2698/1848/2663
f 2679/1826/2642 2680/1828/2644 2700/1849/2664
f 2679/1826/2642 2700/1849/2664 2699/1847/2662
f 2680/1828/2644 2681/1829/2645 2701/1850/2665
f 2680/1828/2644 2701/1850/2665 2700/1849/2664
f 2681/1829/2645 2682/1830/2646 2702/1851/2059
f 2681/1829/2645 2702/1851/2059 2701/1850/2665
f 2682/1830/2646 2683/1831/2647 2703/1852/2666
f 2682/1830/2646 2703/1852/2666 2702/1851/2059
f 2683/1831/2647 2684/1832/2648 2704/1853/2667
f 2683/1831/2647 2704/1853/2667 2703/1852/2666
f 2684/1832/2648 2685/1833/2649 2705/1854/2668
f 2684/1832/2648 2705/1854/2668 2704/1853/2667
f 2685/1833/2649 2686/1834/2650 2706/1855/2669
f 2685/1833/2649 2706/1855/2669 2705/1854/2668
f 2686/1834/2650 2687/1835/2651 2707/1856/2670
f 2686/1834/2650 2707/1856/2670 2706/1855/2669
f 2687/1835/2651 2688/1836/2652 2708/1857/2671
f 2687/1835/2651 2708/1857/2671 2707/1856/2670
f 2688/1836/2652 2689/1837/2653 2709/1858/2672
f 2688/1836/2652 2709/1858/2672 2708/1857/2671
f 2689/1837/2653 2690/1838/2654 2710/1859/2673
f 2689/1837/2653 2710/1859/2673 2709/1858/2672
f 2690/1838/2654 2691/1839/2655 2711/1860/2674
f 2690/1838/2654 2711/1860/2674 2710/1859/2673
f 2691/1839/2655 2692/1840/2656 2712/1861/2069
f 2691/1839/2655 2712/1861/2069 2711/1860/2674
f 2692/1840/2656 2693/1841/2657 2713/1862/2675
f 2692/1840/2656 2713/1862/2675 2712/1861/2069
f 2693/1841/2657 2694/1842/2658 2714/1863/2676
f 2693/1841/2657 2714/1863/2676 2713/1862/2675
f 2694/1842/2658 2695/1843/2659 2715/1864/2677
f 2694/1842/2658 2715/1864/2677 2714/1863/2676
f 2695/1843/2659 2696/1844/2660 2716/1865/2678
f 2695/1843/2659 2716/1865/2678 2715/1864/2677
f 2696/1844/2660 2697/1845/2661 2717/1866/2679
f 2696/1844/2660 2717/1866/2679 2716/1865/2678
f 2697/1845/2661 2678/1846/2643 2698/1867/2663
f 2697/1845/2661 2698/1867/2663 2717/1866/2679
f 2698/1848/2663 2699/1847/2662 2719/1868/2680
f 2698/1848/2663 2719/1868/2680 2718/1869/2681
f 2699/1847/2662 2700/1849/2664 2720/1870/2682
f 2699/1847/2662 2720/1870/2682 2719/1868/2680
f 2700/1849/2664 2701/1850/2665 2721/1871/2683
f 2700/1849/2664 2721/1871/2683 2720/1870/2682
f 2701/1850/2665 2702/1851/2059 2722/1872/2684
f 2701/1850/2665 2722/1872/2684 2721/1871/2683
f 2702/1851/2059 2703/1852/2666 2723/1873/2685
f 2702/1851/2059 2723/1873/2685 2722/1872/2684
f 2703/1852/2666 2704/1853/2667 2724/1874/2686
f 2703/1852/2666 2724/1874/2686 2723/1873/2685
f 2704/1853/2667 2705/1854/2668 2725/1875/2687
f 2704/1853/2667 2725/1875/2687 2724/1874/2686
f 2705/1854/2668 2706/1855/2669 2726/1876/2688
f 2705/1854/2668 2726/1876/2688 2725/1875/2687
f 2706/1855/2669 2707/1856/2670 2727/1877/2689
f 2706/1855/2669 2727/1877/2689 2726/1876/2688
f 2707/1856/2670 2708/1857/2671 2728/1878/2690
f 2707/1856/2670 2728/1878/2690 2727/1877/2689
f 2708/1857/2671 2709/1858/2672 2729/1879/2691
f 2708/1857/2671 2729/1879/2691 2728/1878/2690
f 2709/1858/2672 2710/1859/2673 2730/1880/2692
f 2709/1858/2672 2730/1880/2692 2729/1879/2691
f 2710/1859/2673 2711/1860/2674 2731/1881/2693
f 2710/1859/2673 2731/1881/2693 2730/1880/2692
f 2711/1860/2674 2712/1861/2069 2732/1882/2694
f 2711/1860/2674 2732/1882/2694 2731/1881/2693
f 2712/1861/2069 2713/1862/2675 2733/1883/2695
f 2712/1861/2069 2733/1883/2695 2732/1882/2694
f 2713/1862/2675 2714/1863/2676 2734/1884/2696
f 2713/1862/2675 2734/1884/2696 2733/1883/2695
f 2714/1863/2676 2715/1864/2677 2735/1885/2697
f 2714/1863/2676 2735/1885/2697 2734/1884/2696
f 2715/1864/2677 2716/1865/2678 2736/1886/2698
f 2715/1864/2677 2736/1886/2698 2735/1885/2697
f 2716/1865/2678 2717/1866/2679 2737/1887/2699
f 2716/1865/2678 2737/1887/2699 2736/1886/2698
f 2717/1866/2679 2698/1867/2663 2718/1888/2681
f 2717/1866/2679 2718/1888/2681 2737/1887/2699
f 2718/1869/2681 2719/1868/2680 2739/1889/2700
f 2718/1869/2681 2739/1889/2700 2738/1890/2701
f 2719/1868/2680 2720/1870/2682 2740/1891/2702
f 2719/1868/2680 2740/1891/2702 2739/1889/2700
f 2720/1870/2682 2721/1871/2683 2741/1892/2703
f 2720/1870/2682 2741/1892/2703 2740/1891/2702
f 2721/1871/2683 2722/1872/2684 2742/1893/2704
f 2721/1871/2683 2742/1893/2704 2741/1892/2703
f 2722/1872/2684 2723/1873/2685 2743/1894/2705
f 2722/1872/2684 2743/1894/2705 2742/1893/2704
f 2723/1873/2685 2724/1874/2686 2744/1895/2706
f 2723/1873/2685 2744/1895/2706 2743/1894/2705
f 2724/1874/2686 2725/1875/2687 2745/1896/2707
f 2724/1874/2686 2745/1896/2707 2744/1895/2706
f 2725/1875/2687 2726/1876/2688 2746/1897/2708
f 2725/1875/2687 2746/1897/2708 2745/1896/2707
f 2726/1876/2688 2727/1877/2689 2747/1898/2709
f 2726/1876/2688 2747/1898/2709 2746/1897/2708
f 2727/1877/2689 2728/1878/2690 2748/1899/2710
f 2727/1877/2689 2748/1899/2710 2747/1898/2709
f 2728/1878/2690 2729/1879/2691 2749/1900/2711
f 2728/1878/2690 2749/1900/2711 2748/1899/2710
f 2729/1879/2691 2730/1880/2692 2750/1901/2712
f 2729/1879/2691 2750/1901/2712 2749/1900/2711
f 2730/1880/2692 2731/1881/2693 2751/1902/2713
f 2730/1880/2692 2751/1902/2713 2750/1901/2712
f 2731/1881/2693 2732/1882/2694 2752/1903/2714
f 2731/1881/2693 2752/1903/2714 2751/1902/2713
f 2732/1882/2694 2733/1883/2695 2753/1904/2715
f 2732/1882/2694 2753/1904/2715 2752/1903/2714
f 2733/1883/2695 2734/1884/2696 2754/1905/2716
f 2733/1883/2695 2754/1905/2716 2753/1904/2715
f 2734/1884/2696 2735/1885/2697 2755/1906/2717
f 2734/1884/2696 2755/1906/2717 2754/1905/2716
f 2735/1885/2697 2736/1886/2698 2756/1907/2718
f 2735/1885/2697 2756/1907/2718 2755/1906/2717
f 2736/1886/2698 2737/1887/2699 2757/1908/2719
f 2736/1886/2698 2757/1908/2719 2756/1907/2718
f 2737/1887/2699 2718/1888/2681 2738/1909/2701
f 2737/1887/2699 2738/1909/2701 2757/1908/2719
f 2738/1890/2701 2739/1889/2700 2759/1910/2720
f 2738/1890/2701 2759/1910/2720 2758/1911/2721
f 2739/1889/2700 2740/1891/2702 2760/1912/2722
f 2739/1889/2700 2760/1912/2722 2759/1910/2720
f 2740/1891/2702 2741/1892/2703 2761/1913/2723
f 2740/1891/2702 2761/1913/2723 2760/1912/2722
f 2741/1892/2703 2742/1893/2704 2762/1914/2724
f 2741/1892/2703 2762/1914/2724 2761/1913/2723
f 2742/1893/2704 2743/1894/2705 2763/1915/2725
f 2742/1893/2704 2763/1915/2725 2762/1914/2724
f 2743/1894/2705 2744/1895/2706 2764/1916/2726
f 2743/1894/2705 2764/1916/2726 2763/1915/2725
f 2744/1895/2706 2745/1896/2707 2765/1917/2727
f 2744/1895/2706 2765/1917/2727 2764/1916/2726
f 2745/1896/2707 2746/1897/2708 2766/1918/2728
f 2745/1896/2707 2766/1918/2728 2765/1917/2727
f 2746/1897/2708 2747/1898/2709 2767/1919/2729
f 2746/1897/2708 2767/1919/2729 2766/1918/2728
f 2747/1898/2709 2748/1899/2710 2768/1920/2730
f 2747/1898/2709 2768/1920/2730 2767/1919/2729
f 2748/1899/2710 2749/1900/2711 2769/1921/2731
f 2748/1899/2710 2769/1921/2731 2768/1920/2730
f 2749/1900/2711 2750/1901/2712 2770/1922/2732
f 2749/1900/2711 2770/1922/2732 2769/1921/2731
f 2750/1901/2712 2751/1902/2713 2771/1923/2733
f 2750/1901/2712 2771/1923/2733 2770/1922/2732
f 2751/1902/2713 2752/1903/2714 2772/1924/2734
f 2751/1902/2713 2772/1924/2734 2771/1923/2733
f 2752/1903/2714 2753/1904/2715 2773/1925/2735
f 2752/1903/2714 2773/1925/2735 2772/1924/2734
f 2753/1904/2715 2754/1905/2716 2774/1926/2736
f 2753/1904/2715 2774/1926/2736 2773/1925/2735
f 2754/1905/2716 2755/1906/2717 2775/1927/2737
f 2754/1905/2716 2775/1927/2737 2774/1926/2736
f 2755/1906/2717 2756/1907/2718 2776/1928/2738
f 2755/1906/2717 2776/1928/2738 2775/1927/2737
f 2756/1907/2718 2757/1908/2719 2777/1929/2739
f 2756/1907/2718 2777/1929/2739 2776/1928/2738
f 2757/1908/2719 2738/1909/2701 2758/1930/2721
f 2757/1908/2719 2758/1930/2721 2777/1929/2739
f 2758/1911/2721 2759/1910/2720 2779/1931/2740
f 2758/1911/2721 2779/1931/2740 2778/1932/2741
f 2759/1910/2720 2760/1912/2722 2780/1933/2742
f 2759/1910/2720 2780/1933/2742 2779/1931/2740
f 2760/1912/2722 2761/1913/2723 2781/1934/2743
f 2760/1912/2722 2781/1934/2743 2780/1933/2742
f 2761/1913/2723 2762/1914/2724 2782/1935/2744
f 2761/1913/2723 2782/1935/2744 2781/1934/2743
f 2762/1914/2724 2763/1915/2725 2783/1936/2745
f 2762/1914/2724 2783/1936/2745 2782/1935/2744
f 2763/1915/2725 2764/1916/2726 2784/1937/2746
f 2763/1915/2725 2784/1937/2746 2783/1936/2745
f 2764/1916/2726 2765/1917/2727 2785/1938/2747
f 2764/1916/2726 2785/1938/2747 2784/1937/2746
f 2765/1917/2727 2766/1918/2728 2786/1939/2748
f 2765/1917/2727 2786/1939/2748 2785/1938/2747
f 2766/1918/2728 2767/1919/2729 2787/1940/2749
f 2766/1918/2728 2787/1940/2749 2786/1939/2748
f 2767/1919/2729 2768/1920/2730 2788/1941/2750
f 2767/1919/2729 2788/1941/2750 2787/1940/2749
f 2768/1920/2730 2769/1921/2731 2789/1942/2751
f 2768/1920/2730 2789/1942/2751 2788/1941/2750
f 2769/1921/2731 2770/1922/2732 2790/1943/2752
f 2769/1921/2731 2790/1943/2752 2789/1942/2751
f 2770/1922/2732 2771/1923/2733 2791/1944/2753
f 2770/1922/2732 2791/1944/2753 2790/1943/2752
f 2771/1923/2733 2772/1924/2734 2792/1945/2754
f 2771/1923/2733 2792/1945/2754 2791/1944/2753
f 2772/1924/2734 2773/1925/2735 2793/1946/2755
f 2772/1924/2734 2793/1946/2755 2792/1945/2754
f 2773/1925/2735 2774/1926/2736 2794/1947/2756
f 2773/1925/2735 2794/1947/2756 2793/1946/2755
f 2774/1926/2736 2775/1927/2737 2795/1948/2757
f 2774/1926/2736 2795/1948/2757 2794/1947/2756
f 2775/1927/2737 2776/1928/2738 2796/1949/2758
f 2775/1927/2737 2796/1949/2758 2795/1948/2757
f 2776/1928/2738 2777/1929/2739 2797/1950/2759
f 2776/1928/2738 2797/1950/2759 2796/1949/2758
f 2777/1929/2739 2758/1930/2721 2778/1951/2741
f 2777/1929/2739 2778/1951/2741 2797/1950/2759
f 2778/1932/2741 2779/1931/2740 2799/1952/2760
f 2778/1932/2741 2799/1952/2760 2798/1953/2761
f 2779/1931/2740 2780/1933/2742 2800/1954/2762
f 2779/1931/2740 2800/1954/2762 2799/1952/2760
f 2780/1933/2742 2781/1934/2743 2801/1955/2763
f 2780/1933/2742 2801/1955/2763 2800/1954/2762
f 2781/1934/2743 2782/1935/2744 2802/1956/2764
f 2781/1934/2743 2802/1956/2764 2801/1955/2763
f 2782/1935/2744 2783/1936/2745 2803/1957/2765
f 2782/1935/2744 2803/1957/2765 2802/1956/2764
f 2783/1936/2745 2784/1937/2746 2804/1958/2766
f 2783/1936/2745 2804/1958/2766 2803/1957/2765
f 2784/1937/2746 2785/1938/2747 2805/1959/2767
f 2784/1937/2746 2805/1959/2767 2804/1958/2766
f 2785/1938/2747 2786/1939/2748 2806/1960/2768
f 2785/1938/2747 2806/1960/2768 2805/1959/2767
f 2786/1939/2748 2787/1940/2749 2807/1961/2769
f 2786/1939/2748 2807/1961/2769 2806/1960/2768
f 2787/1940/2749 2788/1941/2750 2808/1962/2770
f 2787/1940/2749 2808/1962/2770 2807/1961/2769
f 2788/1941/2750 2789/1942/2751 2809/1963/2771
f 2788/1941/2750 2809/1963/2771 2808/1962/2770
f 2789/1942/2751 2790/1943/2752 2810/1964/2772
f 2789/1942/2751 2810/1964/2772 2809/1963/2771
f 2790/1943/2752 2791/1944/2753 2811/1965/2773
f 2790/1943/2752 2811/1965/2773 2810/1964/2772
f 2791/1944/2753 2792/1945/2754 2812/1966/2774
f 2791/1944/2753 2812/1966/2774 2811/1965/2773
f 2792/1945/2754 2793/1946/2755 2813/1967/2775
f 2792/1945/2754 2813/1967/2775 2812/1966/2774
f 2793/1946/2755 2794/1947/2756 2814/1968/2776
f 2793/1946/2755 2814/1968/2776 2813/1967/2775
f 2794/1947/2756 2795/1948/2757 2815/1969/2777
f 2794/1947/2756 2815/1969/2777 2814/1968/2776
f 2795/1948/2757 2796/1949/2758 2816/1970/2778
f 2795/1948/2757 2816/1970/2778 2815/1969/2777
f 2796/1949/2758 2797/1950/2759 2817/1971/2779
f 2796/1949/2758 2817/1971/2779 2816/1970/2778
f 2797/1950/2759 2778/1951/2741 2798/1972/2761
f 2797/1950/2759 2798/1972/2761 2817/1971/2779
f 2798/1953/2761 2799/1952/2760 2819/1973/2780
f 2798/1953/2761 2819/1973/2780 2818/1974/2781
f 2799/1952/2760 2800/1954/2762 2820/1975/2782
f 2799/1952/2760 2820/1975/2782 2819/1973/2780
f 2800/1954/2762 2801/1955/2763 2821/1976/2783
f 2800/1954/2762 2821/1976/2783 2820/1975/2782
f 2801/1955/2763 2802/1956/2764 2822/1977/2784
f 2801/1955/2763 2822/1977/2784 2821/1976/2783
f 2802/1956/2764 2803/1957/2765 2823/1978/2785
f 2802/1956/2764 2823/1978/2785 2822/1977/2784
f 2803/1957/2765 2804/1958/2766 2824/1979/2786
f 2803/1957/2765 2824/1979/2786 2823/1978/2785
f 2804/1958/2766 2805/1959/2767 2825/1980/2787
f 2804/1958/2766 2825/1980/2787 2824/1979/2786
f 2805/1959/2767 2806/1960/2768 2826/1981/2788
f 2805/1959/2767 2826/1981/2788 2825/1980/2787
f 2806/1960/2768 2807/1961/2769 2827/1982/2789
f 2806/1960/2768 2827/1982/2789 2826/1981/2788
f 2807/1961/2769 2808/1962/2770 2828/1983/2790
f 2807/1961/2769 2828/1983/2790 2827/1982/2789
f 2808/1962/2770 2809/1963/2771 2829/1984/2791
f 2808/1962/2770 2829/1984/2791 2828/1983/2790
f 2809/1963/2771 2810/1964/2772 2830/1985/2792
f 2809/1963/2771 2830/1985/2792 2829/1984/2791
f 2810/1964/2772 2811/1965/2773 2831/1986/2793
f 2810/1964/2772 2831/1986/2793 2830/1985/2792
f 2811/1965/2773 2812/1966/2774 2832/1987/2794
f 2811/1965/2773 2832/1987/2794 2831/1986/2793
f 2812/1966/2774 2813/1967/2775 2833/1988/2795
f 2812/1966/2774 2833/1988/2795 2832/1987/2794
f 2813/1967/2775 2814/1968/2776 2834/1989/2796
f 2813/1967/2775 2834/1989/2796 2833/1988/2795
f 2814/1968/2776 2815/1969/2777 2835/1990/2797
f 2814/1968/2776 2835/1990/2797 2834/1989/2796
f 2815/1969/2777 2816/1970/2778 2836/1991/2798
f 2815/1969/2777 2836/1991/2798 2835/1990/2797
f 2816/1970/2778 2817/1971/2779 2837/1992/2799
f 2816/1970/2778 2837/1992/2799 2836/1991/2798
f 2817/1971/2779 2798/1972/2761 2818/1993/2781
f 2817/1971/2779 2818/1993/2781 2837/1992/2799
f 2818/1974/2781 2819/1973/2780 2839/1994/2800
f 2818/1974/2781 2839/1994/2800 2838/1995/2801
f 2819/1973/2780 2820/1975/2782 2840/1996/2802
f 2819/1973/2780 2840/1996/2802 2839/1994/2800
f 2820/1975/2782 2821/1976/2783 2841/1997/2803
f 2820/1975/2782 2841/1997/2803 2840/1996/2802
f 2821/1976/2783 2822/1977/2784 2842/1998/2804
f 2821/1976/2783 2842/1998/2804 2841/1997/2803
f 2822/1977/2784 2823/1978/2785 2843/1999/2805
f 2822/1977/2784 2843/1999/2805 2842/1998/2804
f 2823/1978/2785 2824/1979/2786 2844/2000/2806
f 2823/1978/2785 2844/2000/2806 2843/1999/2805
f 2824/1979/2786 2825/1980/2787 2845/2001/2807
f 2824/1979/2786 2845/2001/2807 2844/2000/2806
f 2825/1980/2787 2826/1981/2788 2846/2002/2808
f 2825/1980/2787 2846/2002/2808 2845/2001/2807
f 2826/1981/2788 2827/1982/2789 2847/2003/2809
f 2826/1981/2788 2847/2003/2809 2846/2002/2808
f 2827/1982/2789 2828/1983/2790 2848/2004/2810
f 2827/1982/2789 2848/2004/2810 2847/2003/2809
f 2828/1983/2790 2829/1984/2791 2849/2005/2811
f 2828/1983/2790 2849/2005/2811 2848/2004/2810
f 2829/1984/2791 2830/1985/2792 2850/2006/2812
f 2829/1984/2791 2850/2006/2812 2849/2005/2811
f 2830/1985/2792 2831/1986/2793 2851/2007/2813
f 2830/1985/2792 2851/2007/2813 2850/2006/2812
f 2831/1986/2793 2832/1987/2794 2852/2008/2814
f 2831/1986/2793 2852/2008/2814 2851/2007/2813
f 2832/1987/2794 2833/1988/2795 2853/2009/2815
f 2832/1987/2794 2853/2009/2815 2852/2008/2814
f 2833/1988/2795 2834/1989/2796 2854/2010/2816
f 2833/1988/2795 2854/2010/2816 2853/2009/2815
f 2834/1989/2796 2835/1990/2797 2855/2011/2817
f 2834/1989/2796 2855/2011/2817 2854/2010/2816
f 2835/1990/2797 2836/1991/2798 2856/2012/2818
f 2835/1990/2797 2856/2012/2818 2855/2011/2817
f 2836/1991/2798 2837/1992/2799 2857/2013/2819
f 2836/1991/2798 2857/2013/2819 2856/2012/2818
f 2837/1992/2799 2818/1993/2781 2838/2014/2801
f 2837/1992/2799 2838/2014/2801 2857/2013/2819
f 2838/1995/2801 2839/1994/2800 2859/2015/2820
f 2838/1995/2801 2859/2015/2820 2858/2016/2821
f 2839/1994/2800 2840/1996/2802 2860/2017/2822
f 2839/1994/2800 2860/2017/2822 2859/2015/2820
f 2840/1996/2802 2841/1997/2803 2861/2018/2823
f 2840/1996/2802 2861/2018/2823 2860/2017/2822
f 2841/1997/2803 2842/1998/2804 2862/2019/2824
f 2841/1997/2803 2862/2019/2824 2861/2018/2823
f 2842/1998/2804 2843/1999/2805 2863/2020/2825
f 2842/1998/2804 2863/2020/2825 2862/2019/2824
f 2843/1999/2805 2844/2000/2806 2864/2021/2826
f 2843/1999/2805 2864/2021/2826 2863/2020/2825
f 2844/2000/2806 2845/2001/2807 2865/2022/2827
f 2844/2000/2806 2865/2022/2827 2864/2021/2826
f 2845/2001/2807 2846/2002/2808 2866/2023/2828
f 2845/2001/2807 2866/2023/2828 2865/2022/2827
f 2846/2002/2808 2847/2003/2809 2867/2024/2829
f 2846/2002/2808 2867/2024/2829 2866/2023/2828
f 2847/2003/2809 2848/2004/2810 2868/2025/2830
f 2847/2003/2809 2868/2025/2830 2867/2024/2829
f 2848/2004/2810 2849/2005/2811 2869/2026/2831
f 2848/2004/2810 2869/2026/2831 2868/2025/2830
f 2849/2005/2811 2850/2006/2812 2870/2027/2832
f 2849/2005/2811 2870/2027/2832 2869/2026/2831
f 2850/2006/2812 2851/2007/2813 2871/2028/2833
f 2850/2006/2812 2871/2028/2833 2870/2027/2832
f 2851/2007/2813 2852/2008/2814 2872/2029/2834
f 2851/2007/2813 2872/2029/2834 2871/2028/2833
f 2852/2008/2814 2853/2009/2815 2873/2030/2835
f 2852/2008/2814 2873/2030/2835 2872/2029/2834
f 2853/2009/2815 2854/2010/2816 2874/2031/2836
f 2853/2009/2815 2874/2031/2836 2873/2030/2835
f 2854/2010/2816 2855/2011/2817 2875/2032/2837
f 2854/2010/2816 2875/2032/2837 2874/2031/2836
f 2855/2011/2817 2856/2012/2818 2876/2033/2838
f 2855/2011/2817 2876/2033/2838 2875/2032/2837
f 2856/2012/2818 2857/2013/2819 2877/2034/2839
f 2856/2012/2818 2877/2034/2839 2876/2033/2838
f 2857/2013/2819 2838/2014/2801 2858/2035/2821
f 2857/2013/2819 2858/2035/2821 2877/2034/2839
f 2858/2016/2821 2859/2015/2820 2879/2036/2840
f 2858/2016/2821 2879/2036/2840 2878/2037/2841
f 2859/2015/2820 2860/2017/2822 2880/2038/2842
f 2859/2015/2820 2880/2038/2842 2879/2036/2840
f 2860/2017/2822 2861/2018/2823 2881/2039/2843
f 2860/2017/2822 2881/2039/2843 2880/2038/2842
f 2861/2018/2823 2862/2019/2824 2882/2040/2844
f 2861/2018/2823 2882/2040/2844 2881/2039/2843
f 2862/2019/2824 2863/2020/2825 2883/2041/2845
f 2862/2019/2824 2883/2041/2845 2882/2040/2844
f 2863/2020/2825 2864/2021/2826 2884/2042/2846
f 2863/2020/2825 2884/2042/2846 2883/2041/2845
f 2864/2021/2826 2865/2022/2827 2885/2043/2847
f 2864/2021/2826 2885/2043/2847 2884/2042/2846
f 2865/2022/2827 2866/2023/2828 2886/2044/2848
f 2865/2022/2827 2886/2044/2848 2885/2043/2847
f 2866/2023/2828 2867/2024/2829 2887/2045/2849
f 2866/2023/2828 2887/2045/2849 2886/2044/2848
f 2867/2024/2829 2868/2025/2830 2888/2046/2850
f 2867/2024/2829 2888/2046/2850 2887/2045/2849
f 2868/2025/2830 2869/2026/2831 2889/2047/2851
f 2868/2025/2830 2889/2047/2851 2888/2046/2850
f 2869/2026/2831 2870/2027/2832 2890/2048/2852
f 2869/2026/2831 2890/2048/2852 2889/2047/2851
f 2870/2027/2832 2871/2028/2833 2891/2049/2853
f 2870/2027/2832 2891/2049/2853 2890/2048/2852
f 2871/2028/2833 2872/2029/2834 2892/2050/2854
f 2871/2028/2833 2892/2050/2854 2891/2049/2853
f 2872/2029/2834 2873/2030/2835 2893/2051/2855
f 2872/2029/2834 2893/2051/2855 2892/2050/2854
f 2873/2030/2835 2874/2031/2836 2894/2052/2856
f 2873/2030/2835 2894/2052/2856 2893/2051/2855
f 2874/2031/2836 2875/2032/2837 2895/2053/2857
f 2874/2031/2836 2895/2053/2857 2894/2052/2856
f 2875/2032/2837 2876/2033/2838 2896/2054/2858
f 2875/2032/2837 2896/2054/2858 2895/2053/2857
f 2876/2033/2838 2877/2034/2839 2897/2055/2859
f 2876/2033/2838 2897/2055/2859 2896/2054/2858
f 2877/2034/2839 2858/2035/2821 2878/2056/2841
f 2877/2034/2839 2878/2056/2841 2897/2055/2859
f 2519/1659/2483 2518/1658/2482 2898/2057/2860
f 2520/1662/2486 2519/1659/2483 2898/2058/2860
f 2521/1664/2488 2520/1662/2486 2898/2059/2860
f 2522/1666/2490 2521/1664/2488 2898/2060/2860
f 2523/1668/2492 2522/1666/2490 2898/2061/2860
f 2524/1670/2494 2523/1668/2492 2898/2062/2860
f 2525/1672/2496 2524/1670/2494 2898/2063/2860
f 2526/1674/2498 2525/1672/2496 2898/2064/2860
f 2527/1676/2500 2526/1674/2498 2898/2065/2860
f 2528/1678/2502 2527/1676/2500 2898/2066/2860
f 2529/1680/2504 2528/1678/2502 2898/2067/2860
f 2530/1682/2506 2529/1680/2504 2898/2068/2860
f 2531/1684/2508 2530/1682/2506 2898/2069/2860
f 2532/1686/2510 2531/1684/2508 2898/2070/2860
f 2533/1688/2512 2532/1686/2510 2898/2071/2860
f 2534/1690/2514 2533/1688/2512 2898/2072/2860
f 2535/1692/2516 2534/1690/2514 2898/2073/2860
f 2536/1694/2518 2535/1692/2516 2898/2074/2860
f 2537/1696/2520 2536/1694/2518 2898/2075/2860
f 2518/1698/2482 2537/1696/2520 2898/2076/2860
f 2878/2037/2841 2879/2036/2840 2899/2077/2861
f 2879/2036/2840 2880/2038/2842 2899/2078/2861
f 2880/2038/2842 2881/2039/2843 2899/2079/2861
f 2881/2039/2843 2882/2040/2844 2899/2080/2861
f 2882/2040/2844 2883/2041/2845 2899/2081/2861
f 2883/2041/2845 2884/2042/2846 2899/2082/2861
f 2884/2042/2846 2885/2043/2847 2899/2083/2861
f 2885/2043/2847 2886/2044/2848 2899/2084/2861
f 2886/2044/2848 2887/2045/2849 2899/2085/2861
f 2887/2045/2849 2888/2046/2850 2899/2086/2861
f 2888/2046/2850 2889/2047/2851 2899/2087/2861
f 2889/2047/2851 2890/2048/2852 2899/2088/2861
f 2890/2048/2852 2891/2049/2853 2899/2089/2861
f 2891/2049/2853 2892/2050/2854 2899/2090/2861
f 2892/2050/2854 2893/2051/2855 2899/2091/2861
f 2893/2051/2855 2894/2052/2856 2899/2092/2861
f 2894/2052/2856 2895/2053/2857 2899/2093/2861
f 2895/2053/2857 2896/2054/2858 2899/2094/2861
f 2896/2054/2858 2897/2055/2859 2899/2095/2861
f 2897/2055/2859 2878/2056/2841 2899/2096/2861
f 2900/2097/2862 2901/2098/2863 2921/2099/2864
f 2900/2097/2862 2921/2099/2864 2920/2100/2865
f 2901/2098/2863 2902/2101/2866 2922/2102/2867
f 2901/2098/2863 2922/2102/2867 2921/2099/2864
f 2902/2101/2866 2903/2103/2868 2923/2104/2869
f 2902/2101/2866 2923/2104/2869 2922/2102/2867
f 2903/2103/2868 2904/2105/2870 2924/2106/2871
f 2903/2103/2868 2924/2106/2871 2923/2104/2869
f 2904/2105/2870 2905/2107/2872 2925/2108/2873
f 2904/2105/2870 2925/2108/2873 2924/2106/2871
f 2905/2107/2872 2906/2109/2874 2926/2110/2686
f 2905/2107/2872 2926/2110/2686 2925/2108/2873
f 2906/2109/2874 2907/2111/2875 2927/2112/2876
f 2906/2109/2874 2927/2112/2876 2926/2110/2686
f 2907/2111/2875 2908/2113/2877 2928/2114/2688
f 2907/2111/2875 2928/2114/2688 2927/2112/2876
f 2908/2113/2877 2909/2115/2878 2929/2116/2879
f 2908/2113/2877 2929/2116/2879 2928/2114/2688
f 2909/2115/2878 2910/2117/2880 2930/2118/2690
f 2909/2115/2878 2930/2118/2690 2929/2116/2879
f 2910/2117/2880 2911/2119/2881 2931/2120/2882
f 2910/2117/2880 2931/2120/2882 2930/2118/2690
f 2911/2119/2881 2912/2121/2883 2932/2122/2884
f 2911/2119/2881 2932/2122/2884 2931/2120/2882
f 2912/2121/2883 2913/2123/2885 2933/2124/2886
f 2912/2121/2883 2933/2124/2886 2932/2122/2884
f 2913/2123/2885 2914/2125/2887 2934/2126/2888
f 2913/2123/2885 2934/2126/2888 2933/2124/2886
f 2914/2125/2887 2915/2127/2889 2935/2128/2890
f 2914/2125/2887 2935/2128/2890 2934/2126/2888
f 2915/2127/2889 2916/2129/2891 2936/2130/2892
f 2915/2127/2889 2936/2130/2892 2935/2128/2890
f 2916/2129/2891 2917/2131/2893 2937/2132/2697
f 2916/2129/2891 2937/2132/2697 2936/2130/2892
f 2917/2131/2893 2918/2133/2894 2938/2134/2895
f 2917/2131/2893 2938/2134/2895 2937/2132/2697
f 2918/2133/2894 2919/2135/2896 2939/2136/2699
f 2918/2133/2894 2939/2136/2699 2938/2134/2895
f 2919/2135/2896 2900/2097/2862 2920/2100/2865
f 2919/2135/2896 2920/2100/2865 2939/2136/2699
f 2920/2100/2865 2921/2099/2864 2941/2137/2897
f 2920/2100/2865 2941/2137/2897 2940/2138/2701
f 2921/2099/2864 2922/2102/2867 2942/2139/2898
f 2921/2099/2864 2942/2139/2898 2941/2137/2897
f 2922/2102/2867 2923/2104/2869 2943/2140/2703
f 2922/2102/2867 2943/2140/2703 2942/2139/2898
f 2923/2104/2869 2924/2106/2871 2944/2141/2899
f 2923/2104/2869 2944/2141/2899 2943/2140/2703
f 2924/2106/2871 2925/2108/2873 2945/2142/2900
f 2924/2106/2871 2945/2142/2900 2944/2141/2899
f 2925/2108/2873 2926/2110/2686 2946/2143/2901
f 2925/2108/2873 2946/2143/2901 2945/2142/2900
f 2926/2110/2686 2927/2112/2876 2947/2144/2902
f 2926/2110/2686 2947/2144/2902 2946/2143/2901
f 2927/2112/2876 2928/2114/2688 2948/2145/2903
f 2927/2112/2876 2948/2145/2903 2947/2144/2902
f 2928/2114/2688 2929/2116/2879 2949/2146/2709
f 2928/2114/2688 2949/2146/2709 2948/2145/2903
f 2929/2116/2879 2930/2118/2690 2950/2147/2710
f 2929/2116/2879 2950/2147/2710 2949/2146/2709
f 2930/2118/2690 2931/2120/2882 2951/2148/2904
f 2930/2118/2690 2951/2148/2904 2950/2147/2710
f 2931/2120/2882 2932/2122/2884 2952/2149/2905
f 2931/2120/2882 2952/2149/2905 2951/2148/2904
f 2932/2122/2884 2933/2124/2886 2953/2150/2906
f 2932/2122/2884 2953/2150/2906 2952/2149/2905
f 2933/2124/2886 2934/2126/2888 2954/2151/2907
f 2933/2124/2886 2954/2151/2907 2953/2150/2906
f 2934/2126/2888 2935/2128/2890 2955/2152/2908
f 2934/2126/2888 2955/2152/2908 2954/2151/2907
f 2935/2128/2890 2936/2130/2892 2956/2153/2909
f 2935/2128/2890 2956/2153/2909 2955/2152/2908
f 2936/2130/2892 2937/2132/2697 2957/2154/2910
f 2936/2130/2892 2957/2154/2910 2956/2153/2909
f 2937/2132/2697 2938/2134/2895 2958/2155/2718
f 2937/2132/2697 2958/2155/2718 2957/2154/2910
f 2938/2134/2895 2939/2136/2699 2959/2156/2911
f 2938/2134/2895 2959/2156/2911 2958/2155/2718
f 2939/2136/2699 2920/2100/2865 2940/2138/2701
f 2939/2136/2699 2940/2138/2701 2959/2156/2911
f 2940/2138/2701 2941/2137/2897 2961/2157/2912
f 2940/2138/2701 2961/2157/2912 2960/2158/2913
f 2941/2137/2897 2942/2139/2898 2962/2159/2722
f 2941/2137/2897 2962/2159/2722 2961/2157/2912
f 2942/2139/2898 2943/2140/2703 2963/2160/2914
f 2942/2139/2898 2963/2160/2914 2962/2159/2722
f 2943/2140/2703 2944/2141/2899 2964/2161/2915
f 2943/2140/2703 2964/2161/2915 2963/2160/2914
f 2944/2141/2899 2945/2142/2900 2965/2162/2916
f 2944/2141/2899 2965/2162/2916 2964/2161/2915
f 2945/2142/2900 2946/2143/2901 2966/2163/2917
f 2945/2142/2900 2966/2163/2917 2965/2162/2916
f 2946/2143/2901 2947/2144/2902 2967/2164/2918
f 2946/2143/2901 2967/2164/2918 2966/2163/2917
f 2947/2144/2902 2948/2145/2903 2968/2165/2728
f 2947/2144/2902 2968/2165/2728 2967/2164/2918
f 2948/2145/2903 2949/2146/2709 2969/2166/2729
f 2948/2145/2903 2969/2166/2729 2968/2165/2728
f 2949/2146/2709 2950/2147/2710 2970/2167/2730
f 2949/2146/2709 2970/2167/2730 2969/2166/2729
f 2950/2147/2710 2951/2148/2904 2971/2168/2731
f 2950/2147/2710 2971/2168/2731 2970/2167/2730
f 2951/2148/2904 2952/2149/2905 2972/2169/2732
f 2951/2148/2904 2972/2169/2732 2971/2168/2731
f 2952/2149/2905 2953/2150/2906 2973/2170/2919
f 2952/2149/2905 2973/2170/2919 2972/2169/2732
f 2953/2150/2906 2954/2151/2907 2974/2171/2920
f 2953/2150/2906 2974/2171/2920 2973/2170/2919
f 2954/2151/2907 2955/2152/2908 2975/2172/2921
f 2954/2151/2907 2975/2172/2921 2974/2171/2920
f 2955/2152/2908 2956/2153/2909 2976/2173/2736
f 2955/2152/2908 2976/2173/2736 2975/2172/2921
f 2956/2153/2909 2957/2154/2910 2977/2174/2737
f 2956/2153/2909 2977/2174/2737 2976/2173/2736
f 2957/2154/2910 2958/2155/2718 2978/2175/2922
f 2957/2154/2910 2978/2175/2922 2977/2174/2737
f 2958/2155/2718 2959/2156/2911 2979/2176/2923
f 2958/2155/2718 2979/2176/2923 2978/2175/2922
f 2959/2156/2911 2940/2138/2701 2960/2158/2913
f 2959/2156/2911 2960/2158/2913 2979/2176/2923
f 2960/2158/2913 2961/2157/2912 2981/2177/2924
f 2960/2158/2913 2981/2177/2924 2980/2178/2741
f 2961/2157/2912 2962/2159/2722 2982/2179/2742
f 2961/2157/2912 2982/2179/2742 2981/2177/2924
f 2962/2159/2722 2963/2160/2914 2983/2180/2925
f 2962/2159/2722 2983/2180/2925 2982/2179/2742
f 2963/2160/2914 2964/2161/2915 2984/2181/2926
f 2963/2160/2914 2984/2181/2926 2983/2180/2925
f 2964/2161/2915 2965/2162/2916 2985/2182/2927
f 2964/2161/2915 2985/2182/2927 2984/2181/2926
f 2965/2162/2916 2966/2163/2917 2986/2183/2928
f 2965/2162/2916 2986/2183/2928 2985/2182/2927
f 2966/2163/2917 2967/2164/2918 2987/2184/2929
f 2966/2163/2917 2987/2184/2929 2986/2183/2928
f 2967/2164/2918 2968/2165/2728 2988/2185/2930
f 2967/2164/2918 2988/2185/2930 2987/2184/2929
f 2968/2165/2728 2969/2166/2729 2989/2186/2931
f 2968/2165/2728 2989/2186/2931 2988/2185/2930
f 2969/2166/2729 2970/2167/2730 2990/2187/2750
f 2969/2166/2729 2990/2187/2750 2989/2186/2931
f 2970/2167/2730 2971/2168/2731 2991/2188/2932
f 2970/2167/2730 2991/2188/2932 2990/2187/2750
f 2971/2168/2731 2972/2169/2732 2992/2189/2752
f 2971/2168/2731 2992/2189/2752 2991/2188/2932
f 2972/2169/2732 2973/2170/2919 2993/2190/2753
f 2972/2169/2732 2993/2190/2753 2992/2189/2752
f 2973/2170/2919 2974/2171/2920 2994/2191/2933
f 2973/2170/2919 2994/2191/2933 2993/2190/2753
f 2974/2171/2920 2975/2172/2921 2995/2192/2755
f 2974/2171/2920 2995/2192/2755 2994/2191/2933
f 2975/2172/2921 2976/2173/2736 2996/2193/2934
f 2975/2172/2921 2996/2193/2934 2995/2192/2755
f 2976/2173/2736 2977/2174/2737 2997/2194/2935
f 2976/2173/2736 2997/2194/2935 2996/2193/2934
f 2977/2174/2737 2978/2175/2922 2998/2195/2758
f 2977/2174/2737 2998/2195/2758 2997/2194/2935
f 2978/2175/2922 2979/2176/2923 2999/2196/2759
f 2978/2175/2922 2999/2196/2759 2998/2195/2758
f 2979/2176/2923 2960/2158/2913 2980/2178/2741
f 2979/2176/2923 2980/2178/2741 2999/2196/2759
f 2980/2178/2741 2981/2177/2924 3001/2197/2936
f 2980/2178/2741 3001/2197/2936 3000/2198/2937
f 2981/2177/2924 2982/2179/2742 3002/2199/2938
f 2981/2177/2924 3002/2199/2938 3001/2197/2936
f 2982/2179/2742 2983/2180/2925 3003/2200/2763
f 2982/2179/2742 3003/2200/2763 3002/2199/2938
f 2983/2180/2925 2984/2181/2926 3004/2201/2939
f 2983/2180/2925 3004/2201/2939 3003/2200/2763
f 2984/2181/2926 2985/2182/2927 3005/2202/2765
f 2984/2181/2926 3005/2202/2765 3004/2201/2939
f 2985/2182/2927 2986/2183/2928 3006/2203/2940
f 2985/2182/2927 3006/2203/2940 3005/2202/2765
f 2986/2183/2928 2987/2184/2929 3007/2204/2941
f 2986/2183/2928 3007/2204/2941 3006/2203/2940
f 2987/2184/2929 2988/2185/2930 3008/2205/2942
f 2987/2184/2929 3008/2205/2942 3007/2204/2941
f 2988/2185/2930 2989/2186/2931 3009/2206/2943
f 2988/2185/2930 3009/2206/2943 3008/2205/2942
f 2989/2186/2931 2990/2187/2750 3010/2207/2944
f 2989/2186/2931 3010/2207/2944 3009/2206/2943
f 2990/2187/2750 2991/2188/2932 3011/2208/2945
f 2990/2187/2750 3011/2208/2945 3010/2207/2944
f 2991/2188/2932 2992/2189/2752 3012/2209/2772
f 2991/2188/2932 3012/2209/2772 3011/2208/2945
f 2992/2189/2752 2993/2190/2753 3013/2210/2946
f 2992/2189/2752 3013/2210/2946 3012/2209/2772
f 2993/2190/2753 2994/2191/2933 3014/2211/2774
f 2993/2190/2753 3014/2211/2774 3013/2210/2946
f 2994/2191/2933 2995/2192/2755 3015/2212/2775
f 2994/2191/2933 3015/2212/2775 3014/2211/2774
f 2995/2192/2755 2996/2193/2934 3016/2213/2776
f 2995/2192/2755 3016/2213/2776 3015/2212/2775
f 2996/2193/2934 2997/2194/2935 3017/2214/2777
f 2996/2193/2934 3017/2214/2777 3016/2213/2776
f 2997/2194/2935 2998/2195/2758 3018/2215/2947
f 2997/2194/2935 3018/2215/2947 3017/2214/2777
f 2998/2195/2758 2999/2196/2759 3019/2216/2779
f 2998/2195/2758 3019/2216/2779 3018/2215/2947
f 2999/2196/2759 2980/2178/2741 3000/2198/2937
f 2999/2196/2759 3000/2198/2937 3019/2216/2779
f 3000/2198/2937 3001/2197/2936 3021/2217/2948
f 3000/2198/2937 3021/2217/2948 3020/2218/2949
f 3001/2197/2936 3002/2199/2938 3022/2219/2950
f 3001/2197/2936 3022/2219/2950 3021/2217/2948
f 3002/2199/2938 3003/2200/2763 3023/2220/2951
f 3002/2199/2938 3023/2220/2951 3022/2219/2950
f 3003/2200/2763 3004/2201/2939 3024/2221/2952
f 3003/2200/2763 3024/2221/2952 3023/2220/2951
f 3004/2201/2939 3005/2202/2765 3025/2222/2953
f 3004/2201/2939 3025/2222/2953 3024/2221/2952
f 3005/2202/2765 3006/2203/2940 3026/2223/2786
f 3005/2202/2765 3026/2223/2786 3025/2222/2953
f 3006/2203/2940 3007/2204/2941 3027/2224/2954
f 3006/2203/2940 3027/2224/2954 3026/2223/2786
f 3007/2204/2941 3008/2205/2942 3028/2225/2955
f 3007/2204/2941 3028/2225/2955 3027/2224/2954
f 3008/2205/2942 3009/2206/2943 3029/2226/2956
f 3008/2205/2942 3029/2226/2956 3028/2225/2955
f 3009/2206/2943 3010/2207/2944 3030/2227/2957
f 3009/2206/2943 3030/2227/2957 3029/2226/2956
f 3010/2207/2944 3011/2208/2945 3031/2228/2958
f 3010/2207/2944 3031/2228/2958 3030/2227/2957
f 3011/2208/2945 3012/2209/2772 3032/2229/2792
f 3011/2208/2945 3032/2229/2792 3031/2228/2958
f 3012/2209/2772 3013/2210/2946 3033/2230/2959
f 3012/2209/2772 3033/2230/2959 3032/2229/2792
f 3013/2210/2946 3014/2211/2774 3034/2231/2794
f 3013/2210/2946 3034/2231/2794 3033/2230/2959
f 3014/2211/2774 3015/2212/2775 3035/2232/2795
f 3014/2211/2774 3035/2232/2795 3034/2231/2794
f 3015/2212/2775 3016/2213/2776 3036/2233/2960
f 3015/2212/2775 3036/2233/2960 3035/2232/2795
f 3016/2213/2776 3017/2214/2777 3037/2234/2961
f 3016/2213/2776 3037/2234/2961 3036/2233/2960
f 3017/2214/2777 3018/2215/2947 3038/2235/2798
f 3017/2214/2777 3038/2235/2798 3037/2234/2961
f 3018/2215/2947 3019/2216/2779 3039/2236/2799
f 3018/2215/2947 3039/2236/2799 3038/2235/2798
f 3019/2216/2779 3000/2198/2937 3020/2218/2949
f 3019/2216/2779 3020/2218/2949 3039/2236/2799
f 3020/2218/2949 3021/2217/2948 3041/2237/2962
f 3020/2218/2949 3041/2237/2962 3040/2238/2963
f 3021/2217/2948 3022/2219/2950 3042/2239/2964
f 3021/2217/2948 3042/2239/2964 3041/2237/2962
f 3022/2219/2950 3023/2220/2951 3043/2240/2965
f 3022/2219/2950 3043/2240/2965 3042/2239/2964
f 3023/2220/2951 3024/2221/2952 3044/2241/2966
f 3023/2220/2951 3044/2241/2966 3043/2240/2965
f 3024/2221/2952 3025/2222/2953 3045/2242/2967
f 3024/2221/2952 3045/2242/2967 3044/2241/2966
f 3025/2222/2953 3026/2223/2786 3046/2243/2968
f 3025/2222/2953 3046/2243/2968 3045/2242/2967
f 3026/2223/2786 3027/2224/2954 3047/2244/2969
f 3026/2223/2786 3047/2244/2969 3046/2243/2968
f 3027/2224/2954 3028/2225/2955 3048/2245/2970
f 3027/2224/2954 3048/2245/2970 3047/2244/2969
f 3028/2225/2955 3029/2226/2956 3049/2246/2971
f 3028/2225/2955 3049/2246/2971 3048/2245/2970
f 3029/2226/2956 3030/2227/2957 3050/2247/2972
f 3029/2226/2956 3050/2247/2972 3049/2246/2971
f 3030/2227/2957 3031/2228/2958 3051/2248/2973
f 3030/2227/2957 3051/2248/2973 3050/2247/2972
f 3031/2228/2958 3032/2229/2792 3052/2249/2974
f 3031/2228/2958 3052/2249/2974 3051/2248/2973
f 3032/2229/2792 3033/2230/2959 3053/2250/2975
f 3032/2229/2792 3053/2250/2975 3052/2249/2974
f 3033/2230/2959 3034/2231/2794 3054/2251/2976
f 3033/2230/2959 3054/2251/2976 3053/2250/2975
f 3034/2231/2794 3035/2232/2795 3055/2252/2977
f 3034/2231/2794 3055/2252/2977 3054/2251/2976
f 3035/2232/2795 3036/2233/2960 3056/2253/2978
f 3035/2232/2795 3056/2253/2978 3055/2252/2977
f 3036/2233/2960 3037/2234/2961 3057/2254/2979
f 3036/2233/2960 3057/2254/2979 3056/2253/2978
f 3037/2234/2961 3038/2235/2798 3058/2255/2980
f 3037/2234/2961 3058/2255/2980 3057/2254/2979
f 3038/2235/2798 3039/2236/2799 3059/2256/2981
f 3038/2235/2798 3059/2256/2981 3058/2255/2980
f 3039/2236/2799 3020/2218/2949 3040/2238/2963
f 3039/2236/2799 3040/2238/2963 3059/2256/2981
f 3040/2238/2963 3041/2237/2962 3061/2257/2982
f 3040/2238/2963 3061/2257/2982 3060/2258/2983
f 3041/2237/2962 3042/2239/2964 3062/2259/2984
f 3041/2237/2962 3062/2259/2984 3061/2257/2982
f 3042/2239/2964 3043/2240/2965 3063/2260/2985
f 3042/2239/2964 3063/2260/2985 3062/2259/2984
f 3043/2240/2965 3044/2241/2966 3064/2261/2986
f 3043/2240/2965 3064/2261/2986 3063/2260/2985
f 3044/2241/2966 3045/2242/2967 3065/2262/2987
f 3044/2241/2966 3065/2262/2987 3064/2261/2986
f 3045/2242/2967 3046/2243/2968 3066/2263/2988
f 3045/2242/2967 3066/2263/2988 3065/2262/2987
f 3046/2243/2968 3047/2244/2969 3067/2264/2989
f 3046/2243/2968 3067/2264/2989 3066/2263/2988
f 3047/2244/2969 3048/2245/2970 3068/2265/2990
f 3047/2244/2969 3068/2265/2990 3067/2264/2989
f 3048/2245/2970 3049/2246/2971 3069/2266/2991
f 3048/2245/2970 3069/2266/2991 3068/2265/2990
f 3049/2246/2971 3050/2247/2972 3070/2267/2992
f 3049/2246/2971 3070/2267/2992 3069/2266/2991
f 3050/2247/2972 3051/2248/2973 3071/2268/2993
f 3050/2247/2972 3071/2268/2993 3070/2267/2992
f 3051/2248/2973 3052/2249/2974 3072/2269/2994
f 3051/2248/2973 3072/2269/2994 3071/2268/2993
f 3052/2249/2974 3053/2250/2975 3073/2270/2995
f 3052/2249/2974 3073/2270/2995 3072/2269/2994
f 3053/2250/2975 3054/2251/2976 3074/2271/2996
f 3053/2250/2975 3074/2271/2996 3073/2270/2995
f 3054/2251/2976 3055/2252/2977 3075/2272/2997
f 3054/2251/2976 3075/2272/2997 3074/2271/2996
f 3055/2252/2977 3056/2253/2978 3076/2273/2998
f 3055/2252/2977 3076/2273/2998 3075/2272/2997
f 3056/2253/2978 3057/2254/2979 3077/2274/2999
f 3056/2253/2978 3077/2274/2999 3076/2273/2998
f 3057/2254/2979 3058/2255/2980 3078/2275/3000
f 3057/2254/2979 3078/2275/3000 3077/2274/2999
f 3058/2255/2980 3059/2256/2981 3079/2276/3001
f 3058/2255/2980 3079/2276/3001 3078/2275/3000
f 3059/2256/2981 3040/2238/2963 3060/2258/2983
f 3059/2256/2981 3060/2258/2983 3079/2276/3001
f 3122/2277/3002 3123/2278/3003 3081/2279/3004
f 3122/2277/3002 3081/2279/3004 3080/2280/3005
f 3123/2278/3003 3125/2281/3006 3082/2282/3007
f 3123/2278/3003 3082/2282/3007 3081/2279/3004
f 3125/2281/3006 3127/2283/3008 3083/2284/3009
f 3125/2281/3006 3083/2284/3009 3082/2282/3007
f 3127/2283/3008 3129/2285/3010 3084/2286/3011
f 3127/2283/3008 3084/2286/3011 3083/2284/3009
f 3129/2285/3010 3131/2287/3012 3085/2288/3013
f 3129/2285/3010 3085/2288/3013 3084/2286/3011
f 3131/2287/3012 3133/2289/3014 3086/2290/3015
f 3131/2287/3012 3086/2290/3015 3085/2288/3013
f 3133/2289/3014 3135/2291/3016 3087/2292/3017
f 3133/2289/3014 3087/2292/3017 3086/2290/3015
f 3135/2291/3016 3137/2293/3018 3088/2294/3019
f 3135/2291/3016 3088/2294/3019 3087/2292/3017
f 3137/2293/3018 3139/2295/3020 3089/2296/3021
f 3137/2293/3018 3089/2296/3021 3088/2294/3019
f 3139/2295/3020 3141/2297/3022 3090/2298/3023
f 3139/2295/3020 3090/2298/3023 3089/2296/3021
f 3141/2297/3022 3143/2299/3024 3091/2300/3025
f 3141/2297/3022 3091/2300/3025 3090/2298/3023
f 3143/2299/3024 3145/2301/3026 3092/2302/3027
f 3143/2299/3024 3092/2302/3027 3091/2300/3025
f 3145/2301/3026 3147/2303/3028 3093/2304/3029
f 3145/2301/3026 3093/2304/3029 3092/2302/3027
f 3147/2303/3028 3149/2305/3030 3094/2306/3031
f 3147/2303/3028 3094/2306/3031 3093/2304/3029
f 3149/2305/3030 3151/2307/3032 3095/2308/3033
f 3149/2305/3030 3095/2308/3033 3094/2306/3031
f 3151/2307/3032 3153/2309/3034 3096/2310/3035
f 3151/2307/3032 3096/2310/3035 3095/2308/3033
f 3153/2309/3034 3155/2311/3036 3097/2312/3037
f 3153/2309/3034 3097/2312/3037 3096/2310/3035
f 3155/2311/3036 3157/2313/3038 3098/2314/3039
f 3155/2311/3036 3098/2314/3039 3097/2312/3037
f 3157/2313/3038 3159/2315/3040 3099/2316/3041
f 3157/2313/3038 3099/2316/3041 3098/2314/3039
f 3159/2315/3040 3122/2277/3002 3080/2280/3005
f 3159/2315/3040 3080/2280/3005 3099/2316/3041
f 3101/2317/3042 3102/2318/3043 3100/2319/3044
f 3102/2318/3043 3103/2320/3045 3100/2319/3044
f 3103/2320/3045 3104/2321/3046 3100/2319/3044
f 3104/2321/3046 3105/2322/3047 3100/2319/3044
f 3105/2322/3047 3106/2323/3048 3100/2319/3044
f 3106/2323/3048 3107/2324/3049 3100/2319/3044
f 3107/2324/3049 3108/2325/3050 3100/2319/3044
f 3108/2325/3050 3109/2326/3051 3100/2319/3044
f 3109/2326/3051 3110/2327/3052 3100/2319/3044
f 3110/2327/3052 3111/2328/3053 3100/2319/3044
f 3111/2328/3053 3112/2329/3054 3100/2319/3044
f 3112/2329/3054 3113/2330/3055 3100/2319/3044
f 3113/2330/3055 3114/2331/3056 3100/2319/3044
f 3114/2331/3056 3115/2332/3057 3100/2319/3044
f 3115/2332/3057 3116/2333/3058 3100/2319/3044
f 3116/2333/3058 3117/2334/3059 3100/2319/3044
f 3117/2334/3059 3118/2335/3060 3100/2319/3044
f 3118/2335/3060 3119/2336/3061 3100/2319/3044
f 3119/2336/3061 3120/2337/3062 3100/2319/3044
f 3120/2337/3062 3101/2317/3042 3100/2319/3044
f 3060/2258/2983 3061/2257/2982 3124/2338/3063
f 3060/2258/2983 3124/2338/3063 3121/2339/3064
f 3061/2257/2982 3062/2259/2984 3126/2340/3065
f 3061/2257/2982 3126/2340/3065 3124/2338/3063
f 3062/2259/2984 3063/2260/2985 3128/2341/3066
f 3062/2259/2984 3128/2341/3066 3126/2340/3065
f 3063/2260/2985 3064/2261/2986 3130/2342/3067
f 3063/2260/2985 3130/2342/3067 3128/2341/3066
f 3064/2261/2986 3065/2262/2987 3132/2343/3068
f 3064/2261/2986 3132/2343/3068 3130/2342/3067
f 3065/2262/2987 3066/2263/2988 3134/2344/3069
f 3065/2262/2987 3134/2344/3069 3132/2343/3068
f 3066/2263/2988 3067/2264/2989 3136/2345/3070
f 3066/2263/2988 3136/2345/3070 3134/2344/3069
f 3067/2264/2989 3068/2265/2990 3138/2346/3071
f 3067/2264/2989 3138/2346/3071 3136/2345/3070
f 3068/2265/2990 3069/2266/2991 3140/2347/3072
f 3068/2265/2990 3140/2347/3072 3138/2346/3071
f 3069/2266/2991 3070/2267/2992 3142/2348/3073
f 3069/2266/2991 3142/2348/3073 3140/2347/3072
f 3070/2267/2992 3071/2268/2993 3144/2349/3074
f 3070/2267/2992 3144/2349/3074 3142/2348/3073
f 3071/2268/2993 3072/2269/2994 3146/2350/3075
f 3071/2268/2993 3146/2350/3075 3144/2349/3074
f 3072/2269/2994 3073/2270/2995 3148/2351/3076
f 3072/2269/2994 3148/2351/3076 3146/2350/3075
f 3073/2270/2995 3074/2271/2996 3150/2352/3077
f 3073/2270/2995 3150/2352/3077 3148/2351/3076
f 3074/2271/2996 3075/2272/2997 3152/2353/3078
f 3074/2271/2996 3152/2353/3078 3150/2352/3077
f 3075/2272/2997 3076/2273/2998 3154/2354/3079
f 3075/2272/2997 3154/2354/3079 3152/2353/3078
f 3076/2273/2998 3077/2274/2999 3156/2355/3080
f 3076/2273/2998 3156/2355/3080 3154/2354/3079
f 3077/2274/2999 3078/2275/3000 3158/2356/3081
f 3077/2274/2999 3158/2356/3081 3156/2355/3080
f 3078/2275/3000 3079/2276/3001 3160/2357/3082
f 3078/2275/3000 3160/2357/3082 3158/2356/3081
f 3079/2276/3001 3060/2258/2983 3121/2339/3064
f 3079/2276/3001 3121/2339/3064 3160/2357/3082
f 3080/2280/3005 3081/2279/3004 3102/2318/3043
f 3080/2280/3005 3102/2318/3043 3101/2317/3042
f 3081/2279/3004 3082/2282/3007 3103/2320/3045
f 3081/2279/3004 3103/2320/3045 3102/2318/3043
f 3082/2282/3007 3083/2284/3009 3104/2321/3046
f 3082/2282/3007 3104/2321/3046 3103/2320/3045
f 3083/2284/3009 3084/2286/3011 3105/2322/3047
f 3083/2284/3009 3105/2322/3047 3104/2321/3046
f 3084/2286/3011 3085/2288/3013 3106/2323/3048
f 3084/2286/3011 3106/2323/3048 3105/2322/3047
f 3085/2288/3013 3086/2290/3015 3107/2324/3049
f 3085/2288/3013 3107/2324/3049 3106/2323/3048
f 3086/2290/3015 3087/2292/3017 3108/2325/3050
f 3086/2290/3015 3108/2325/3050 3107/2324/3049
f 3087/2292/3017 3088/2294/3019 3109/2326/3051
f 3087/2292/3017 3109/2326/3051 3108/2325/3050
f 3088/2294/3019 3089/2296/3021 3110/2327/3052
f 3088/2294/3019 3110/2327/3052 3109/2326/3051
f 3089/2296/3021 3090/2298/3023 3111/2328/3053
f 3089/2296/3021 3111/2328/3053 3110/2327/3052
f 3090/2298/3023 3091/2300/3025 3112/2329/3054
f 3090/2298/3023 3112/2329/3054 3111/2328/3053
f 3091/2300/3025 3092/2302/3027 3113/2330/3055
f 3091/2300/3025 3113/2330/3055 3112/2329/3054
f 3092/2302/3027 3093/2304/3029 3114/2331/3056
f 3092/2302/3027 3114/2331/3056 3113/2330/3055
f 3093/2304/3029 3094/2306/3031 3115/2332/3057
f 3093/2304/3029 3115/2332/3057 3114/2331/3056
f 3094/2306/3031 3095/2308/3033 3116/2333/3058
f 3094/2306/3031 3116/2333/3058 3115/2332/3057
f 3095/2308/3033 3096/2310/3035 3117/2334/3059
f 3095/2308/3033 3117/2334/3059 3116/2333/3058
f 3096/2310/3035 3097/2312/3037 3118/2335/3060
f 3096/2310/3035 3118/2335/3060 3117/2334/3059
f 3097/2312/3037 3098/2314/3039 3119/2336/3061
f 3097/2312/3037 3119/2336/3061 3118/2335/3060
f 3098/2314/3039 3099/2316/3041 3120/2337/3062
f 3098/2314/3039 3120/2337/3062 3119/2336/3061
f 3099/2316/3041 3080/2280/3005 3101/2317/3042
f 3099/2316/3041 3101/2317/3042 3120/2337/3062
f 3121/2339/3064 3122/2277/3002 3159/2315/3040
f 3121/2339/3064 3159/2315/3040 3160/2357/3082
f 3122/2277/3002 3121/2339/3064 3124/2338/3063
f 3122/2277/3002 3124/2338/3063 3123/2278/3003
f 3123/2278/3003 3124/2338/3063 3126/2340/3065
f 3123/2278/3003 3126/2340/3065 3125/2281/3006
f 3125/2281/3006 3126/2340/3065 3128/2341/3066
f 3125/2281/3006 3128/2341/3066 3127/2283/3008
f 3127/2283/3008 3128/2341/3066 3130/2342/3067
f 3127/2283/3008 3130/2342/3067 3129/2285/3010
f 3129/2285/3010 3130/2342/3067 3132/2343/3068
f 3129/2285/3010 3132/2343/3068 3131/2287/3012
f 3131/2287/3012 3132/2343/3068 3134/2344/3069
f 3131/2287/3012 3134/2344/3069 3133/2289/3014
f 3133/2289/3014 3134/2344/3069 3136/2345/3070
f 3133/2289/3014 3136/2345/3070 3135/2291/3016
f 3135/2291/3016 3136/2345/3070 3138/2346/3071
f 3135/2291/3016 3138/2346/3071 3137/2293/3018
f 3137/2293/3018 3138/2346/3071 3140/2347/3072
f 3137/2293/3018 3140/2347/3072 3139/2295/3020
f 3139/2295/3020 3140/2347/3072 3142/2348/3073
f 3139/2295/3020 3142/2348/3073 3141/2297/3022
f 3141/2297/3022 3142/2348/3073 3144/2349/3074
f 3141/2297/3022 3144/2349/3074 3143/2299/3024
f 3143/2299/3024 3144/2349/3074 3146/2350/3075
f 3143/2299/3024 3146/2350/3075 3145/2301/3026
f 3145/2301/3026 3146/2350/3075 3148/2351/3076
f 3145/2301/3026 3148/2351/3076 3147/2303/3028
f 3147/2303/3028 3148/2351/3076 3150/2352/3077
f 3147/2303/3028 3150/2352/3077 3149/2305/3030
f 3149/2305/3030 3150/2352/3077 3152/2353/3078
f 3149/2305/3030 3152/2353/3078 3151/2307/3032
f 3151/2307/3032 3152/2353/3078 3154/2354/3079
f 3151/2307/3032 3154/2354/3079 3153/2309/3034
f 3153/2309/3034 3154/2354/3079 3156/2355/3080
f 3153/2309/3034 3156/2355/3080 3155/2311/3036
f 3155/2311/3036 3156/2355/3080 3158/2356/3081
f 3155/2311/3036 3158/2356/3081 3157/2313/3038
f 3157/2313/3038 3158/2356/3081 3160/2357/3082
f 3157/2313/3038 3160/2357/3082 3159/2315/3040
o head
v 0.053425 0.738985 0.004710
v 0.066347 0.766150 0.001462
v 0.065443 0.756616 0.026377
v 0.059145 0.734929 0.023259
v 0.055485 0.703993 0.020199
v 0.049362 0.704584 0.003859
v 0.065295 0.728263 0.039871
v 0.059749 0.699293 0.038524
v 0.061585 0.717592 0.057922
v 0.058220 0.688961 0.057058
v 0.047577 0.706611 0.074805
v 0.046385 0.684000 0.075136
v 0.028553 0.695243 0.083465
v 0.029652 0.671941 0.083214
v 0.001922 0.683800 0.090855
v 0.002326 0.664252 0.087826
v 0.030823 0.705836 0.090939
v 0.000224 0.696494 0.098965
v 0.002364 0.701565 0.104347
v 0.029874 0.706353 0.103866
v 0.029275 0.707448 0.118573
v 0.002449 0.704007 0.119045
v 0.050592 0.723934 0.102438
v 0.046612 0.725018 0.116292
v 0.053161 0.722212 0.082655
v 0.023179 0.709623 0.135271
v 0.002431 0.707906 0.135359
v 0.061828 0.737103 0.060982
v 0.065362 0.747078 0.042883
v 0.073852 0.758932 0.047755
v 0.070523 0.764863 0.035840
v 0.079374 0.780786 0.028400
v 0.077143 0.771017 0.040181
v 0.089127 0.770780 0.036237
v 0.085069 0.773252 0.042726
v 0.095944 0.779351 0.024949
v 0.095235 0.785457 0.030606
v 0.090165 0.784128 0.021974
v 0.079818 0.774516 0.047145
v 0.083431 0.806819 0.046908
v 0.081210 0.807924 0.075153
v 0.079114 0.781118 0.069931
v 0.089293 0.806781 0.029962
v 0.073703 0.753969 0.064831
v 0.088074 0.815721 0.010366
v 0.096291 0.811495 0.009142
v 0.090431 0.838217 0.024277
v 0.095170 0.840475 0.023617
v 0.092350 0.848174 -0.013683
v 0.085493 0.819188 -0.011216
v 0.079240 0.797202 -0.001710
v 0.066862 0.792761 -0.022761
v 0.038720 0.764146 -0.029473
v 0.036130 0.790569 -0.041053
v 0.069328 0.820092 -0.037372
v 0.037426 0.818456 -0.053356
v 0.070154 0.750185 0.084067
v 0.062453 0.747128 0.103933
v 0.074114 0.778096 0.089065
v 0.065344 0.774019 0.106084
v 0.077134 0.801719 0.096131
v 0.065204 0.795378 0.112428
v 0.073852 0.816386 0.103181
v 0.062151 0.808818 0.116805
v 0.078422 0.829355 0.089382
v 0.055794 0.769715 0.119235
v 0.054628 0.746172 0.115404
v 0.049836 0.789834 0.125201
v 0.035128 0.741957 -0.016611
v 0.033513 0.704990 -0.012941
v 0.002388 0.702215 -0.022036
v 0.002297 0.741729 -0.022736
v 0.002053 0.750896 -0.031095
v 0.002343 0.765328 -0.036254
v 0.035786 0.751934 -0.025150
v 0.055653 0.754149 -0.006959
v 0.069036 0.832539 0.105663
v 0.071963 0.849545 0.105234
v 0.066464 0.840991 0.113009
v 0.062524 0.832175 0.110903
v 0.060170 0.827584 0.111115
v 0.067312 0.823282 0.108302
v 0.054345 0.834111 0.111583
v 0.051895 0.833274 0.114695
v 0.059937 0.837572 0.114587
v 0.051028 0.836576 0.116584
v 0.055310 0.847614 0.127147
v 0.051464 0.842755 0.123295
v 0.057488 0.857546 0.127036
v 0.037969 0.861911 0.137069
v 0.038679 0.851788 0.135371
v 0.055912 0.874034 0.121170
v 0.035246 0.879668 0.129253
v 0.054929 0.894042 0.117829
v 0.034163 0.900837 0.124674
v 0.051171 0.909830 0.111681
v 0.035827 0.919490 0.116971
v 0.058941 0.916867 0.100356
v 0.038188 0.936117 0.105501
v 0.067586 0.888813 0.100769
v 0.002326 0.903613 0.126991
v 0.002322 0.871872 0.136564
v 0.002508 0.927003 0.122782
v 0.069408 0.867068 0.104030
v 0.081461 0.870016 0.073633
v 0.082825 0.850881 0.070385
v 0.078798 0.892565 0.071812
v 0.018478 0.857382 0.141375
v 0.021603 0.850175 0.136677
v 0.002324 0.847654 0.142746
v 0.010653 0.845094 0.140458
v 0.002325 0.835913 0.142801
v 0.008915 0.835299 0.139955
v 0.002327 0.826649 0.147114
v 0.011805 0.823711 0.144601
v 0.015519 0.842120 0.133741
v 0.020051 0.838739 0.126234
v 0.025474 0.844319 0.126640
v 0.024813 0.836094 0.124766
v 0.028577 0.840881 0.126756
v 0.018324 0.831040 0.126166
v 0.022408 0.832969 0.122531
v 0.013654 0.832568 0.132791
v 0.036946 0.845757 0.126973
v 0.047499 0.840461 0.123445
v 0.050567 0.835105 0.110011
v 0.039010 0.838292 0.113895
v 0.035958 0.842835 0.127206
v 0.047221 0.830813 0.111675
v 0.038809 0.829524 0.114073
v 0.038607 0.829465 0.125983
v 0.048662 0.830768 0.120855
v 0.026582 0.832085 0.125015
v 0.029871 0.831028 0.116453
v 0.026788 0.822328 0.127102
v 0.040880 0.820579 0.124033
v 0.026455 0.817505 0.130571
v 0.041925 0.813839 0.124839
v 0.021084 0.825758 0.128068
v 0.018044 0.823978 0.135247
v 0.023081 0.831825 0.124251
v 0.023015 0.813030 0.139106
v 0.040179 0.805236 0.129619
v 0.010233 0.813364 0.153174
v 0.017460 0.805849 0.148798
v 0.022389 0.800652 0.143258
v 0.057852 0.816881 0.116128
v 0.052389 0.824322 0.117540
v 0.023998 0.832907 0.120207
v 0.087135 0.825289 0.052718
v 0.094267 0.858260 0.030344
v 0.093332 0.877946 0.034346
v 0.088275 0.897447 0.036667
v 0.073890 0.924564 0.035502
v 0.069737 0.925722 0.073514
v 0.042102 0.950696 0.074249
v 0.040453 0.949874 0.035758
v 0.002291 0.956226 0.072346
v 0.002519 0.943621 0.108691
v 0.002323 0.953617 0.032459
v 0.002445 0.938542 -0.006867
v 0.037678 0.934968 -0.004768
v 0.035939 0.912387 -0.032945
v 0.002268 0.917066 -0.037390
v 0.071824 0.917663 0.001602
v 0.086657 0.900924 0.009987
v 0.088567 0.886865 -0.000859
v 0.071223 0.901608 -0.023380
v 0.070643 0.878413 -0.039366
v 0.036807 0.886146 -0.051586
v 0.090634 0.868350 -0.009454
v 0.070766 0.849908 -0.042844
v 0.037737 0.853177 -0.058068
v 0.093898 0.836213 0.035238
v 0.102086 0.839384 0.026165
v 0.107481 0.834176 0.013717
v 0.104563 0.836118 0.012575
v 0.101680 0.840641 0.018072
v 0.102167 0.812630 0.007536
v 0.104432 0.809818 0.011686
v 0.009892 0.776384 0.148629
v 0.019613 0.775573 0.143613
v 0.019915 0.783875 0.143808
v 0.009790 0.782278 0.149536
v 0.012572 0.766716 0.150982
v 0.022641 0.764935 0.145978
v 0.030018 0.769750 0.137674
v 0.031256 0.776062 0.135897
v 0.035240 0.760756 0.135495
v 0.037351 0.762681 0.134172
v 0.033172 0.782268 0.134723
v 0.022713 0.793164 0.139976
v 0.038403 0.786309 0.134183
v 0.046678 0.766043 0.128468
v 0.046019 0.744432 0.124916
v 0.036827 0.726167 0.127753
v 0.028281 0.729507 0.133861
v 0.018683 0.722944 0.138507
v 0.037972 0.745394 0.130502
v 0.033745 0.748393 0.132901
v 0.024693 0.736157 0.136083
v 0.014413 0.733442 0.138481
v 0.040712 0.764185 0.131443
v 0.031554 0.751722 0.134389
v 0.021739 0.791952 0.150796
v 0.016995 0.793955 0.158921
v 0.008841 0.786406 0.158726
v 0.011636 0.794825 0.164669
v 0.009949 0.789328 0.164486
v 0.010902 0.802123 0.161576
v 0.002298 0.802982 0.163606
v 0.002261 0.794540 0.167354
v 0.017326 0.799154 0.155892
v 0.002327 0.816229 0.154486
v 0.002277 0.787993 0.165448
v 0.008243 0.785975 0.152678
v 0.010935 0.790006 0.150617
v 0.002155 0.780726 0.152851
v 0.002267 0.779404 0.149630
v 0.002234 0.784382 0.161669
v 0.020842 0.797394 0.150444
v 0.030511 0.755155 0.135764
v 0.030410 0.759082 0.138734
v 0.023416 0.758593 0.143708
v 0.013617 0.759904 0.148894
v 0.002392 0.766687 0.150625
v 0.002078 0.759638 0.150590
v 0.002395 0.775519 0.148552
v 0.022556 0.755970 0.138328
v 0.022369 0.753867 0.141303
v 0.011893 0.756588 0.144917
v 0.023701 0.742917 0.138872
v 0.023030 0.749439 0.141804
v 0.012998 0.736757 0.140884
v 0.002300 0.735853 0.141383
v 0.002321 0.729978 0.140380
v 0.002342 0.743114 0.146753
v 0.012895 0.744938 0.145617
v 0.012601 0.749252 0.146160
v 0.002420 0.748888 0.147546
v 0.002317 0.818147 -0.057348
v 0.002384 0.854665 -0.063078
v 0.002284 0.888691 -0.054138
v 0.002363 0.789233 -0.047470
v 0.002467 0.754874 0.142708
v 0.012012 0.755587 0.141149
v 0.002497 0.755903 0.145685
v 0.002312 0.720743 0.142658
v 0.022614 0.756094 0.139013
v -0.048290 0.739076 0.004965
v -0.053927 0.734966 0.023455
v -0.060305 0.756825 0.026520
v -0.061089 0.766413 0.001803
v -0.044213 0.704690 0.004075
v -0.050265 0.704108 0.020375
v -0.054515 0.699443 0.038627
v -0.060041 0.728298 0.040002
v -0.053017 0.689131 0.056975
v -0.056479 0.717576 0.057677
v -0.041516 0.684061 0.074873
v -0.042781 0.706571 0.074543
v -0.024854 0.672054 0.082976
v -0.023882 0.695232 0.083334
v -0.026137 0.705870 0.090793
v -0.025265 0.706337 0.103914
v -0.024565 0.707525 0.118602
v -0.045969 0.724024 0.102491
v -0.041834 0.725142 0.116314
v -0.048502 0.722104 0.082654
v -0.018428 0.709799 0.135154
v -0.057049 0.737041 0.060709
v -0.060245 0.747072 0.042820
v -0.069042 0.759020 0.047655
v -0.065538 0.765060 0.035826
v -0.074391 0.780907 0.028587
v -0.072494 0.771181 0.040163
v -0.084232 0.771030 0.036109
v -0.080401 0.773402 0.042572
v -0.090130 0.785498 0.030384
v -0.090431 0.779328 0.024296
v -0.085916 0.783498 0.021172
v -0.074969 0.774676 0.046967
v -0.074294 0.781271 0.069867
v -0.076084 0.808029 0.075128
v -0.078200 0.806926 0.046821
v -0.084097 0.806916 0.029976
v -0.068989 0.753965 0.064737
v -0.094566 0.810965 0.007713
v -0.083167 0.815655 0.010677
v -0.085225 0.838257 0.024178
v -0.091643 0.841499 0.023020
v -0.087288 0.848035 -0.013472
v -0.080576 0.819297 -0.011352
v -0.074296 0.797364 -0.001637
v -0.061386 0.793868 -0.021756
v -0.031443 0.790587 -0.041074
v -0.033101 0.764675 -0.028170
v -0.064671 0.820426 -0.036879
v -0.032422 0.818735 -0.052215
v -0.065482 0.750205 0.084076
v -0.057862 0.747042 0.104058
v -0.060813 0.774103 0.106341
v -0.069536 0.778106 0.089105
v -0.060718 0.795227 0.112675
v -0.072301 0.801877 0.096084
v -0.068783 0.816325 0.102939
v -0.057430 0.808840 0.116730
v -0.073208 0.829285 0.089236
v -0.049985 0.746127 0.115492
v -0.051239 0.769730 0.119296
v -0.045404 0.789917 0.125332
v -0.030339 0.742009 -0.016355
v -0.028692 0.705097 -0.012708
v -0.030314 0.751852 -0.024192
v -0.050054 0.754899 -0.006829
v -0.064121 0.832579 0.105343
v -0.061475 0.841244 0.112709
v -0.066783 0.849506 0.105036
v -0.057749 0.832336 0.110645
v -0.062440 0.823179 0.108012
v -0.055381 0.827533 0.110871
v -0.049524 0.833837 0.111584
v -0.046999 0.833165 0.114440
v -0.046429 0.836455 0.116743
v -0.055165 0.837610 0.114413
v -0.046812 0.842771 0.123278
v -0.050419 0.847628 0.126932
v -0.052484 0.857476 0.126678
v -0.033270 0.861836 0.136903
v -0.033825 0.851791 0.135334
v -0.030536 0.879620 0.129006
v -0.051075 0.873964 0.120915
v -0.029476 0.900751 0.124492
v -0.050031 0.893934 0.117561
v -0.030791 0.919443 0.116795
v -0.046307 0.909669 0.111410
v -0.033722 0.936647 0.106047
v -0.053995 0.916928 0.100098
v -0.062408 0.888688 0.100573
v -0.064301 0.867014 0.103813
v -0.076332 0.870060 0.073410
v -0.077662 0.851022 0.070193
v -0.073708 0.892264 0.071611
v -0.016971 0.850432 0.136461
v -0.013833 0.857377 0.141316
v -0.005901 0.845216 0.140228
v -0.003936 0.835193 0.139657
v -0.006932 0.823514 0.144373
v -0.010689 0.842376 0.133537
v -0.020702 0.844394 0.126599
v -0.015239 0.838954 0.126062
v -0.023958 0.840874 0.126722
v -0.019920 0.836351 0.124729
v -0.017296 0.833561 0.122459
v -0.013585 0.830945 0.125932
v -0.008530 0.832384 0.132591
v -0.032316 0.845638 0.126950
v -0.042972 0.840418 0.123646
v -0.045686 0.834993 0.110133
v -0.034445 0.838259 0.113954
v -0.031370 0.842691 0.127182
v -0.042521 0.830793 0.111525
v -0.043809 0.830665 0.120600
v -0.033948 0.829443 0.125875
v -0.034069 0.829403 0.113889
v -0.021917 0.831965 0.125003
v -0.024912 0.830884 0.116281
v -0.036175 0.820579 0.123864
v -0.022131 0.822326 0.127050
v -0.021570 0.817275 0.130364
v -0.037216 0.813780 0.124687
v -0.013082 0.823713 0.135074
v -0.016216 0.825547 0.127853
v -0.018462 0.831970 0.124105
v -0.018053 0.812865 0.138828
v -0.035465 0.805192 0.129451
v -0.012380 0.805736 0.148565
v -0.005324 0.813210 0.152912
v -0.017436 0.800759 0.143051
v -0.047496 0.824264 0.117225
v -0.053122 0.816793 0.115937
v -0.019068 0.832904 0.119903
v -0.081920 0.825292 0.052654
v -0.088474 0.858679 0.030220
v -0.087364 0.877835 0.033888
v -0.083751 0.897788 0.036624
v -0.064529 0.925487 0.073380
v -0.069179 0.924513 0.035560
v -0.037735 0.950174 0.074280
v -0.035100 0.948854 0.036157
v -0.031384 0.912256 -0.032739
v -0.031990 0.933925 -0.004159
v -0.067498 0.918335 0.001179
v -0.082427 0.900600 0.010112
v -0.084876 0.887397 -0.001346
v -0.064793 0.901058 -0.022480
v -0.032212 0.886114 -0.051661
v -0.064296 0.877533 -0.037927
v -0.084719 0.868240 -0.008902
v -0.032981 0.853128 -0.057845
v -0.065243 0.849950 -0.042197
v -0.089273 0.836869 0.034596
v -0.097473 0.841254 0.024790
v -0.096843 0.840162 0.017187
v -0.101287 0.834360 0.012229
v -0.101754 0.834759 0.016435
v -0.098571 0.812557 0.008340
v -0.098041 0.808312 0.014429
v -0.005177 0.776354 0.148504
v -0.005458 0.782728 0.149188
v -0.014934 0.783986 0.143451
v -0.014787 0.775491 0.143351
v -0.017809 0.764831 0.145700
v -0.007862 0.766687 0.150848
v -0.026447 0.776052 0.135700
v -0.025220 0.769705 0.137560
v -0.032744 0.762658 0.134207
v -0.030537 0.760692 0.135703
v -0.017755 0.793071 0.139754
v -0.028221 0.782072 0.134662
v -0.033667 0.786325 0.134061
v -0.042421 0.766255 0.128124
v -0.041289 0.744429 0.124882
v -0.031964 0.726196 0.127594
v -0.013946 0.722962 0.138299
v -0.023531 0.729484 0.133743
v -0.020025 0.736190 0.136023
v -0.029221 0.748443 0.133085
v -0.033312 0.745355 0.130695
v -0.009705 0.733311 0.138386
v -0.035994 0.764237 0.131324
v -0.026985 0.751710 0.134374
v -0.016523 0.792156 0.150538
v -0.003965 0.786618 0.158864
v -0.011970 0.794084 0.158569
v -0.005119 0.789391 0.164313
v -0.006747 0.795009 0.164396
v -0.006061 0.801955 0.161337
v -0.012319 0.799012 0.155606
v -0.003071 0.786101 0.152474
v -0.005654 0.790002 0.150620
v -0.015647 0.797326 0.150284
v -0.026223 0.759323 0.138159
v -0.025579 0.755163 0.135776
v -0.018733 0.758711 0.143619
v -0.008944 0.759923 0.148749
v -0.017685 0.755991 0.138315
v -0.017286 0.753798 0.141122
v -0.007242 0.756727 0.144853
v -0.019068 0.742950 0.138818
v -0.018238 0.749449 0.141518
v -0.008364 0.736700 0.140914
v -0.007894 0.749319 0.146130
v -0.008213 0.744968 0.145662
v -0.007322 0.755661 0.141169
v -0.017814 0.756117 0.139074
v 0.020088 0.755743 0.136206
v 0.024786 0.754038 0.131009
v 0.012414 0.758341 0.140063
v 0.001617 0.757930 0.140773
v -0.019988 0.754001 0.130842
v -0.015690 0.755791 0.136066
v -0.008146 0.758214 0.139464
vn 0.8508 -0.2251 -0.4749
vn 0.7800 -0.4233 -0.4609
vn 0.9146 -0.3477 -0.2063
vn 0.9317 -0.1415 -0.3345
vn 0.9485 -0.0908 -0.3036
vn 0.8293 -0.0843 -0.5524
vn 0.9908 -0.1195 -0.0640
vn 0.9638 -0.1442 -0.2241
vn 0.8991 -0.0882 0.4287
vn 0.9628 -0.1444 0.2285
vn 0.7125 -0.2244 0.6648
vn 0.7354 -0.0618 0.6749
vn 0.4065 -0.2743 0.8715
vn 0.3196 -0.0375 0.9468
vn -0.0033 -0.1950 0.9808
vn -0.0046 -0.1532 0.9882
vn 0.5278 -0.7480 0.4024
vn -0.0023 -0.6184 0.7858
vn -0.0009 -0.9805 0.1963
vn 0.4220 -0.9034 0.0763
vn 0.4261 -0.8703 0.2471
vn -0.0013 -0.9797 0.2004
vn 0.7596 -0.6243 0.1825
vn 0.7617 -0.4328 0.4821
vn 0.8098 -0.5656 0.1561
vn 0.4640 -0.5387 0.7032
vn -0.0038 -0.8283 0.5602
vn 0.9379 -0.3138 0.1478
vn 0.9425 -0.3268 -0.0697
vn 0.8820 -0.4047 -0.2415
vn 0.8665 -0.4337 -0.2470
vn 0.7704 -0.5239 -0.3633
vn 0.2913 -0.9149 -0.2795
vn 0.0114 -0.8831 -0.4690
vn 0.8208 -0.0616 0.5679
vn 0.6486 -0.6296 -0.4277
vn 0.7978 0.0843 0.5970
vn -0.2406 -0.4123 -0.8787
vn 0.9756 -0.1999 0.0910
vn 0.9661 -0.1060 0.2356
vn 0.9879 -0.0622 0.1422
vn 0.9755 -0.1640 0.1469
vn 0.8662 -0.0579 0.4962
vn 0.9083 -0.4183 0.0026
vn 0.8711 -0.2614 -0.4157
vn -0.3637 0.1554 -0.9185
vn 0.9995 -0.0166 0.0273
vn -0.4627 0.6987 -0.5456
vn 0.9513 -0.0650 -0.3012
vn 0.8712 -0.2832 -0.4009
vn 0.8708 -0.3869 -0.3035
vn 0.6165 -0.4556 -0.6421
vn 0.4390 -0.3392 -0.8320
vn 0.3924 -0.4172 -0.8197
vn 0.5822 -0.2559 -0.7717
vn 0.2761 -0.2778 -0.9201
vn 0.9166 -0.3299 0.2260
vn 0.8778 -0.2927 0.3792
vn 0.9304 -0.1768 0.3211
vn 0.8754 -0.1474 0.4605
vn 0.9262 -0.1248 0.3557
vn 0.7594 -0.0989 0.6430
vn 0.8885 0.0379 0.4574
vn 0.5835 0.1029 0.8055
vn 0.9582 -0.0217 0.2854
vn 0.7332 -0.0760 0.6758
vn 0.7858 -0.1746 0.5933
vn 0.6206 0.0440 0.7829
vn 0.4277 -0.2186 -0.8771
vn 0.5799 -0.0972 -0.8089
vn -0.0038 -0.0621 -0.9981
vn -0.0050 -0.2842 -0.9588
vn -0.0163 -0.4478 -0.8940
vn -0.0115 -0.3999 -0.9165
vn 0.4222 -0.4894 -0.7630
vn 0.6794 -0.4357 -0.5903
vn 0.8234 -0.1166 0.5554
vn 0.9016 0.0618 0.4280
vn 0.6776 -0.3109 0.6665
vn 0.4022 -0.2470 0.8816
vn 0.4766 0.2271 0.8493
vn 0.6916 0.1826 0.6988
vn 0.1550 -0.3787 0.9124
vn 0.5803 0.4586 0.6730
vn 0.2751 -0.6196 0.7351
vn 0.0989 -0.8297 0.5494
vn 0.5834 -0.2507 0.7725
vn 0.2270 -0.6698 0.7070
vn 0.7036 0.1415 0.6964
vn 0.3542 0.1758 0.9185
vn 0.1640 -0.5990 0.7838
vn 0.6143 0.2484 0.7489
vn 0.2291 0.3311 0.9154
vn 0.6571 0.2540 0.7097
vn 0.2164 0.2725 0.9375
vn 0.5563 0.4413 0.7042
vn 0.3082 0.4276 0.8498
vn 0.7763 0.3671 0.5124
vn 0.3851 0.7743 0.5022
vn 0.8808 0.1989 0.4298
vn -0.0030 0.2763 0.9611
vn -0.0032 0.2961 0.9551
vn -0.0024 0.4160 0.9094
vn 0.8667 0.1473 0.4767
vn 0.9376 0.1149 0.3281
vn 0.9685 -0.0141 0.2488
vn 0.9146 0.2098 0.3458
vn 0.1403 0.1866 0.9724
vn 0.2434 -0.5402 0.8056
vn -0.0052 0.1191 0.9929
vn 0.4590 -0.2137 0.8623
vn -0.0204 0.2148 0.9764
vn 0.7021 0.1003 0.7050
vn -0.0166 0.5419 0.8403
vn 0.6344 0.4489 0.6293
vn 0.6481 -0.3913 0.6534
vn 0.4639 -0.3165 0.8274
vn 0.2407 -0.6793 0.6932
vn 0.4130 -0.4876 0.7692
vn 0.3276 -0.6887 0.6468
vn 0.7392 0.1154 0.6635
vn 0.7287 -0.3654 0.5792
vn 0.8182 0.2362 0.5242
vn 0.0529 -0.6816 0.7298
vn -0.0685 -0.9045 0.4210
vn -0.3168 -0.5871 0.7449
vn 0.2266 -0.7014 0.6758
vn 0.0783 -0.7380 0.6702
vn -0.0839 0.8563 0.5096
vn 0.1926 0.8863 0.4211
vn 0.1047 0.8387 0.5344
vn 0.3422 0.5070 0.7911
vn 0.1697 0.6602 0.7317
vn 0.3943 0.5520 0.7347
vn 0.2725 0.3406 0.8999
vn 0.3180 0.0915 0.9436
vn 0.5373 0.5406 0.6473
vn 0.4543 0.3425 0.8224
vn 0.4799 0.5070 0.7161
vn 0.7126 0.5334 0.4557
vn 0.1479 0.8410 0.5205
vn 0.6178 0.3802 0.6883
vn 0.5590 0.1468 0.8161
vn 0.4899 0.5135 0.7045
vn 0.7455 0.3733 0.5521
vn 0.5973 0.0851 0.7975
vn 0.4675 0.2598 0.8450
vn 0.5380 0.1529 0.8289
vn 0.5572 -0.5279 0.6409
vn 0.9677 -0.0580 0.2452
vn 0.9983 -0.0285 0.0502
vn 0.9839 0.1134 0.1378
vn 0.9267 0.3515 0.1326
vn 0.6817 0.7232 -0.1105
vn 0.8074 0.5207 0.2775
vn 0.3930 0.9120 0.1173
vn 0.3758 0.9046 -0.2011
vn -0.0020 0.9758 0.2186
vn 0.0076 0.7986 0.6019
vn -0.0130 0.9782 -0.2075
vn -0.0128 0.8581 -0.5133
vn 0.3306 0.8438 -0.4226
vn 0.2310 0.6707 -0.7048
vn -0.0037 0.6881 -0.7256
vn 0.6874 0.6715 -0.2767
vn 0.9085 0.4039 -0.1068
vn 0.9336 0.2704 -0.2352
vn 0.5778 0.5639 -0.5901
vn 0.6730 0.2523 -0.6953
vn 0.2758 0.3500 -0.8952
vn 0.9272 0.2074 -0.3118
vn 0.6213 -0.0256 -0.7832
vn 0.3170 -0.0109 -0.9483
vn 0.8187 -0.0645 0.5706
vn 0.8440 0.0741 0.5313
vn 0.9999 -0.0054 0.0120
vn -0.1450 0.4620 -0.8750
vn -0.5403 0.5174 -0.6637
vn 0.2221 -0.2689 -0.9372
vn 0.8708 -0.1324 0.4735
vn 0.2632 0.1214 0.9571
vn 0.5455 0.1855 0.8173
vn 0.5891 -0.1365 0.7965
vn 0.3936 -0.2395 0.8876
vn 0.2913 0.0697 0.9541
vn 0.6003 0.1388 0.7877
vn 0.5446 0.0733 0.8355
vn 0.5539 0.0938 0.8273
vn 0.5169 -0.0668 0.8534
vn 0.5529 -0.0566 0.8313
vn 0.3325 -0.1296 0.9341
vn 0.7637 -0.0583 0.6429
vn 0.5649 0.0248 0.8248
vn 0.6305 -0.0803 0.7721
vn 0.6657 -0.1897 0.7217
vn 0.6754 -0.3312 0.6588
vn 0.4961 -0.0887 0.8637
vn 0.2369 -0.1208 0.9640
vn 0.5320 -0.1371 0.8356
vn 0.4345 -0.1247 0.8920
vn 0.4092 -0.0960 0.9074
vn 0.2164 -0.1341 0.9670
vn 0.5234 -0.0575 0.8501
vn 0.5184 -0.1769 0.8366
vn 0.7247 -0.5970 0.3441
vn 0.7972 -0.1837 0.5750
vn 0.5048 -0.8516 0.1415
vn 0.4423 0.0755 0.8937
vn 0.5062 -0.6093 0.6104
vn 0.5322 0.4662 0.7067
vn -0.0182 0.5460 0.8376
vn -0.0128 0.2200 0.9754
vn 0.7610 0.4030 0.5083
vn -0.0195 0.5716 0.8203
vn -0.0146 -0.3583 0.9335
vn 0.5934 -0.7223 0.3552
vn 0.4372 -0.7405 0.5104
vn -0.0172 -0.9240 0.3820
vn -0.0321 -0.5828 0.8120
vn -0.0135 -0.9256 0.3782
vn 0.9164 0.2282 0.3289
vn 0.6208 -0.0601 0.7816
vn 0.3516 -0.6022 0.7168
vn 0.1925 -0.6993 0.6884
vn -0.0072 0.1601 0.9871
vn -0.0059 -0.4805 0.8770
vn -0.0125 0.0097 0.9999
vn 0.6033 0.0635 0.7950
vn 0.2664 0.8624 0.4304
vn 0.3261 0.4625 0.8245
vn 0.5110 -0.2868 0.8104
vn 0.5011 -0.2086 0.8398
vn 0.3020 -0.4532 0.8387
vn -0.0004 -0.4699 0.8827
vn -0.0047 0.0908 0.9959
vn 0.0006 -0.3579 0.9337
vn 0.2655 -0.4216 0.8671
vn 0.2462 0.1483 0.9578
vn -0.0012 0.0832 0.9965
vn -0.0168 -0.2320 -0.9726
vn -0.0055 0.0313 -0.9995
vn -0.0007 0.4489 -0.8936
vn -0.0059 -0.3778 -0.9259
vn -0.0029 -0.8696 0.4938
vn 0.1335 -0.8789 0.4581
vn 0.2958 0.6221 0.7249
vn -0.0015 0.5207 0.8537
vn -0.0069 -0.2218 0.9751
vn 0.2354 -0.8093 0.5381
vn -0.8525 -0.2218 -0.4734
vn -0.9318 -0.1427 -0.3337
vn -0.9123 -0.3496 -0.2131
vn -0.7739 -0.4253 -0.4692
vn -0.8335 -0.0847 -0.5460
vn -0.9490 -0.0911 -0.3019
vn -0.9637 -0.1440 -0.2249
vn -0.9897 -0.1235 -0.0723
vn -0.9641 -0.1460 0.2216
vn -0.9031 -0.0940 0.4191
vn -0.7405 -0.0636 0.6690
vn -0.7191 -0.2328 0.6547
vn -0.3309 -0.0432 0.9427
vn -0.4321 -0.2842 0.8559
vn -0.5446 -0.7369 0.4004
vn -0.4226 -0.9030 0.0776
vn -0.4262 -0.8685 0.2530
vn -0.7588 -0.6245 0.1850
vn -0.7567 -0.4340 0.4889
vn -0.8094 -0.5669 0.1532
vn -0.4651 -0.5349 0.7054
vn -0.9376 -0.3217 0.1320
vn -0.9389 -0.3335 -0.0854
vn -0.8771 -0.4079 -0.2536
vn -0.8596 -0.4383 -0.2625
vn -0.7586 -0.5336 -0.3739
vn -0.2876 -0.9149 -0.2831
vn 0.0131 -0.8834 -0.4685
vn -0.8269 -0.0564 0.5596
vn -0.8075 0.0646 0.5863
vn -0.7331 -0.6055 -0.3098
vn 0.2484 -0.4066 -0.8792
vn -0.9773 -0.1925 0.0889
vn -0.9776 -0.1576 0.1398
vn -0.9894 -0.0506 0.1360
vn -0.9666 -0.0993 0.2364
vn -0.8636 -0.0616 0.5004
vn -0.9091 -0.4165 -0.0026
vn 0.3130 0.1423 -0.9390
vn -0.8243 -0.2569 -0.5046
vn -0.9995 0.0304 -0.0061
vn 0.5086 0.6328 -0.5838
vn -0.9523 -0.0390 -0.3027
vn -0.8671 -0.2866 -0.4074
vn -0.8587 -0.3970 -0.3241
vn -0.6160 -0.4519 -0.6452
vn -0.4092 -0.4145 -0.8129
vn -0.4476 -0.3584 -0.8193
vn -0.5732 -0.2705 -0.7735
vn -0.2863 -0.2795 -0.9165
vn -0.9178 -0.3298 0.2212
vn -0.8769 -0.2963 0.3785
vn -0.8759 -0.1504 0.4584
vn -0.9350 -0.1707 0.3110
vn -0.7631 -0.0868 0.6405
vn -0.9324 -0.1066 0.3453
vn -0.8913 0.0538 0.4502
vn -0.5839 0.1207 0.8028
vn -0.9589 -0.0201 0.2829
vn -0.7812 -0.1790 0.5981
vn -0.7273 -0.0810 0.6815
vn -0.6104 0.0451 0.7908
vn -0.4366 -0.2046 -0.8761
vn -0.5860 -0.0974 -0.8044
vn -0.4329 -0.4583 -0.7763
vn -0.6833 -0.4129 -0.6022
vn -0.8283 -0.1089 0.5497
vn -0.6898 -0.2984 0.6596
vn -0.9031 0.0619 0.4250
vn -0.4245 -0.2400 0.8731
vn -0.6990 0.1843 0.6910
vn -0.4734 0.2228 0.8522
vn -0.1746 -0.3942 0.9023
vn -0.5839 0.4428 0.6805
vn -0.1234 -0.8181 0.5616
vn -0.3156 -0.6015 0.7339
vn -0.2515 -0.6511 0.7161
vn -0.5946 -0.2369 0.7683
vn -0.7089 0.1402 0.6913
vn -0.3612 0.1783 0.9153
vn -0.1625 -0.5913 0.7899
vn -0.2344 0.3318 0.9138
vn -0.6191 0.2457 0.7459
vn -0.2225 0.2725 0.9361
vn -0.6621 0.2548 0.7047
vn -0.3083 0.4161 0.8555
vn -0.5554 0.4401 0.7056
vn -0.3884 0.7734 0.5010
vn -0.7828 0.3541 0.5117
vn -0.8822 0.1970 0.4278
vn -0.8691 0.1477 0.4720
vn -0.9407 0.1038 0.3229
vn -0.9700 -0.0075 0.2430
vn -0.9121 0.2092 0.3525
vn -0.2381 -0.5444 0.8043
vn -0.1472 0.1847 0.9717
vn -0.4761 -0.2302 0.8487
vn -0.7215 0.0878 0.6868
vn -0.6454 0.4453 0.6206
vn -0.6440 -0.3981 0.6533
vn -0.2227 -0.6745 0.7039
vn -0.4539 -0.3179 0.8324
vn -0.3074 -0.7011 0.6433
vn -0.3862 -0.5180 0.7633
vn -0.7491 -0.3310 0.5738
vn -0.7283 0.1129 0.6759
vn -0.8144 0.2299 0.5329
vn -0.0518 -0.6740 0.7369
vn 0.0704 -0.9018 0.4265
vn 0.3183 -0.6151 0.7213
vn -0.2144 -0.7106 0.6702
vn -0.0738 -0.7335 0.6757
vn 0.0869 0.8508 0.5182
vn -0.3680 0.4904 0.7900
vn -0.1082 0.8416 0.5292
vn -0.1858 0.8874 0.4220
vn -0.1704 0.6667 0.7256
vn -0.3943 0.5492 0.7368
vn -0.3259 0.0864 0.9415
vn -0.2625 0.3253 0.9084
vn -0.5300 0.5345 0.6583
vn -0.4493 0.3488 0.8225
vn -0.7077 0.5364 0.4598
vn -0.4571 0.4959 0.7383
vn -0.1760 0.8255 0.5362
vn -0.6116 0.3838 0.6919
vn -0.5495 0.1584 0.8204
vn -0.7468 0.3704 0.5523
vn -0.5152 0.5049 0.6926
vn -0.5879 0.0874 0.8042
vn -0.5383 0.1613 0.8271
vn -0.4659 0.2736 0.8415
vn -0.5361 -0.5438 0.6456
vn -0.9667 -0.0575 0.2493
vn -0.9982 -0.0282 0.0536
vn -0.9850 0.0930 0.1456
vn -0.9305 0.3389 0.1391
vn -0.8109 0.5145 0.2788
vn -0.6637 0.7400 -0.1088
vn -0.3983 0.9115 0.1028
vn -0.3762 0.9014 -0.2143
vn -0.2510 0.6772 -0.6916
vn -0.3307 0.8457 -0.4188
vn -0.6622 0.6858 -0.3020
vn -0.9187 0.3871 -0.0787
vn -0.9321 0.2430 -0.2686
vn -0.5712 0.5437 -0.6149
vn -0.2990 0.3495 -0.8880
vn -0.6824 0.2682 -0.6800
vn -0.9166 0.1918 -0.3509
vn -0.3216 -0.0238 -0.9466
vn -0.6322 -0.0061 -0.7748
vn -0.8073 -0.0365 0.5891
vn -0.8342 0.0716 0.5468
vn 0.4853 0.4643 -0.7409
vn -0.2491 0.4113 -0.8768
vn -0.9658 -0.1001 0.2392
vn -0.7300 -0.3320 -0.5974
vn -0.8491 -0.1204 0.5143
vn -0.2780 0.1290 0.9519
vn -0.4068 -0.2221 0.8861
vn -0.5906 -0.1278 0.7968
vn -0.5463 0.1914 0.8154
vn -0.6029 0.1543 0.7828
vn -0.3047 0.0781 0.9492
vn -0.5475 0.1034 0.8304
vn -0.5296 0.0802 0.8444
vn -0.5757 -0.0368 0.8169
vn -0.4850 -0.0575 0.8726
vn -0.7505 -0.0624 0.6579
vn -0.3273 -0.1296 0.9360
vn -0.5515 0.0228 0.8339
vn -0.6208 -0.0820 0.7797
vn -0.6630 -0.1928 0.7234
vn -0.6742 -0.3337 0.6588
vn -0.2424 -0.1229 0.9624
vn -0.4954 -0.0994 0.8629
vn -0.4014 -0.1035 0.9100
vn -0.4254 -0.1292 0.8957
vn -0.5452 -0.1442 0.8258
vn -0.2224 -0.1453 0.9641
vn -0.5322 -0.0498 0.8452
vn -0.4878 -0.1685 0.8565
vn -0.7205 -0.5981 0.3509
vn -0.5208 -0.8445 0.1252
vn -0.8079 -0.1797 0.5613
vn -0.5339 -0.5885 0.6072
vn -0.4705 0.0771 0.8790
vn -0.5523 0.4652 0.6918
vn -0.7685 0.4010 0.4986
vn -0.6349 -0.6890 0.3495
vn -0.4452 -0.7432 0.4994
vn -0.9153 0.2215 0.3364
vn -0.6073 -0.0528 0.7928
vn -0.3650 -0.5897 0.7204
vn -0.2017 -0.7007 0.6843
vn -0.5791 0.1702 0.7973
vn -0.3429 0.4363 0.8319
vn -0.3531 0.7486 0.5611
vn -0.5030 -0.2743 0.8196
vn -0.5028 -0.1887 0.8435
vn -0.3080 -0.4478 0.8394
vn -0.2544 0.1459 0.9560
vn -0.2733 -0.4139 0.8683
vn -0.1370 -0.8748 0.4647
vn -0.2399 0.6501 0.7210
vn -0.2577 -0.7846 0.5640
vn 0.0444 0.9692 -0.2423
vn 0.2174 0.9745 0.0561
vn 0.1158 0.9234 0.3661
vn 0.0084 0.9394 0.3427
vn -0.0885 0.9656 -0.2447
vn -0.0524 0.9572 -0.2848
vn -0.1461 0.9715 0.1866
vt 0.867974 0.255465
vt 0.855594 0.346584
vt 0.810240 0.315586
vt 0.823408 0.241625
vt 0.832732 0.133499
vt 0.873669 0.133443
vt 0.779050 0.218828
vt 0.785314 0.116548
vt 0.732709 0.182355
vt 0.734210 0.079491
vt 0.676098 0.145287
vt 0.681339 0.066142
vt 0.611845 0.106422
vt 0.613184 0.026324
vt 0.500016 0.071353
vt 0.500016 0.000000
vt 0.596708 0.132366
vt 0.500016 0.106957
vt 0.500016 0.132177
vt 0.571816 0.153214
vt 0.552978 0.168622
vt 0.500016 0.154711
vt 0.617673 0.211213
vt 0.592829 0.212614
vt 0.658475 0.212593
vt 0.534485 0.175177
vt 0.500016 0.168632
vt 0.723875 0.251301
vt 0.771615 0.283201
vt 0.754347 0.331347
vt 0.785776 0.344649
vt 0.799566 0.406536
vt 0.775100 0.380796
vt 0.778684 0.411190
vt 0.769796 0.404322
vt 0.787377 0.438091
vt 0.781181 0.446795
vt 0.793921 0.440514
vt 0.758115 0.396080
vt 0.749314 0.490598
vt 0.703308 0.491344
vt 0.712829 0.399241
vt 0.771473 0.495047
vt 0.717683 0.315122
vt 0.817612 0.515491
vt 0.804924 0.507852
vt 0.793287 0.585529
vt 0.791851 0.577489
vt 0.849731 0.628896
vt 0.852451 0.528737
vt 0.846186 0.453563
vt 0.886217 0.437638
vt 0.933211 0.340660
vt 0.944166 0.431430
vt 0.896855 0.531190
vt 0.948677 0.526417
vt 0.677482 0.298026
vt 0.635122 0.286550
vt 0.671949 0.391662
vt 0.636320 0.374917
vt 0.663893 0.470179
vt 0.627462 0.447329
vt 0.650459 0.520118
vt 0.617913 0.494569
vt 0.676524 0.564398
vt 0.605171 0.360388
vt 0.607925 0.281742
vt 0.592444 0.429217
vt 0.928769 0.266226
vt 0.927860 0.136235
vt 1.000016 0.126781
vt 1.000016 0.266066
vt 1.000016 0.292588
vt 1.000016 0.344838
vt 0.934245 0.292678
vt 0.880864 0.296669
vt 0.641479 0.575266
vt 0.645584 0.633439
vt 0.626390 0.606176
vt 0.625586 0.575649
vt 0.620213 0.559409
vt 0.633013 0.543996
vt 0.616928 0.579829
vt 0.612870 0.573256
vt 0.615791 0.593578
vt 0.610633 0.589151
vt 0.597119 0.626941
vt 0.594355 0.609615
vt 0.600270 0.660369
vt 0.562874 0.674896
vt 0.564443 0.637997
vt 0.604351 0.717521
vt 0.559739 0.716243
vt 0.599302 0.744295
vt 0.555823 0.754511
vt 0.595090 0.774102
vt 0.559690 0.790927
vt 0.619310 0.789074
vt 0.569903 0.832618
vt 0.640696 0.735203
vt 0.492332 0.757931
vt 0.500016 0.709820
vt 0.484876 0.797978
vt 0.644779 0.693977
vt 0.706761 0.703354
vt 0.713524 0.637927
vt 0.698296 0.744309
vt 0.528309 0.660181
vt 0.535956 0.633819
vt 0.500016 0.626896
vt 0.515937 0.619295
vt 0.500016 0.587506
vt 0.512846 0.582432
vt 0.500016 0.551201
vt 0.517914 0.541599
vt 0.526831 0.606547
vt 0.537775 0.595704
vt 0.547885 0.614779
vt 0.546153 0.588045
vt 0.558040 0.598609
vt 0.534734 0.573678
vt 0.543466 0.576830
vt 0.524144 0.576566
vt 0.568346 0.619731
vt 0.594349 0.598518
vt 0.603137 0.584653
vt 0.575754 0.579242
vt 0.572390 0.608183
vt 0.597964 0.574393
vt 0.581997 0.569769
vt 0.575566 0.561375
vt 0.596923 0.565448
vt 0.555072 0.565319
vt 0.565662 0.573634
vt 0.552266 0.544142
vt 0.576530 0.538891
vt 0.547179 0.523905
vt 0.578762 0.511494
vt 0.538991 0.555641
vt 0.530502 0.548137
vt 0.544872 0.570733
vt 0.537044 0.508696
vt 0.571988 0.482832
vt 0.512573 0.510023
vt 0.524953 0.484282
vt 0.532649 0.468045
vt 0.612688 0.522432
vt 0.602572 0.546511
vt 0.556383 0.584488
vt 0.743294 0.551270
vt 0.785345 0.663705
vt 0.775353 0.704660
vt 0.767864 0.746138
vt 0.766057 0.810986
vt 0.674929 0.816517
vt 0.652107 0.964169
vt 0.784729 0.915130
vt 0.433593 0.944046
vt 0.473972 0.840196
vt 0.819432 0.986383
vt 0.692290 0.992965
vt 0.960569 0.911019
vt 0.883332 0.852222
vt 0.935224 0.779670
vt 1.000000 0.810200
vt 0.836896 0.784898
vt 0.814515 0.749340
vt 0.832356 0.724433
vt 0.876171 0.742496
vt 0.896273 0.694057
vt 0.951641 0.711673
vt 0.845322 0.698345
vt 0.900350 0.634685
vt 0.950309 0.645712
vt 0.774723 0.560794
vt 0.781857 0.559708
vt 0.785625 0.551221
vt 0.790557 0.554240
vt 0.790828 0.568040
vt 0.798133 0.511606
vt 0.791571 0.501663
vt 0.512422 0.383495
vt 0.529468 0.380458
vt 0.529385 0.412205
vt 0.512420 0.405740
vt 0.515103 0.356649
vt 0.530380 0.351325
vt 0.549421 0.360547
vt 0.552341 0.382029
vt 0.552740 0.326978
vt 0.557602 0.332937
vt 0.556308 0.403736
vt 0.537100 0.440536
vt 0.565356 0.416991
vt 0.583750 0.348753
vt 0.584381 0.276283
vt 0.566192 0.213007
vt 0.548485 0.223035
vt 0.529598 0.200914
vt 0.563018 0.283563
vt 0.552465 0.287649
vt 0.540868 0.246523
vt 0.521824 0.236005
vt 0.565073 0.339206
vt 0.547618 0.295731
vt 0.526185 0.441609
vt 0.517206 0.450172
vt 0.507587 0.436233
vt 0.509553 0.455683
vt 0.507247 0.447394
vt 0.512219 0.470736
vt 0.500016 0.473549
vt 0.500016 0.456348
vt 0.523295 0.461685
vt 0.500016 0.519815
vt 0.500016 0.445620
vt 0.509242 0.420037
vt 0.516159 0.427665
vt 0.500017 0.414356
vt 0.500017 0.400382
vt 0.500017 0.437027
vt 0.530343 0.455794
vt 0.541580 0.328032
vt 0.531687 0.335433
vt 0.515989 0.335905
vt 0.500016 0.356324
vt 0.500016 0.337488
vt 0.500016 0.380119
vt 0.541593 0.306012
vt 0.531782 0.309060
vt 0.532269 0.302938
vt 0.537971 0.269827
vt 0.534341 0.290018
vt 0.518635 0.250028
vt 0.500016 0.247591
vt 0.500016 0.227164
vt 0.500016 0.276138
vt 0.517772 0.277680
vt 0.517731 0.297164
vt 0.500016 0.292399
vt 1.000016 0.525741
vt 1.000016 0.650954
vt 1.000000 0.720750
vt 1.000016 0.426824
vt 0.500016 0.326908
vt 0.517358 0.327760
vt 0.516863 0.305709
vt 0.500016 0.305682
vt 0.500016 0.192952
vt 0.528863 0.324894
vt 0.132058 0.255465
vt 0.176624 0.241625
vt 0.189791 0.315586
vt 0.144438 0.346584
vt 0.126363 0.133443
vt 0.167300 0.133498
vt 0.214718 0.116548
vt 0.220981 0.218828
vt 0.265822 0.079491
vt 0.267323 0.182355
vt 0.318693 0.066142
vt 0.323934 0.145287
vt 0.386848 0.026324
vt 0.388187 0.106422
vt 0.403324 0.132366
vt 0.428216 0.153214
vt 0.447053 0.168622
vt 0.382358 0.211213
vt 0.407203 0.212614
vt 0.341557 0.212593
vt 0.465547 0.175177
vt 0.276156 0.251301
vt 0.228417 0.283201
vt 0.245685 0.331347
vt 0.214256 0.344649
vt 0.200466 0.406529
vt 0.224933 0.380795
vt 0.221346 0.411192
vt 0.230235 0.404317
vt 0.218852 0.446799
vt 0.212654 0.438089
vt 0.206110 0.440508
vt 0.241918 0.396076
vt 0.287203 0.399241
vt 0.296724 0.491344
vt 0.250727 0.490611
vt 0.228566 0.495063
vt 0.282349 0.315122
vt 0.193849 0.509415
vt 0.182422 0.515490
vt 0.206746 0.585529
vt 0.208180 0.577487
vt 0.150301 0.628896
vt 0.147581 0.528737
vt 0.153846 0.453563
vt 0.113814 0.437638
vt 0.055866 0.431430
vt 0.066821 0.340660
vt 0.103177 0.531190
vt 0.051355 0.526417
vt 0.322550 0.298026
vt 0.364910 0.286550
vt 0.363712 0.374917
vt 0.328083 0.391662
vt 0.372570 0.447329
vt 0.336139 0.470179
vt 0.349573 0.520118
vt 0.382119 0.494569
vt 0.323508 0.564398
vt 0.392107 0.281742
vt 0.394861 0.360388
vt 0.407588 0.429217
vt 0.071263 0.266226
vt 0.000016 0.266066
vt 0.000016 0.126781
vt 0.072171 0.136235
vt 0.000016 0.292588
vt 0.065787 0.292678
vt 0.000016 0.344838
vt 0.119168 0.296669
vt 0.358450 0.572972
vt 0.373642 0.606176
vt 0.354448 0.633439
vt 0.374446 0.575649
vt 0.367018 0.543996
vt 0.379819 0.559409
vt 0.383104 0.579829
vt 0.387162 0.573256
vt 0.389399 0.589151
vt 0.384241 0.593578
vt 0.405677 0.609615
vt 0.402913 0.626941
vt 0.399762 0.660369
vt 0.437158 0.674896
vt 0.435589 0.637997
vt 0.436306 0.713772
vt 0.395681 0.717521
vt 0.433127 0.747645
vt 0.394658 0.737306
vt 0.422290 0.777200
vt 0.393737 0.760832
vt 0.405900 0.806636
vt 0.370114 0.770194
vt 0.355930 0.727839
vt 0.355253 0.693977
vt 0.293271 0.703354
vt 0.286507 0.637927
vt 0.301140 0.733999
vt 0.464076 0.633819
vt 0.471723 0.660181
vt 0.484095 0.619295
vt 0.487186 0.582432
vt 0.482118 0.541599
vt 0.473200 0.606547
vt 0.452147 0.614779
vt 0.462257 0.595704
vt 0.441992 0.598609
vt 0.453879 0.588045
vt 0.456566 0.576830
vt 0.465298 0.573678
vt 0.475888 0.576566
vt 0.431686 0.619731
vt 0.405683 0.598518
vt 0.396895 0.584653
vt 0.424277 0.579242
vt 0.427642 0.608183
vt 0.402068 0.574393
vt 0.403109 0.565448
vt 0.424466 0.561375
vt 0.418035 0.569769
vt 0.444960 0.565319
vt 0.434370 0.573634
vt 0.423502 0.538891
vt 0.447766 0.544142
vt 0.452853 0.523905
vt 0.421270 0.511494
vt 0.469529 0.548137
vt 0.461040 0.555641
vt 0.455160 0.570733
vt 0.462988 0.508696
vt 0.428044 0.482832
vt 0.475079 0.484282
vt 0.487458 0.510023
vt 0.467383 0.468045
vt 0.397459 0.546511
vt 0.387344 0.522432
vt 0.443649 0.584488
vt 0.256744 0.551281
vt 0.214687 0.663705
vt 0.227908 0.700620
vt 0.239256 0.736177
vt 0.320614 0.786264
vt 0.249611 0.788332
vt 0.355950 0.851180
vt 0.267669 0.874461
vt 0.268853 0.988996
vt 0.111710 0.944106
vt 0.013171 0.848166
vt 0.086848 0.792425
vt 0.158523 0.851898
vt 0.182689 0.778541
vt 0.195746 0.743081
vt 0.173775 0.721986
vt 0.136741 0.743680
vt 0.055942 0.720667
vt 0.109378 0.696266
vt 0.154710 0.698345
vt 0.049723 0.645712
vt 0.099681 0.634685
vt 0.225314 0.560800
vt 0.218175 0.559707
vt 0.209201 0.568034
vt 0.209470 0.554234
vt 0.214407 0.551221
vt 0.201902 0.511607
vt 0.208458 0.501665
vt 0.487610 0.383495
vt 0.487612 0.405741
vt 0.470646 0.412206
vt 0.470563 0.380458
vt 0.469652 0.351325
vt 0.484929 0.356649
vt 0.447691 0.382029
vt 0.450610 0.360547
vt 0.440302 0.332937
vt 0.445165 0.326978
vt 0.462931 0.440537
vt 0.443724 0.403736
vt 0.434676 0.416991
vt 0.416282 0.348753
vt 0.415650 0.276283
vt 0.433839 0.213007
vt 0.470434 0.200914
vt 0.451546 0.223035
vt 0.459163 0.246523
vt 0.447567 0.287649
vt 0.437014 0.283563
vt 0.478208 0.236005
vt 0.434959 0.339206
vt 0.452414 0.294062
vt 0.473845 0.441610
vt 0.492445 0.436233
vt 0.482825 0.450171
vt 0.492785 0.447392
vt 0.490477 0.455681
vt 0.487813 0.470736
vt 0.476736 0.461685
vt 0.490790 0.420038
vt 0.483872 0.427666
vt 0.469689 0.455794
vt 0.455508 0.322034
vt 0.468345 0.335433
vt 0.484042 0.335905
vt 0.458921 0.301721
vt 0.467763 0.302938
vt 0.468199 0.309151
vt 0.462061 0.269827
vt 0.465691 0.290018
vt 0.481397 0.250028
vt 0.482301 0.297164
vt 0.482260 0.277680
vt 0.000016 0.650954
vt 0.000016 0.525741
vt 0.001109 0.741533
vt 0.000016 0.426824
vt 0.482674 0.327760
vt 0.483169 0.305709
vt 0.470357 0.325097
vt 0.528852 0.319718
vt 0.524138 0.314348
vt 0.515120 0.314413
vt 0.500016 0.314542
vt 0.475748 0.314593
vt 0.472058 0.319146
vt 0.484912 0.314413
s 1
f 3161/2358/3083 3162/2359/3084 3163/2360/3085
f 3161/2358/3083 3163/2360/3085 3164/2361/3086
f 3161/2358/3083 3164/2361/3086 3165/2362/3087
f 3161/2358/3083 3165/2362/3087 3166/2363/3088
f 3164/2361/3086 3167/2364/3089 3168/2365/3090
f 3164/2361/3086 3168/2365/3090 3165/2362/3087
f 3167/2364/3089 3169/2366/3091 3170/2367/3092
f 3167/2364/3089 3170/2367/3092 3168/2365/3090
f 3169/2366/3091 3171/2368/3093 3172/2369/3094
f 3169/2366/3091 3172/2369/3094 3170/2367/3092
f 3171/2368/3093 3173/2370/3095 3174/2371/3096
f 3171/2368/3093 3174/2371/3096 3172/2369/3094
f 3175/2372/3097 3176/2373/3098 3174/2371/3096
f 3175/2372/3097 3174/2371/3096 3173/2370/3095
f 3173/2370/3095 3177/2374/3099 3178/2375/3100
f 3173/2370/3095 3178/2375/3100 3175/2372/3097
f 3179/2376/3101 3178/2375/3100 3177/2374/3099
f 3179/2376/3101 3177/2374/3099 3180/2377/3102
f 3179/2376/3101 3180/2377/3102 3181/2378/3103
f 3179/2376/3101 3181/2378/3103 3182/2379/3104
f 3183/2380/3105 3184/2381/3106 3181/2378/3103
f 3183/2380/3105 3181/2378/3103 3180/2377/3102
f 3177/2374/3099 3185/2382/3107 3183/2380/3105
f 3177/2374/3099 3183/2380/3105 3180/2377/3102
f 3181/2378/3103 3186/2383/3108 3187/2384/3109
f 3181/2378/3103 3187/2384/3109 3182/2379/3104
f 3171/2368/3093 3185/2382/3107 3177/2374/3099
f 3171/2368/3093 3177/2374/3099 3173/2370/3095
f 3171/2368/3093 3169/2366/3091 3188/2385/3110
f 3171/2368/3093 3188/2385/3110 3185/2382/3107
f 3188/2385/3110 3169/2366/3091 3167/2364/3089
f 3188/2385/3110 3167/2364/3089 3189/2386/3111
f 3190/2387/3112 3189/2386/3111 3163/2360/3085
f 3190/2387/3112 3163/2360/3085 3191/2388/3113
f 3192/2389/3114 3193/2390/3115 3191/2388/3113
f 3192/2389/3114 3191/2388/3113 3163/2360/3085
f 3192/2389/3114 3163/2360/3085 3162/2359/3084
f 3163/2360/3085 3189/2386/3111 3167/2364/3089
f 3163/2360/3085 3167/2364/3089 3164/2361/3086
f 3194/2391/3116 3195/2392/3117 3193/2390/3115
f 3195/2392/3117 3194/2391/3116 3196/2393/3118
f 3195/2392/3117 3196/2393/3118 3197/2394/3119
f 3192/2389/3114 3198/2395/3120 3196/2393/3118
f 3192/2389/3114 3196/2393/3118 3194/2391/3116
f 3199/2396/3121 3200/2397/3122 3201/2398/3123
f 3199/2396/3121 3201/2398/3123 3202/2399/3124
f 3200/2397/3122 3199/2396/3121 3195/2392/3117
f 3200/2397/3122 3195/2392/3117 3203/2400/3125
f 3199/2396/3121 3202/2399/3124 3204/2401/3126
f 3199/2396/3121 3204/2401/3126 3190/2387/3112
f 3198/2395/3120 3192/2389/3114 3205/2402/3127
f 3198/2395/3120 3205/2402/3127 3206/2403/3128
f 3207/2404/3129 3208/2405/3130 3206/2403/3128
f 3207/2404/3129 3206/2403/3128 3205/2402/3127
f 3209/2406/3131 3207/2404/3129 3205/2402/3127
f 3209/2406/3131 3205/2402/3127 3210/2407/3132
f 3210/2407/3132 3205/2402/3127 3192/2389/3114
f 3210/2407/3132 3192/2389/3114 3211/2408/3133
f 3162/2359/3084 3212/2409/3134 3211/2408/3133
f 3162/2359/3084 3211/2408/3133 3192/2389/3114
f 3162/2359/3084 3213/2410/3135 3214/2411/3136
f 3162/2359/3084 3214/2411/3136 3212/2409/3134
f 3212/2409/3134 3215/2412/3137 3210/2407/3132
f 3212/2409/3134 3210/2407/3132 3211/2408/3133
f 3216/2413/3138 3215/2412/3137 3212/2409/3134
f 3216/2413/3138 3212/2409/3134 3214/2411/3136
f 3189/2386/3111 3190/2387/3112 3204/2401/3126
f 3189/2386/3111 3204/2401/3126 3188/2385/3110
f 3185/2382/3107 3188/2385/3110 3204/2401/3126
f 3185/2382/3107 3204/2401/3126 3217/2414/3139
f 3217/2414/3139 3218/2415/3140 3183/2380/3105
f 3217/2414/3139 3183/2380/3105 3185/2382/3107
f 3217/2414/3139 3219/2416/3141 3220/2417/3142
f 3217/2414/3139 3220/2417/3142 3218/2415/3140
f 3219/2416/3141 3221/2418/3143 3222/2419/3144
f 3219/2416/3141 3222/2419/3144 3220/2417/3142
f 3223/2420/3145 3224/2421/3146 3222/2419/3144
f 3223/2420/3145 3222/2419/3144 3221/2418/3143
f 3201/2398/3123 3225/2422/3147 3223/2420/3145
f 3201/2398/3123 3223/2420/3145 3221/2418/3143
f 3201/2398/3123 3221/2418/3143 3219/2416/3141
f 3201/2398/3123 3219/2416/3141 3202/2399/3124
f 3220/2417/3142 3226/2423/3148 3227/2424/3149
f 3220/2417/3142 3227/2424/3149 3218/2415/3140
f 3222/2419/3144 3228/2425/3150 3226/2423/3148
f 3222/2419/3144 3226/2423/3148 3220/2417/3142
f 3217/2414/3139 3204/2401/3126 3202/2399/3124
f 3217/2414/3139 3202/2399/3124 3219/2416/3141
f 3218/2415/3140 3227/2424/3149 3184/2381/3106
f 3218/2415/3140 3184/2381/3106 3183/2380/3105
f 3229/2426/3151 3230/2427/3152 3231/2428/3153
f 3229/2426/3151 3231/2428/3153 3232/2429/3154
f 3233/2430/3155 3234/2431/3156 3213/2410/3135
f 3233/2430/3155 3213/2410/3135 3235/2432/3157
f 3230/2427/3152 3229/2426/3151 3161/2358/3083
f 3230/2427/3152 3161/2358/3083 3166/2363/3088
f 3162/2359/3084 3236/2433/3158 3235/2432/3157
f 3162/2359/3084 3235/2432/3157 3213/2410/3135
f 3237/2434/3159 3225/2422/3147 3238/2435/3160
f 3237/2434/3159 3238/2435/3160 3239/2436/3161
f 3240/2437/3162 3241/2438/3163 3242/2439/3164
f 3240/2437/3162 3242/2439/3164 3237/2434/3159
f 3243/2440/3165 3244/2441/3166 3241/2438/3163
f 3243/2440/3165 3241/2438/3163 3240/2437/3162
f 3243/2440/3165 3240/2437/3162 3245/2442/3167
f 3243/2440/3165 3245/2442/3167 3246/2443/3168
f 3239/2436/3161 3247/2444/3169 3248/2445/3170
f 3239/2436/3161 3248/2445/3170 3245/2442/3167
f 3239/2436/3161 3245/2442/3167 3240/2437/3162
f 3239/2436/3161 3240/2437/3162 3237/2434/3159
f 3238/2435/3160 3249/2446/3171 3247/2444/3169
f 3238/2435/3160 3247/2444/3169 3239/2436/3161
f 3250/2447/3172 3251/2448/3173 3247/2444/3169
f 3250/2447/3172 3247/2444/3169 3249/2446/3171
f 3250/2447/3172 3249/2446/3171 3252/2449/3174
f 3250/2447/3172 3252/2449/3174 3253/2450/3175
f 3252/2449/3174 3254/2451/3176 3255/2452/3177
f 3252/2449/3174 3255/2452/3177 3253/2450/3175
f 3254/2451/3176 3256/2453/3178 3257/2454/3179
f 3254/2451/3176 3257/2454/3179 3255/2452/3177
f 3257/2454/3179 3256/2453/3178 3258/2455/3180
f 3257/2454/3179 3258/2455/3180 3259/2456/3181
f 3254/2451/3176 3260/2457/3182 3258/2455/3180
f 3254/2451/3176 3258/2455/3180 3256/2453/3178
f 3255/2452/3177 3261/2458/3183 3262/2459/3184
f 3255/2452/3177 3262/2459/3184 3253/2450/3175
f 3257/2454/3179 3263/2460/3185 3261/2458/3183
f 3257/2454/3179 3261/2458/3183 3255/2452/3177
f 3254/2451/3176 3252/2449/3174 3264/2461/3186
f 3254/2451/3176 3264/2461/3186 3260/2457/3182
f 3265/2462/3187 3264/2461/3186 3238/2435/3160
f 3265/2462/3187 3238/2435/3160 3266/2463/3188
f 3252/2449/3174 3249/2446/3171 3238/2435/3160
f 3252/2449/3174 3238/2435/3160 3264/2461/3186
f 3265/2462/3187 3267/2464/3189 3260/2457/3182
f 3265/2462/3187 3260/2457/3182 3264/2461/3186
f 3250/2447/3172 3268/2465/3190 3269/2466/3191
f 3250/2447/3172 3269/2466/3191 3251/2448/3173
f 3270/2467/3192 3271/2468/3193 3268/2465/3190
f 3270/2467/3192 3268/2465/3190 3262/2459/3184
f 3272/2469/3194 3273/2470/3195 3271/2468/3193
f 3272/2469/3194 3271/2468/3193 3270/2467/3192
f 3272/2469/3194 3274/2471/3196 3275/2472/3197
f 3272/2469/3194 3275/2472/3197 3273/2470/3195
f 3268/2465/3190 3250/2447/3172 3253/2450/3175
f 3268/2465/3190 3253/2450/3175 3262/2459/3184
f 3276/2473/3198 3269/2466/3191 3268/2465/3190
f 3276/2473/3198 3268/2465/3190 3271/2468/3193
f 3276/2473/3198 3277/2474/3199 3278/2475/3200
f 3276/2473/3198 3278/2475/3200 3269/2466/3191
f 3277/2474/3199 3279/2476/3201 3280/2477/3202
f 3277/2474/3199 3280/2477/3202 3278/2475/3200
f 3279/2476/3201 3277/2474/3199 3281/2478/3203
f 3279/2476/3201 3281/2478/3203 3282/2479/3204
f 3276/2473/3198 3283/2480/3205 3281/2478/3203
f 3276/2473/3198 3281/2478/3203 3277/2474/3199
f 3278/2475/3200 3284/2481/3206 3251/2448/3173
f 3278/2475/3200 3251/2448/3173 3269/2466/3191
f 3273/2470/3195 3283/2480/3205 3276/2473/3198
f 3273/2470/3195 3276/2473/3198 3271/2468/3193
f 3248/2445/3170 3247/2444/3169 3251/2448/3173
f 3248/2445/3170 3251/2448/3173 3284/2481/3206
f 3246/2443/3168 3245/2442/3167 3248/2445/3170
f 3246/2443/3168 3248/2445/3170 3285/2482/3207
f 3286/2483/3208 3246/2443/3168 3285/2482/3207
f 3246/2443/3168 3286/2483/3208 3243/2440/3165
f 3285/2482/3207 3287/2484/3209 3286/2483/3208
f 3288/2485/3210 3285/2482/3207 3248/2445/3170
f 3288/2485/3210 3248/2445/3170 3284/2481/3206
f 3243/2440/3165 3286/2483/3208 3244/2441/3166
f 3289/2486/3211 3286/2483/3208 3287/2484/3209
f 3289/2486/3211 3290/2487/3212 3291/2488/3213
f 3289/2486/3211 3291/2488/3213 3292/2489/3214
f 3293/2490/3215 3291/2488/3213 3290/2487/3212
f 3293/2490/3215 3290/2487/3212 3294/2491/3216
f 3293/2490/3215 3295/2492/3217 3296/2493/3218
f 3293/2490/3215 3296/2493/3218 3291/2488/3213
f 3297/2494/3219 3298/2495/3220 3296/2493/3218
f 3297/2494/3219 3296/2493/3218 3295/2492/3217
f 3297/2494/3219 3295/2492/3217 3299/2496/3221
f 3297/2494/3219 3299/2496/3221 3300/2497/3222
f 3299/2496/3221 3295/2492/3217 3293/2490/3215
f 3299/2496/3221 3293/2490/3215 3301/2498/3223
f 3281/2478/3203 3283/2480/3205 3300/2497/3222
f 3281/2478/3203 3300/2497/3222 3299/2496/3221
f 3301/2498/3223 3282/2479/3204 3281/2478/3203
f 3301/2498/3223 3281/2478/3203 3299/2496/3221
f 3302/2499/3224 3303/2500/3225 3298/2495/3220
f 3302/2499/3224 3298/2495/3220 3297/2494/3219
f 3275/2472/3197 3304/2501/3226 3305/2502/3227
f 3275/2472/3197 3305/2502/3227 3302/2499/3224
f 3297/2494/3219 3300/2497/3222 3275/2472/3197
f 3297/2494/3219 3275/2472/3197 3302/2499/3224
f 3302/2499/3224 3306/2503/3228 3303/2500/3225
f 3298/2495/3220 3307/2504/3229 3308/2505/3230
f 3298/2495/3220 3308/2505/3230 3296/2493/3218
f 3298/2495/3220 3303/2500/3225 3224/2421/3146
f 3298/2495/3220 3224/2421/3146 3307/2504/3229
f 3296/2493/3218 3308/2505/3230 3292/2489/3214
f 3296/2493/3218 3292/2489/3214 3291/2488/3213
f 3292/2489/3214 3244/2441/3166 3286/2483/3208
f 3292/2489/3214 3286/2483/3208 3289/2486/3211
f 3308/2505/3230 3241/2438/3163 3244/2441/3166
f 3308/2505/3230 3244/2441/3166 3292/2489/3214
f 3301/2498/3223 3293/2490/3215 3294/2491/3216
f 3301/2498/3223 3294/2491/3216 3309/2506/3231
f 3290/2487/3212 3287/2484/3209 3294/2491/3216
f 3287/2484/3209 3290/2487/3212 3289/2486/3211
f 3287/2484/3209 3288/2485/3210 3280/2477/3202
f 3287/2484/3209 3285/2482/3207 3288/2485/3210
f 3309/2506/3231 3294/2491/3216 3287/2484/3209
f 3309/2506/3231 3282/2479/3204 3301/2498/3223
f 3279/2476/3201 3282/2479/3204 3309/2506/3231
f 3279/2476/3201 3309/2506/3231 3280/2477/3202
f 3280/2477/3202 3309/2506/3231 3287/2484/3209
f 3225/2422/3147 3237/2434/3159 3242/2439/3164
f 3225/2422/3147 3242/2439/3164 3223/2420/3145
f 3242/2439/3164 3307/2504/3229 3224/2421/3146
f 3242/2439/3164 3224/2421/3146 3223/2420/3145
f 3241/2438/3163 3308/2505/3230 3307/2504/3229
f 3241/2438/3163 3307/2504/3229 3242/2439/3164
f 3225/2422/3147 3310/2507/3232 3266/2463/3188
f 3225/2422/3147 3266/2463/3188 3238/2435/3160
f 3207/2404/3129 3311/2508/3233 3266/2463/3188
f 3207/2404/3129 3266/2463/3188 3310/2507/3232
f 3312/2509/3234 3265/2462/3187 3266/2463/3188
f 3312/2509/3234 3266/2463/3188 3311/2508/3233
f 3313/2510/3235 3267/2464/3189 3265/2462/3187
f 3313/2510/3235 3265/2462/3187 3312/2509/3234
f 3313/2510/3235 3314/2511/3236 3315/2512/3237
f 3313/2510/3235 3315/2512/3237 3267/2464/3189
f 3316/2513/3238 3315/2512/3237 3314/2511/3236
f 3316/2513/3238 3314/2511/3236 3317/2514/3239
f 3318/2515/3240 3319/2516/3241 3259/2456/3181
f 3318/2515/3240 3259/2456/3181 3316/2513/3238
f 3320/2517/3242 3318/2518/3240 3316/2513/3238
f 3320/2517/3242 3316/2513/3238 3317/2514/3239
f 3321/2519/3243 3322/2520/3244 3323/2521/3245
f 3321/2519/3243 3323/2521/3245 3324/2522/3246
f 3322/2520/3244 3321/2519/3243 3320/2517/3242
f 3322/2520/3244 3320/2517/3242 3317/2514/3239
f 3259/2456/3181 3258/2455/3180 3315/2512/3237
f 3259/2456/3181 3315/2512/3237 3316/2513/3238
f 3267/2464/3189 3315/2512/3237 3258/2455/3180
f 3267/2464/3189 3258/2455/3180 3260/2457/3182
f 3322/2520/3244 3317/2514/3239 3314/2511/3236
f 3322/2520/3244 3314/2511/3236 3325/2523/3247
f 3313/2510/3235 3326/2524/3248 3325/2523/3247
f 3313/2510/3235 3325/2523/3247 3314/2511/3236
f 3312/2509/3234 3327/2525/3249 3326/2524/3248
f 3312/2509/3234 3326/2524/3248 3313/2510/3235
f 3327/2525/3249 3328/2526/3250 3325/2523/3247
f 3327/2525/3249 3325/2523/3247 3326/2524/3248
f 3328/2526/3250 3323/2521/3245 3322/2520/3244
f 3328/2526/3250 3322/2520/3244 3325/2523/3247
f 3328/2526/3250 3329/2527/3251 3330/2528/3252
f 3328/2526/3250 3330/2528/3252 3323/2521/3245
f 3331/2529/3253 3329/2527/3251 3328/2526/3250
f 3331/2529/3253 3328/2526/3250 3327/2525/3249
f 3330/2528/3252 3329/2527/3251 3332/2530/3254
f 3330/2528/3252 3332/2530/3254 3333/2531/3255
f 3209/2406/3131 3332/2530/3254 3329/2527/3251
f 3209/2406/3131 3329/2527/3251 3331/2529/3253
f 3311/2508/3233 3331/2529/3253 3327/2525/3249
f 3311/2508/3233 3327/2525/3249 3312/2509/3234
f 3209/2406/3131 3331/2529/3253 3311/2508/3233
f 3209/2406/3131 3311/2508/3233 3207/2404/3129
f 3334/2532/3256 3208/2405/3130 3207/2404/3129
f 3334/2532/3256 3207/2404/3129 3310/2507/3232
f 3335/2533/3257 3336/2534/3258 3337/2535/3259
f 3335/2533/3257 3337/2535/3259 3338/2536/3260
f 3339/2537/3261 3337/2535/3259 3336/2534/3258
f 3339/2537/3261 3336/2534/3258 3340/2538/3262
f 3206/2403/3128 3338/2536/3260 3337/2535/3259
f 3206/2403/3128 3337/2535/3259 3339/2537/3261
f 3339/2537/3261 3196/2393/3118 3198/2395/3120
f 3339/2537/3261 3198/2395/3120 3206/2403/3128
f 3340/2538/3262 3197/2394/3119 3196/2393/3118
f 3340/2538/3262 3196/2393/3118 3339/2537/3261
f 3203/2400/3125 3195/2392/3117 3197/2394/3119
f 3203/2400/3125 3197/2394/3119 3340/2538/3262
f 3335/2533/3257 3340/2538/3262 3336/2534/3258
f 3203/2400/3125 3334/2532/3256 3310/2507/3232
f 3203/2400/3125 3310/2507/3232 3200/2397/3122
f 3225/2422/3147 3201/2398/3123 3200/2397/3122
f 3225/2422/3147 3200/2397/3122 3310/2507/3232
f 3341/2539/3263 3342/2540/3264 3343/2541/3265
f 3341/2539/3263 3343/2541/3265 3344/2542/3266
f 3342/2540/3264 3341/2539/3263 3345/2543/3267
f 3342/2540/3264 3345/2543/3267 3346/2544/3268
f 3343/2541/3265 3342/2540/3264 3347/2545/3269
f 3343/2541/3265 3347/2545/3269 3348/2546/3270
f 3348/2546/3270 3347/2545/3269 3349/2547/3271
f 3348/2546/3270 3349/2547/3271 3350/2548/3272
f 3348/2546/3270 3351/2549/3273 3352/2550/3274
f 3348/2546/3270 3352/2550/3274 3343/2541/3265
f 3351/2549/3273 3353/2551/3275 3306/2503/3228
f 3351/2549/3273 3306/2503/3228 3352/2550/3274
f 3353/2551/3275 3228/2425/3150 3303/2500/3225
f 3353/2551/3275 3303/2500/3225 3306/2503/3228
f 3353/2551/3275 3354/2552/3276 3226/2423/3148
f 3353/2551/3275 3226/2423/3148 3228/2425/3150
f 3227/2424/3149 3226/2423/3148 3354/2552/3276
f 3227/2424/3149 3354/2552/3276 3355/2553/3277
f 3184/2381/3106 3227/2424/3149 3355/2553/3277
f 3184/2381/3106 3355/2553/3277 3356/2554/3278
f 3356/2554/3278 3186/2383/3108 3181/2378/3103
f 3356/2554/3278 3181/2378/3103 3184/2381/3106
f 3186/2383/3108 3356/2554/3278 3357/2555/3279
f 3186/2383/3108 3357/2555/3279 3358/2556/3280
f 3357/2555/3279 3359/2557/3281 3360/2558/3282
f 3357/2555/3279 3360/2558/3282 3361/2559/3283
f 3356/2554/3278 3355/2553/3277 3359/2557/3281
f 3356/2554/3278 3359/2557/3281 3357/2555/3279
f 3358/2556/3280 3357/2555/3279 3361/2559/3283
f 3358/2556/3280 3361/2559/3283 3362/2560/3284
f 3363/2561/3285 3359/2557/3281 3355/2553/3277
f 3363/2561/3285 3355/2553/3277 3354/2552/3276
f 3359/2557/3281 3363/2561/3285 3350/2548/3272
f 3359/2557/3281 3350/2548/3272 3360/2558/3282
f 3349/2547/3271 3364/2562/3286 3360/2558/3282
f 3349/2547/3271 3360/2558/3282 3350/2548/3272
f 3363/2561/3285 3351/2549/3273 3348/2546/3270
f 3363/2561/3285 3348/2546/3270 3350/2548/3272
f 3351/2549/3273 3363/2561/3285 3354/2552/3276
f 3351/2549/3273 3354/2552/3276 3353/2551/3275
f 3352/2550/3274 3365/2563/3287 3343/2541/3265
f 3365/2563/3287 3366/2564/3288 3367/2565/3289
f 3366/2564/3288 3368/2566/3290 3369/2567/3291
f 3366/2564/3288 3369/2567/3291 3367/2565/3289
f 3370/2568/3292 3371/2569/3293 3372/2570/3294
f 3370/2568/3292 3372/2570/3294 3368/2566/3290
f 3370/2568/3292 3368/2566/3290 3366/2564/3288
f 3370/2568/3292 3366/2564/3288 3373/2571/3295
f 3304/2501/3226 3374/2572/3296 3371/2569/3293
f 3304/2501/3226 3371/2569/3293 3370/2568/3292
f 3370/2568/3292 3373/2571/3295 3305/2502/3227
f 3370/2568/3292 3305/2502/3227 3304/2501/3226
f 3368/2566/3290 3372/2570/3294 3375/2573/3297
f 3368/2566/3290 3375/2573/3297 3369/2567/3291
f 3376/2574/3298 3377/2575/3299 3367/2565/3289
f 3376/2574/3298 3378/2576/3300 3379/2577/3301
f 3376/2574/3298 3379/2577/3301 3344/2542/3266
f 3376/2574/3298 3367/2565/3289 3380/2578/3302
f 3376/2574/3298 3380/2578/3302 3378/2576/3300
f 3344/2542/3266 3343/2541/3265 3377/2575/3299
f 3344/2542/3266 3377/2575/3299 3376/2574/3298
f 3369/2567/3291 3375/2573/3297 3380/2578/3302
f 3369/2567/3291 3380/2578/3302 3367/2565/3289
f 3366/2564/3288 3365/2563/3287 3381/2579/3303
f 3366/2564/3288 3381/2579/3303 3373/2571/3295
f 3305/2502/3227 3373/2571/3295 3381/2579/3303
f 3305/2502/3227 3381/2579/3303 3306/2503/3228
f 3381/2579/3303 3352/2550/3274 3306/2503/3228
f 3383/2580/3304 3349/2547/3271 3347/2545/3269
f 3346/2544/3268 3384/2581/3305 3383/2580/3304
f 3342/2540/3264 3346/2544/3268 3383/2580/3304
f 3342/2540/3264 3383/2580/3304 3347/2545/3269
f 3345/2543/3267 3385/2582/3306 3384/2581/3305
f 3345/2543/3267 3384/2581/3305 3346/2544/3268
f 3345/2543/3267 3386/2583/3307 3387/2584/3308
f 3345/2543/3267 3387/2584/3308 3385/2582/3306
f 3341/2539/3263 3388/2585/3309 3386/2583/3307
f 3341/2539/3263 3386/2583/3307 3345/2543/3267
f 3382/2586/3310 3389/2587/3311 3390/2588/3312
f 3364/2562/3286 3349/2547/3271 3382/2586/3310
f 3392/2589/3313 3364/2562/3286 3382/2586/3310
f 3392/2589/3313 3382/2586/3310 3393/2590/3314
f 3392/2589/3313 3394/2591/3315 3362/2560/3284
f 3392/2589/3313 3362/2560/3284 3361/2559/3283
f 3395/2592/3316 3396/2593/3317 3362/2560/3284
f 3395/2592/3316 3362/2560/3284 3394/2591/3315
f 3397/2594/3318 3398/2595/3319 3399/2596/3320
f 3397/2594/3318 3399/2596/3320 3400/2597/3321
f 3398/2595/3319 3397/2594/3318 3395/2592/3316
f 3398/2595/3319 3395/2592/3316 3394/2591/3315
f 3394/2591/3315 3392/2589/3313 3393/2590/3314
f 3394/2591/3315 3393/2590/3314 3398/2595/3319
f 3399/2596/3320 3398/2595/3319 3393/2590/3314
f 3399/2596/3320 3393/2590/3314 3390/2588/3312
f 3382/2586/3310 3390/2588/3312 3393/2590/3314
f 3364/2562/3286 3392/2589/3313 3361/2559/3283
f 3364/2562/3286 3361/2559/3283 3360/2558/3282
f 3344/2542/3266 3379/2577/3301 3388/2585/3309
f 3344/2542/3266 3388/2585/3309 3341/2539/3263
f 3216/2413/3138 3401/2598/3322 3402/2599/3323
f 3216/2413/3138 3402/2599/3323 3333/2531/3255
f 3402/2599/3323 3403/2600/3324 3330/2528/3252
f 3402/2599/3323 3330/2528/3252 3333/2531/3255
f 3404/2601/3325 3401/2598/3322 3216/2413/3138
f 3404/2601/3325 3216/2413/3138 3214/2411/3136
f 3214/2411/3136 3213/2410/3135 3234/2431/3156
f 3214/2411/3136 3234/2431/3156 3404/2601/3325
f 3215/2412/3137 3216/2413/3138 3333/2531/3255
f 3215/2412/3137 3333/2531/3255 3332/2530/3254
f 3332/2530/3254 3209/2406/3131 3210/2407/3132
f 3332/2530/3254 3210/2407/3132 3215/2412/3137
f 3303/2500/3225 3228/2425/3150 3222/2419/3144
f 3303/2500/3225 3222/2419/3144 3224/2421/3146
f 3385/2582/3306 3387/2584/3308 3405/2602/3326
f 3385/2582/3306 3405/2602/3326 3406/2603/3327
f 3304/2501/3226 3275/2472/3197 3274/2471/3196
f 3304/2501/3226 3274/2471/3196 3374/2572/3296
f 3275/2472/3197 3300/2497/3222 3283/2480/3205
f 3275/2472/3197 3283/2480/3205 3273/2470/3195
f 3278/2475/3200 3280/2477/3202 3288/2485/3210
f 3278/2475/3200 3288/2485/3210 3284/2481/3206
f 3389/2587/3311 3391/2604/3328 3399/2596/3320
f 3389/2587/3311 3399/2596/3320 3390/2588/3312
f 3399/2596/3320 3391/2604/3328 3407/2605/3329
f 3399/2596/3320 3407/2605/3329 3400/2597/3321
f 3187/2384/3109 3186/2383/3108 3358/2556/3280
f 3187/2384/3109 3358/2556/3280 3408/2606/3330
f 3257/2454/3179 3259/2456/3181 3319/2516/3241
f 3257/2454/3179 3319/2516/3241 3263/2460/3185
f 3403/2600/3324 3324/2522/3246 3323/2521/3245
f 3403/2600/3324 3323/2521/3245 3330/2528/3252
f 3358/2556/3280 3362/2560/3284 3396/2593/3317
f 3358/2556/3280 3396/2593/3317 3408/2606/3330
f 3365/2563/3287 3367/2565/3289 3377/2575/3299
f 3302/2499/3224 3305/2502/3227 3306/2503/3228
f 3206/2403/3128 3208/2405/3130 3338/2536/3260
f 3208/2405/3130 3335/2533/3257 3338/2536/3260
f 3334/2532/3256 3203/2400/3125 3340/2538/3262
f 3334/2532/3256 3340/2538/3262 3335/2533/3257
f 3162/2359/3084 3161/2358/3083 3236/2433/3158
f 3232/2429/3154 3233/2430/3155 3235/2432/3157
f 3232/2429/3154 3235/2432/3157 3229/2426/3151
f 3236/2433/3158 3161/2358/3083 3229/2426/3151
f 3236/2433/3158 3229/2426/3151 3235/2432/3157
f 3193/2390/3115 3195/2392/3117 3199/2396/3121
f 3191/2388/3113 3193/2390/3115 3199/2396/3121
f 3191/2388/3113 3199/2396/3121 3190/2387/3112
f 3194/2391/3116 3193/2390/3115 3192/2389/3114
f 3343/2541/3265 3365/2563/3287 3377/2575/3299
f 3383/2580/3304 3384/2581/3305 3409/2607/3331
f 3383/2580/3304 3409/2607/3331 3382/2586/3310
f 3406/2603/3327 3409/2607/3331 3384/2581/3305
f 3406/2603/3327 3384/2581/3305 3385/2582/3306
f 3410/2608/3332 3411/2609/3333 3412/2610/3334
f 3410/2608/3332 3412/2610/3334 3413/2611/3335
f 3410/2608/3332 3414/2612/3336 3415/2613/3337
f 3410/2608/3332 3415/2613/3337 3411/2609/3333
f 3411/2609/3333 3415/2613/3337 3416/2614/3338
f 3411/2609/3333 3416/2614/3338 3417/2615/3339
f 3417/2615/3339 3416/2614/3338 3418/2616/3340
f 3417/2615/3339 3418/2616/3340 3419/2617/3341
f 3419/2617/3341 3418/2616/3340 3420/2618/3342
f 3419/2617/3341 3420/2618/3342 3421/2619/3343
f 3421/2619/3343 3420/2618/3342 3422/2620/3344
f 3421/2619/3343 3422/2620/3344 3423/2621/3345
f 3175/2372/3097 3423/2621/3345 3422/2620/3344
f 3175/2372/3097 3422/2620/3344 3176/2373/3098
f 3423/2621/3345 3175/2372/3097 3178/2375/3100
f 3423/2621/3345 3178/2375/3100 3424/2622/3346
f 3179/2376/3101 3425/2623/3347 3424/2622/3346
f 3179/2376/3101 3424/2622/3346 3178/2375/3100
f 3179/2376/3101 3182/2379/3104 3426/2624/3348
f 3179/2376/3101 3426/2624/3348 3425/2623/3347
f 3427/2625/3349 3425/2623/3347 3426/2624/3348
f 3427/2625/3349 3426/2624/3348 3428/2626/3350
f 3424/2622/3346 3425/2623/3347 3427/2625/3349
f 3424/2622/3346 3427/2625/3349 3429/2627/3351
f 3426/2624/3348 3182/2379/3104 3187/2384/3109
f 3426/2624/3348 3187/2384/3109 3430/2628/3352
f 3421/2619/3343 3423/2621/3345 3424/2622/3346
f 3421/2619/3343 3424/2622/3346 3429/2627/3351
f 3421/2619/3343 3429/2627/3351 3431/2629/3353
f 3421/2619/3343 3431/2629/3353 3419/2617/3341
f 3431/2629/3353 3432/2630/3354 3417/2615/3339
f 3431/2629/3353 3417/2615/3339 3419/2617/3341
f 3433/2631/3355 3434/2632/3356 3412/2610/3334
f 3433/2631/3355 3412/2610/3334 3432/2630/3354
f 3435/2633/3357 3434/2632/3356 3436/2634/3358
f 3435/2633/3357 3413/2611/3335 3412/2610/3334
f 3435/2633/3357 3412/2610/3334 3434/2632/3356
f 3412/2610/3334 3411/2609/3333 3417/2615/3339
f 3412/2610/3334 3417/2615/3339 3432/2630/3354
f 3437/2635/3359 3436/2634/3358 3438/2636/3360
f 3438/2636/3360 3439/2637/3361 3440/2638/3362
f 3438/2636/3360 3440/2638/3362 3437/2635/3359
f 3435/2633/3357 3437/2635/3359 3440/2638/3362
f 3435/2633/3357 3440/2638/3362 3441/2639/3363
f 3442/2640/3364 3443/2641/3365 3444/2642/3366
f 3442/2640/3364 3444/2642/3366 3445/2643/3367
f 3445/2643/3367 3446/2644/3368 3438/2636/3360
f 3445/2643/3367 3438/2636/3360 3442/2640/3364
f 3442/2640/3364 3433/2631/3355 3447/2645/3369
f 3442/2640/3364 3447/2645/3369 3443/2641/3365
f 3441/2639/3363 3448/2646/3370 3449/2647/3371
f 3441/2639/3363 3449/2647/3371 3435/2633/3357
f 3450/2648/3372 3449/2647/3371 3448/2646/3370
f 3450/2648/3372 3448/2646/3370 3451/2649/3373
f 3452/2650/3374 3453/2651/3375 3449/2647/3371
f 3452/2650/3374 3449/2647/3371 3450/2648/3372
f 3453/2651/3375 3454/2652/3376 3435/2633/3357
f 3453/2651/3375 3435/2633/3357 3449/2647/3371
f 3413/2611/3335 3435/2633/3357 3454/2652/3376
f 3413/2611/3335 3454/2652/3376 3455/2653/3377
f 3413/2611/3335 3455/2653/3377 3456/2654/3378
f 3413/2611/3335 3456/2654/3378 3457/2655/3379
f 3455/2653/3377 3454/2652/3376 3453/2651/3375
f 3455/2653/3377 3453/2651/3375 3458/2656/3380
f 3459/2657/3381 3456/2654/3378 3455/2653/3377
f 3459/2657/3381 3455/2653/3377 3458/2656/3380
f 3432/2630/3354 3431/2629/3353 3447/2645/3369
f 3432/2630/3354 3447/2645/3369 3433/2631/3355
f 3429/2627/3351 3460/2658/3382 3447/2645/3369
f 3429/2627/3351 3447/2645/3369 3431/2629/3353
f 3460/2658/3382 3429/2627/3351 3427/2625/3349
f 3460/2658/3382 3427/2625/3349 3461/2659/3383
f 3460/2658/3382 3461/2659/3383 3462/2660/3384
f 3460/2658/3382 3462/2660/3384 3463/2661/3385
f 3463/2661/3385 3462/2660/3384 3464/2662/3386
f 3463/2661/3385 3464/2662/3386 3465/2663/3387
f 3466/2664/3388 3465/2663/3387 3464/2662/3386
f 3466/2664/3388 3464/2662/3386 3467/2665/3389
f 3444/2642/3366 3465/2663/3387 3466/2664/3388
f 3444/2642/3366 3466/2664/3388 3468/2666/3390
f 3444/2642/3366 3443/2641/3365 3463/2661/3385
f 3444/2642/3366 3463/2661/3385 3465/2663/3387
f 3462/2660/3384 3461/2659/3383 3469/2667/3391
f 3462/2660/3384 3469/2667/3391 3470/2668/3392
f 3464/2662/3386 3462/2660/3384 3470/2668/3392
f 3464/2662/3386 3470/2668/3392 3471/2669/3393
f 3460/2658/3382 3463/2661/3385 3443/2641/3365
f 3460/2658/3382 3443/2641/3365 3447/2645/3369
f 3461/2659/3383 3427/2625/3349 3428/2626/3350
f 3461/2659/3383 3428/2626/3350 3469/2667/3391
f 3472/2670/3394 3232/2671/3154 3231/2672/3153
f 3472/2670/3394 3231/2672/3153 3473/2673/3395
f 3233/2674/3155 3474/2675/3396 3457/2655/3379
f 3233/2674/3155 3457/2655/3379 3234/2676/3156
f 3473/2673/3395 3414/2612/3336 3410/2608/3332
f 3473/2673/3395 3410/2608/3332 3472/2670/3394
f 3413/2611/3335 3457/2655/3379 3474/2675/3396
f 3413/2611/3335 3474/2675/3396 3475/2677/3397
f 3476/2678/3398 3477/2679/3399 3478/2680/3400
f 3476/2678/3398 3478/2680/3400 3468/2666/3390
f 3479/2681/3401 3476/2678/3398 3480/2682/3402
f 3479/2681/3401 3480/2682/3402 3481/2683/3403
f 3482/2684/3404 3479/2681/3401 3481/2683/3403
f 3482/2684/3404 3481/2683/3403 3483/2685/3405
f 3482/2684/3404 3484/2686/3406 3485/2687/3407
f 3482/2684/3404 3485/2687/3407 3479/2681/3401
f 3477/2679/3399 3485/2687/3407 3486/2688/3408
f 3477/2679/3399 3486/2688/3408 3487/2689/3409
f 3477/2679/3399 3476/2678/3398 3479/2681/3401
f 3477/2679/3399 3479/2681/3401 3485/2687/3407
f 3478/2680/3400 3477/2679/3399 3487/2689/3409
f 3478/2680/3400 3487/2689/3409 3488/2690/3410
f 3489/2691/3411 3488/2690/3410 3487/2689/3409
f 3489/2691/3411 3487/2689/3409 3490/2692/3412
f 3489/2691/3411 3491/2693/3413 3492/2694/3414
f 3489/2691/3411 3492/2694/3414 3488/2690/3410
f 3492/2694/3414 3491/2693/3413 3493/2695/3415
f 3492/2694/3414 3493/2695/3415 3494/2696/3416
f 3494/2696/3416 3493/2695/3415 3495/2697/3417
f 3494/2696/3416 3495/2697/3417 3496/2698/3418
f 3495/2697/3417 3497/2699/3419 3498/2700/3420
f 3495/2697/3417 3498/2700/3420 3496/2698/3418
f 3494/2696/3416 3496/2698/3418 3498/2700/3420
f 3494/2696/3416 3498/2700/3420 3499/2701/3421
f 3493/2695/3415 3491/2693/3413 3262/2459/3184
f 3493/2695/3415 3262/2459/3184 3261/2458/3183
f 3495/2697/3417 3493/2695/3415 3261/2458/3183
f 3495/2697/3417 3261/2458/3183 3263/2460/3185
f 3494/2696/3416 3499/2701/3421 3500/2702/3422
f 3494/2696/3416 3500/2702/3422 3492/2694/3414
f 3501/2703/3423 3502/2704/3424 3478/2680/3400
f 3501/2703/3423 3478/2680/3400 3500/2702/3422
f 3492/2694/3414 3500/2702/3422 3478/2680/3400
f 3492/2694/3414 3478/2680/3400 3488/2690/3410
f 3501/2703/3423 3500/2702/3422 3499/2701/3421
f 3501/2703/3423 3499/2701/3421 3503/2705/3425
f 3489/2691/3411 3490/2692/3412 3504/2706/3426
f 3489/2691/3411 3504/2706/3426 3505/2707/3427
f 3270/2467/3192 3262/2459/3184 3505/2707/3427
f 3270/2467/3192 3505/2707/3427 3506/2708/3428
f 3272/2469/3194 3270/2467/3192 3506/2708/3428
f 3272/2469/3194 3506/2708/3428 3507/2709/3429
f 3272/2469/3194 3507/2709/3429 3508/2710/3430
f 3272/2469/3194 3508/2710/3430 3274/2471/3196
f 3505/2707/3427 3262/2459/3184 3491/2693/3413
f 3505/2707/3427 3491/2693/3413 3489/2691/3411
f 3509/2711/3431 3506/2708/3428 3505/2707/3427
f 3509/2711/3431 3505/2707/3427 3504/2706/3426
f 3509/2711/3431 3504/2706/3426 3510/2712/3432
f 3509/2711/3431 3510/2712/3432 3511/2713/3433
f 3511/2713/3433 3510/2712/3432 3512/2714/3434
f 3511/2713/3433 3512/2714/3434 3513/2715/3435
f 3513/2715/3435 3514/2716/3436 3515/2717/3437
f 3513/2715/3435 3515/2717/3437 3511/2713/3433
f 3509/2711/3431 3511/2713/3433 3515/2717/3437
f 3509/2711/3431 3515/2717/3437 3516/2718/3438
f 3510/2712/3432 3504/2706/3426 3490/2692/3412
f 3510/2712/3432 3490/2692/3412 3517/2719/3439
f 3507/2709/3429 3506/2708/3428 3509/2711/3431
f 3507/2709/3429 3509/2711/3431 3516/2718/3438
f 3486/2688/3408 3517/2719/3439 3490/2692/3412
f 3486/2688/3408 3490/2692/3412 3487/2689/3409
f 3484/2686/3406 3518/2720/3440 3486/2688/3408
f 3484/2686/3406 3486/2688/3408 3485/2687/3407
f 3519/2721/3441 3518/2720/3440 3484/2686/3406
f 3484/2686/3406 3482/2684/3404 3519/2721/3441
f 3518/2720/3440 3519/2721/3441 3520/2722/3442
f 3521/2723/3443 3517/2719/3439 3486/2688/3408
f 3521/2723/3443 3486/2688/3408 3518/2720/3440
f 3482/2684/3404 3483/2685/3405 3519/2721/3441
f 3522/2724/3444 3520/2722/3442 3519/2721/3441
f 3522/2724/3444 3523/2725/3445 3524/2726/3446
f 3522/2724/3444 3524/2726/3446 3525/2727/3447
f 3526/2728/3448 3527/2729/3449 3525/2727/3447
f 3526/2728/3448 3525/2727/3447 3524/2726/3446
f 3526/2728/3448 3524/2726/3446 3528/2730/3450
f 3526/2728/3448 3528/2730/3450 3529/2731/3451
f 3530/2732/3452 3529/2731/3451 3528/2730/3450
f 3530/2732/3452 3528/2730/3450 3531/2733/3453
f 3530/2732/3452 3532/2734/3454 3533/2735/3455
f 3530/2732/3452 3533/2735/3455 3529/2731/3451
f 3533/2735/3455 3534/2736/3456 3526/2728/3448
f 3533/2735/3455 3526/2728/3448 3529/2731/3451
f 3515/2717/3437 3533/2735/3455 3532/2734/3454
f 3515/2717/3437 3532/2734/3454 3516/2718/3438
f 3534/2736/3456 3533/2735/3455 3515/2717/3437
f 3534/2736/3456 3515/2717/3437 3514/2716/3436
f 3535/2737/3457 3530/2732/3452 3531/2733/3453
f 3535/2737/3457 3531/2733/3453 3536/2738/3458
f 3508/2710/3430 3535/2737/3457 3537/2739/3459
f 3508/2710/3430 3537/2739/3459 3538/2740/3460
f 3530/2732/3452 3535/2737/3457 3508/2710/3430
f 3530/2732/3452 3508/2710/3430 3532/2734/3454
f 3535/2737/3457 3536/2738/3458 3539/2741/3461
f 3531/2733/3453 3528/2730/3450 3540/2742/3462
f 3531/2733/3453 3540/2742/3462 3541/2743/3463
f 3531/2733/3453 3541/2743/3463 3467/2665/3389
f 3531/2733/3453 3467/2665/3389 3536/2738/3458
f 3528/2730/3450 3524/2726/3446 3523/2725/3445
f 3528/2730/3450 3523/2725/3445 3540/2742/3462
f 3523/2725/3445 3522/2724/3444 3519/2721/3441
f 3523/2725/3445 3519/2721/3441 3483/2685/3405
f 3540/2742/3462 3523/2725/3445 3483/2685/3405
f 3540/2742/3462 3483/2685/3405 3481/2683/3403
f 3534/2736/3456 3542/2744/3464 3527/2729/3449
f 3534/2736/3456 3527/2729/3449 3526/2728/3448
f 3525/2727/3447 3527/2729/3449 3520/2722/3442
f 3520/2722/3442 3522/2724/3444 3525/2727/3447
f 3520/2722/3442 3512/2714/3434 3521/2723/3443
f 3520/2722/3442 3521/2723/3443 3518/2720/3440
f 3542/2744/3464 3520/2722/3442 3527/2729/3449
f 3542/2744/3464 3534/2736/3456 3514/2716/3436
f 3513/2715/3435 3542/2744/3464 3514/2716/3436
f 3513/2715/3435 3512/2714/3434 3542/2744/3464
f 3512/2714/3434 3520/2722/3442 3542/2744/3464
f 3468/2666/3390 3466/2664/3388 3480/2682/3402
f 3468/2666/3390 3480/2682/3402 3476/2678/3398
f 3480/2682/3402 3466/2664/3388 3467/2665/3389
f 3480/2682/3402 3467/2665/3389 3541/2743/3463
f 3481/2683/3403 3480/2682/3402 3541/2743/3463
f 3481/2683/3403 3541/2743/3463 3540/2742/3462
f 3468/2666/3390 3478/2680/3400 3502/2704/3424
f 3468/2666/3390 3502/2704/3424 3543/2745/3465
f 3450/2648/3372 3543/2745/3465 3502/2704/3424
f 3450/2648/3372 3502/2704/3424 3544/2746/3466
f 3545/2747/3467 3544/2746/3466 3502/2704/3424
f 3545/2747/3467 3502/2704/3424 3501/2703/3423
f 3546/2748/3468 3545/2747/3467 3501/2703/3423
f 3546/2748/3468 3501/2703/3423 3503/2705/3425
f 3546/2748/3468 3503/2705/3425 3547/2749/3469
f 3546/2748/3468 3547/2749/3469 3548/2750/3470
f 3549/2751/3471 3550/2752/3472 3548/2750/3470
f 3549/2751/3471 3548/2750/3470 3547/2749/3469
f 3318/2515/3240 3549/2751/3471 3497/2699/3419
f 3318/2515/3240 3497/2699/3419 3319/2516/3241
f 3320/2753/3242 3550/2752/3472 3549/2751/3471
f 3320/2753/3242 3549/2751/3471 3318/2515/3240
f 3321/2754/3243 3324/2755/3246 3551/2756/3473
f 3321/2754/3243 3551/2756/3473 3552/2757/3474
f 3552/2757/3474 3550/2752/3472 3320/2753/3242
f 3552/2757/3474 3320/2753/3242 3321/2754/3243
f 3497/2699/3419 3549/2751/3471 3547/2749/3469
f 3497/2699/3419 3547/2749/3469 3498/2700/3420
f 3503/2705/3425 3499/2701/3421 3498/2700/3420
f 3503/2705/3425 3498/2700/3420 3547/2749/3469
f 3552/2757/3474 3553/2758/3475 3548/2750/3470
f 3552/2757/3474 3548/2750/3470 3550/2752/3472
f 3546/2748/3468 3548/2750/3470 3553/2758/3475
f 3546/2748/3468 3553/2758/3475 3554/2759/3476
f 3545/2747/3467 3546/2748/3468 3554/2759/3476
f 3545/2747/3467 3554/2759/3476 3555/2760/3477
f 3555/2760/3477 3554/2759/3476 3553/2758/3475
f 3555/2760/3477 3553/2758/3475 3556/2761/3478
f 3556/2761/3478 3553/2758/3475 3552/2757/3474
f 3556/2761/3478 3552/2757/3474 3551/2756/3473
f 3556/2761/3478 3551/2756/3473 3557/2762/3479
f 3556/2761/3478 3557/2762/3479 3558/2763/3480
f 3559/2764/3481 3555/2760/3477 3556/2761/3478
f 3559/2764/3481 3556/2761/3478 3558/2763/3480
f 3557/2762/3479 3560/2765/3482 3561/2766/3483
f 3557/2762/3479 3561/2766/3483 3558/2763/3480
f 3452/2650/3374 3559/2764/3481 3558/2763/3480
f 3452/2650/3374 3558/2763/3480 3561/2766/3483
f 3544/2746/3466 3545/2747/3467 3555/2760/3477
f 3544/2746/3466 3555/2760/3477 3559/2764/3481
f 3452/2650/3374 3450/2648/3372 3544/2746/3466
f 3452/2650/3374 3544/2746/3466 3559/2764/3481
f 3562/2767/3484 3543/2745/3465 3450/2648/3372
f 3562/2767/3484 3450/2648/3372 3451/2649/3373
f 3563/2768/3485 3564/2769/3486 3565/2770/3487
f 3563/2768/3485 3565/2770/3487 3566/2771/3488
f 3567/2772/3489 3568/2773/3490 3566/2771/3488
f 3567/2772/3489 3566/2771/3488 3565/2770/3487
f 3448/2646/3370 3567/2772/3489 3565/2770/3487
f 3448/2646/3370 3565/2770/3487 3564/2769/3486
f 3567/2772/3489 3448/2646/3370 3441/2639/3363
f 3567/2772/3489 3441/2639/3363 3440/2638/3362
f 3568/2773/3490 3567/2772/3489 3440/2638/3362
f 3568/2773/3490 3440/2638/3362 3439/2637/3361
f 3446/2644/3368 3568/2773/3490 3439/2637/3361
f 3446/2644/3368 3439/2637/3361 3438/2636/3360
f 3563/2768/3485 3566/2771/3488 3568/2773/3490
f 3446/2644/3368 3445/2643/3367 3543/2745/3465
f 3446/2644/3368 3543/2745/3465 3562/2767/3484
f 3468/2666/3390 3543/2745/3465 3445/2643/3367
f 3468/2666/3390 3445/2643/3367 3444/2642/3366
f 3569/2774/3491 3570/2775/3492 3571/2776/3493
f 3569/2774/3491 3571/2776/3493 3572/2777/3494
f 3572/2777/3494 3573/2778/3495 3574/2779/3496
f 3572/2777/3494 3574/2779/3496 3569/2774/3491
f 3571/2776/3493 3575/2780/3497 3576/2781/3498
f 3571/2776/3493 3576/2781/3498 3572/2777/3494
f 3575/2780/3497 3577/2782/3499 3578/2783/3500
f 3575/2780/3497 3578/2783/3500 3576/2781/3498
f 3575/2780/3497 3571/2776/3493 3579/2784/3501
f 3575/2780/3497 3579/2784/3501 3580/2785/3502
f 3580/2785/3502 3579/2784/3501 3539/2741/3461
f 3580/2785/3502 3539/2741/3461 3581/2786/3503
f 3581/2786/3503 3539/2741/3461 3536/2738/3458
f 3581/2786/3503 3536/2738/3458 3471/2669/3393
f 3581/2786/3503 3471/2669/3393 3470/2668/3392
f 3581/2786/3503 3470/2668/3392 3582/2787/3504
f 3469/2667/3391 3583/2788/3505 3582/2787/3504
f 3469/2667/3391 3582/2787/3504 3470/2668/3392
f 3428/2626/3350 3584/2789/3506 3583/2788/3505
f 3428/2626/3350 3583/2788/3505 3469/2667/3391
f 3584/2789/3506 3428/2626/3350 3426/2624/3348
f 3584/2789/3506 3426/2624/3348 3430/2628/3352
f 3430/2628/3352 3585/2790/3507 3586/2791/3508
f 3430/2628/3352 3586/2791/3508 3584/2789/3506
f 3586/2791/3508 3587/2792/3509 3588/2793/3510
f 3586/2791/3508 3588/2793/3510 3589/2794/3511
f 3584/2789/3506 3586/2791/3508 3589/2794/3511
f 3584/2789/3506 3589/2794/3511 3583/2788/3505
f 3585/2790/3507 3590/2795/3512 3587/2792/3509
f 3585/2790/3507 3587/2792/3509 3586/2791/3508
f 3591/2796/3513 3582/2787/3504 3583/2788/3505
f 3591/2796/3513 3583/2788/3505 3589/2794/3511
f 3589/2794/3511 3588/2793/3510 3577/2782/3499
f 3589/2794/3511 3577/2782/3499 3591/2796/3513
f 3578/2783/3500 3577/2782/3499 3588/2793/3510
f 3578/2783/3500 3588/2793/3510 3592/2797/3514
f 3591/2796/3513 3577/2782/3499 3575/2780/3497
f 3591/2796/3513 3575/2780/3497 3580/2785/3502
f 3580/2785/3502 3581/2786/3503 3582/2787/3504
f 3580/2785/3502 3582/2787/3504 3591/2796/3513
f 3579/2784/3501 3571/2776/3493 3593/2798/3515
f 3593/2798/3515 3594/2799/3516 3595/2800/3517
f 3595/2800/3517 3594/2799/3516 3596/2801/3518
f 3595/2800/3517 3596/2801/3518 3597/2802/3519
f 3598/2803/3520 3597/2802/3519 3372/2570/3294
f 3598/2803/3520 3372/2570/3294 3371/2569/3293
f 3598/2803/3520 3599/2804/3521 3595/2800/3517
f 3598/2803/3520 3595/2800/3517 3597/2802/3519
f 3538/2740/3460 3598/2803/3520 3371/2569/3293
f 3538/2740/3460 3371/2569/3293 3374/2572/3296
f 3598/2803/3520 3538/2740/3460 3537/2739/3459
f 3598/2803/3520 3537/2739/3459 3599/2804/3521
f 3597/2802/3519 3596/2801/3518 3375/2573/3297
f 3597/2802/3519 3375/2573/3297 3372/2570/3294
f 3600/2805/3522 3594/2799/3516 3601/2806/3523
f 3600/2805/3522 3570/2775/3492 3379/2577/3301
f 3600/2805/3522 3379/2577/3301 3378/2576/3300
f 3600/2805/3522 3378/2576/3300 3380/2578/3302
f 3600/2805/3522 3380/2578/3302 3594/2799/3516
f 3570/2775/3492 3600/2805/3522 3601/2806/3523
f 3570/2775/3492 3601/2806/3523 3571/2776/3493
f 3596/2801/3518 3594/2799/3516 3380/2578/3302
f 3596/2801/3518 3380/2578/3302 3375/2573/3297
f 3595/2800/3517 3599/2804/3521 3602/2807/3524
f 3595/2800/3517 3602/2807/3524 3593/2798/3515
f 3537/2739/3459 3539/2741/3461 3602/2807/3524
f 3537/2739/3459 3602/2807/3524 3599/2804/3521
f 3579/2784/3501 3602/2807/3524 3539/2741/3461
f 3603/2808/3525 3576/2781/3498 3578/2783/3500
f 3573/2778/3495 3603/2808/3525 3605/2809/3526
f 3572/2777/3494 3576/2781/3498 3603/2808/3525
f 3572/2777/3494 3603/2808/3525 3573/2778/3495
f 3574/2779/3496 3573/2778/3495 3605/2809/3526
f 3574/2779/3496 3605/2809/3526 3606/2810/3527
f 3574/2779/3496 3606/2810/3527 3387/2584/3308
f 3574/2779/3496 3387/2584/3308 3386/2583/3307
f 3569/2774/3491 3574/2779/3496 3386/2583/3307
f 3569/2774/3491 3386/2583/3307 3388/2585/3309
f 3604/2811/3528 3608/2812/3529 3607/2813/3530
f 3592/2797/3514 3604/2811/3528 3578/2783/3500
f 3610/2814/3531 3611/2815/3532 3604/2811/3528
f 3610/2814/3531 3604/2811/3528 3592/2797/3514
f 3610/2814/3531 3587/2792/3509 3590/2795/3512
f 3610/2814/3531 3590/2795/3512 3612/2816/3533
f 3395/2592/3316 3612/2816/3533 3590/2795/3512
f 3395/2592/3316 3590/2795/3512 3396/2593/3317
f 3397/2594/3318 3400/2597/3321 3613/2817/3534
f 3397/2594/3318 3613/2817/3534 3614/2818/3535
f 3614/2818/3535 3612/2816/3533 3395/2592/3316
f 3614/2818/3535 3395/2592/3316 3397/2594/3318
f 3612/2816/3533 3614/2818/3535 3611/2815/3532
f 3612/2816/3533 3611/2815/3532 3610/2814/3531
f 3613/2817/3534 3608/2812/3529 3611/2815/3532
f 3613/2817/3534 3611/2815/3532 3614/2818/3535
f 3604/2811/3528 3611/2815/3532 3608/2812/3529
f 3592/2797/3514 3588/2793/3510 3587/2792/3509
f 3592/2797/3514 3587/2792/3509 3610/2814/3531
f 3570/2775/3492 3569/2774/3491 3388/2585/3309
f 3570/2775/3492 3388/2585/3309 3379/2577/3301
f 3459/2657/3381 3560/2765/3482 3402/2819/3323
f 3459/2657/3381 3402/2819/3323 3401/2820/3322
f 3402/2819/3323 3560/2765/3482 3557/2762/3479
f 3402/2819/3323 3557/2762/3479 3403/2821/3324
f 3404/2822/3325 3456/2654/3378 3459/2657/3381
f 3404/2822/3325 3459/2657/3381 3401/2820/3322
f 3456/2654/3378 3404/2822/3325 3234/2676/3156
f 3456/2654/3378 3234/2676/3156 3457/2655/3379
f 3458/2656/3380 3561/2766/3483 3560/2765/3482
f 3458/2656/3380 3560/2765/3482 3459/2657/3381
f 3561/2766/3483 3458/2656/3380 3453/2651/3375
f 3561/2766/3483 3453/2651/3375 3452/2650/3374
f 3536/2738/3458 3467/2665/3389 3464/2662/3386
f 3536/2738/3458 3464/2662/3386 3471/2669/3393
f 3606/2810/3527 3615/2823/3536 3405/2602/3326
f 3606/2810/3527 3405/2602/3326 3387/2584/3308
f 3538/2740/3460 3374/2572/3296 3274/2471/3196
f 3538/2740/3460 3274/2471/3196 3508/2710/3430
f 3508/2710/3430 3507/2709/3429 3516/2718/3438
f 3508/2710/3430 3516/2718/3438 3532/2734/3454
f 3510/2712/3432 3517/2719/3439 3521/2723/3443
f 3510/2712/3432 3521/2723/3443 3512/2714/3434
f 3607/2813/3530 3608/2812/3529 3613/2817/3534
f 3607/2813/3530 3613/2817/3534 3609/2824/3537
f 3613/2817/3534 3400/2597/3321 3407/2605/3329
f 3613/2817/3534 3407/2605/3329 3609/2824/3537
f 3187/2384/3109 3408/2606/3330 3585/2790/3507
f 3187/2384/3109 3585/2790/3507 3430/2628/3352
f 3495/2697/3417 3263/2460/3185 3319/2516/3241
f 3495/2697/3417 3319/2516/3241 3497/2699/3419
f 3403/2821/3324 3557/2762/3479 3551/2756/3473
f 3403/2821/3324 3551/2756/3473 3324/2755/3246
f 3585/2790/3507 3408/2606/3330 3396/2593/3317
f 3585/2790/3507 3396/2593/3317 3590/2795/3512
f 3593/2798/3515 3601/2806/3523 3594/2799/3516
f 3535/2737/3457 3539/2741/3461 3537/2739/3459
f 3448/2646/3370 3564/2769/3486 3451/2649/3373
f 3563/2768/3485 3451/2649/3373 3564/2769/3486
f 3562/2767/3484 3563/2768/3485 3568/2773/3490
f 3562/2767/3484 3568/2773/3490 3446/2644/3368
f 3413/2611/3335 3475/2677/3397 3410/2608/3332
f 3232/2671/3154 3472/2670/3394 3474/2675/3396
f 3232/2671/3154 3474/2675/3396 3233/2674/3155
f 3475/2677/3397 3474/2675/3396 3472/2670/3394
f 3475/2677/3397 3472/2670/3394 3410/2608/3332
f 3436/2634/3358 3442/2640/3364 3438/2636/3360
f 3434/2632/3356 3433/2631/3355 3442/2640/3364
f 3434/2632/3356 3442/2640/3364 3436/2634/3358
f 3437/2635/3359 3435/2633/3357 3436/2634/3358
f 3571/2776/3493 3601/2806/3523 3593/2798/3515
f 3603/2808/3525 3604/2811/3528 3616/2825/3538
f 3603/2808/3525 3616/2825/3538 3605/2809/3526
f 3615/2823/3536 3606/2810/3527 3605/2809/3526
f 3615/2823/3536 3605/2809/3526 3616/2825/3538
f 3562/2767/3484 3451/2649/3373 3563/2768/3485
f 3334/2532/3256 3335/2533/3257 3208/2405/3130
f 3389/2587/3311 3382/2586/3310 3618/2826/3539
f 3389/2587/3311 3618/2826/3539 3617/2827/3540
f 3391/2604/3328 3389/2587/3311 3617/2827/3540
f 3391/2604/3328 3617/2827/3540 3619/2828/3541
f 3407/2605/3329 3391/2604/3328 3619/2828/3541
f 3407/2605/3329 3619/2828/3541 3620/2829/3542
f 3604/2811/3528 3607/2813/3530 3622/2830/3543
f 3604/2811/3528 3622/2830/3543 3621/2831/3544
f 3607/2813/3530 3609/2824/3537 3623/2832/3545
f 3607/2813/3530 3623/2832/3545 3622/2830/3543
f 3609/2824/3537 3407/2605/3329 3620/2829/3542
f 3609/2824/3537 3620/2829/3542 3623/2832/3545
f 3382/2586/3310 3349/2547/3271 3383/2580/3304
f 3578/2783/3500 3604/2811/3528 3603/2808/3525
f 3593/2798/3515 3602/2807/3524 3579/2784/3501
f 3365/2563/3287 3352/2550/3274 3381/2579/3303
