# Blender 5.1.2
# www.blender.org
mtllib teapot.mtl
o teapot
v -0.750000 0.075000 -0.000000
v -0.747900 0.075000 -0.020250
v -0.747900 0.075000 0.020250
v -0.747362 0.041540 -0.000000
v -0.746250 0.105488 -0.000000
v -0.746250 0.105488 -0.000000
v -0.745293 0.041961 -0.020250
v -0.745293 0.041961 0.020250
v -0.744172 0.105061 -0.020250
v -0.744172 0.105061 0.020250
v -0.742200 0.075000 -0.036000
v -0.742200 0.075000 0.036000
v -0.739679 0.043101 -0.036000
v -0.739679 0.043102 0.036000
v -0.739400 0.008700 -0.000000
v -0.739400 0.008700 -0.000000
v -0.738531 0.103902 -0.036000
v -0.738531 0.103902 0.036000
v -0.737423 0.009447 -0.020250
v -0.737423 0.009448 0.020250
v -0.735000 0.129900 -0.000000
v -0.733800 0.075000 -0.047250
v -0.733800 0.075000 0.047250
v -0.732989 0.129131 0.020250
v -0.732989 0.129131 -0.020250
v -0.732058 0.011477 -0.036000
v -0.732058 0.011477 0.036000
v -0.731403 0.044782 -0.047250
v -0.731403 0.044783 0.047250
v -0.730218 0.102195 -0.047250
v -0.730218 0.102195 0.047250
v -0.727533 0.127045 -0.036000
v -0.727533 0.127045 0.036000
v -0.726038 -0.023466 0.000000
v -0.726038 -0.023466 0.000000
v -0.724212 -0.022466 0.020250
v -0.724212 -0.022466 -0.020250
v -0.724150 0.014467 -0.047250
v -0.724150 0.014468 0.047250
v -0.723600 0.075000 -0.054000
v -0.723600 0.075000 0.054000
v -0.721354 0.046824 -0.054000
v -0.721354 0.046824 0.054000
v -0.720123 0.100122 -0.054000
v -0.720123 0.100122 0.054000
v -0.719491 0.123971 -0.047250
v -0.719491 0.123971 0.047250
v -0.719256 -0.019754 -0.036000
v -0.719256 -0.019753 0.036000
v -0.716250 0.148913 -0.000000
v -0.714549 0.018099 0.054000
v -0.714549 0.018098 -0.054000
v -0.714358 0.147878 -0.020250
v -0.714358 0.147878 0.020250
v -0.712500 0.075000 -0.056250
v -0.712500 0.075000 0.056250
v -0.711951 -0.015756 0.047250
v -0.711951 -0.015757 -0.047250
v -0.710419 0.049045 0.056250
v -0.710419 0.049045 -0.056250
v -0.709727 0.120237 -0.054000
v -0.709727 0.120238 0.054000
v -0.709222 0.145069 -0.036000
v -0.709222 0.145069 0.036000
v -0.709137 0.097865 -0.056250
v -0.709137 0.097866 0.056250
v -0.707200 -0.054900 0.000000
v -0.705581 -0.053707 -0.020250
v -0.705581 -0.053707 0.020250
v -0.704100 0.022050 -0.056250
v -0.704100 0.022050 0.056250
v -0.703083 -0.010902 0.054000
v -0.703083 -0.010903 -0.054000
v -0.701654 0.140930 -0.047250
v -0.701654 0.140930 0.047250
v -0.701400 0.075000 -0.054000
v -0.701400 0.075000 0.054000
v -0.701189 -0.050470 -0.036000
v -0.701189 -0.050469 0.036000
v -0.699484 0.051266 -0.054000
v -0.699484 0.051267 0.054000
v -0.699100 0.116175 0.056250
v -0.699100 0.116175 -0.056250
v -0.698152 0.095609 -0.054000
v -0.698152 0.095610 0.054000
v -0.694715 -0.045699 -0.047250
v -0.694715 -0.045698 0.047250
v -0.693651 0.026002 0.054000
v -0.693651 0.026001 -0.054000
v -0.693431 -0.005620 0.056250
v -0.693431 -0.005621 -0.056250
v -0.692464 0.135904 -0.054000
v -0.692464 0.135904 0.054000
v -0.691200 0.075000 -0.047250
v -0.691200 0.075000 0.047250
v -0.690000 0.163200 -0.000000
v -0.690000 0.163200 -0.000000
v -0.689435 0.053308 -0.047250
v -0.689435 0.053308 0.047250
v -0.688474 0.112112 -0.054000
v -0.688474 0.112113 0.054000
v -0.688281 0.161966 -0.020250
v -0.688281 0.161966 0.020250
v -0.688057 0.093537 -0.047250
v -0.688057 0.093537 0.047250
v -0.686854 -0.039905 -0.054000
v -0.686854 -0.039904 0.054000
v -0.684049 0.029632 -0.047250
v -0.684049 0.029633 0.047250
v -0.683780 -0.000338 0.054000
v -0.683780 -0.000338 -0.054000
v -0.683614 0.158614 -0.036000
v -0.683614 0.158614 0.036000
v -0.682813 -0.085547 0.000000
v -0.682813 -0.085547 0.000000
v -0.682800 0.075000 -0.036000
v -0.682800 0.075000 0.036000
v -0.682463 0.130434 -0.056250
v -0.682463 0.130434 0.056250
v -0.681457 -0.084201 0.020250
v -0.681457 -0.084201 -0.020250
v -0.681159 0.054989 -0.036000
v -0.681159 0.054989 0.036000
v -0.679744 0.091829 -0.036000
v -0.679744 0.091829 0.036000
v -0.678708 0.108379 -0.047250
v -0.678708 0.108379 0.047250
v -0.678300 -0.033600 -0.056250
v -0.678300 -0.033600 0.056250
v -0.677775 -0.080550 -0.036000
v -0.677775 -0.080550 0.036000
v -0.677100 0.075000 -0.020250
v -0.677100 0.075000 0.020250
v -0.676737 0.153674 -0.047250
v -0.676737 0.153674 0.047250
v -0.676143 0.032623 -0.036000
v -0.676143 0.032623 0.036000
v -0.675543 0.056130 -0.020250
v -0.675543 0.056130 0.020250
v -0.675000 0.075000 -0.000000
v -0.674911 0.004516 0.047250
v -0.674911 0.004516 -0.047250
v -0.674103 0.090671 -0.020250
v -0.674103 0.090671 0.020250
v -0.673475 0.056550 -0.000000
v -0.672462 0.124964 -0.054000
v -0.672462 0.124965 0.054000
v -0.672350 -0.075169 -0.047250
v -0.672350 -0.075168 0.047250
v -0.672025 0.090244 -0.000000
v -0.672025 0.090244 -0.000000
v -0.670776 0.034653 -0.020250
v -0.670776 0.034653 0.020250
v -0.670667 0.105305 -0.036000
v -0.670667 0.105305 0.036000
v -0.669746 -0.027296 -0.054000
v -0.669746 -0.027295 0.054000
v -0.668800 0.035400 -0.000000
v -0.668800 0.035400 -0.000000
v -0.668387 0.147676 -0.054000
v -0.668387 0.147676 0.054000
v -0.667607 0.008513 -0.036000
v -0.667607 0.008514 0.036000
v -0.665762 -0.068635 -0.054000
v -0.665762 -0.068634 0.054000
v -0.665210 0.103219 0.020250
v -0.665210 0.103219 -0.020250
v -0.663271 0.119939 -0.047250
v -0.663271 0.119939 0.047250
v -0.663200 0.102450 -0.000000
v -0.663200 0.102450 -0.000000
v -0.662651 0.011226 0.020250
v -0.662651 0.011225 -0.020250
v -0.661884 -0.021502 -0.047250
v -0.661884 -0.021501 0.047250
v -0.660825 0.012225 -0.000000
v -0.659300 0.141150 -0.056250
v -0.659300 0.141150 0.056250
v -0.658594 -0.061523 0.056250
v -0.658594 -0.061524 -0.056250
v -0.656250 0.173438 -0.000000
v -0.655703 0.115800 -0.036000
v -0.655703 0.115800 0.036000
v -0.655411 -0.016731 -0.036000
v -0.655411 -0.016730 0.036000
v -0.654763 0.172060 -0.020250
v -0.654763 0.172060 0.020250
v -0.652800 -0.115350 0.000000
v -0.652800 -0.115350 0.000000
v -0.651758 -0.113876 0.020250
v -0.651758 -0.113876 -0.020250
v -0.651425 -0.054413 -0.054000
v -0.651425 -0.054412 0.054000
v -0.651019 -0.013493 -0.020250
v -0.651019 -0.013492 0.020250
v -0.650725 0.168318 -0.036000
v -0.650725 0.168318 0.036000
v -0.650567 0.112991 -0.020250
v -0.650567 0.112991 0.020250
v -0.650213 0.134623 -0.054000
v -0.650213 0.134623 0.054000
v -0.649400 -0.012300 0.000000
v -0.648932 -0.109875 -0.036000
v -0.648932 -0.109875 0.036000
v -0.648675 0.111956 -0.000000
v -0.644837 -0.047878 -0.047250
v -0.644837 -0.047878 0.047250
v -0.644775 0.162806 -0.047250
v -0.644775 0.162806 0.047250
v -0.644764 -0.103978 -0.047250
v -0.644764 -0.103978 0.047250
v -0.641863 0.128625 -0.047250
v -0.641863 0.128625 0.047250
v -0.639705 -0.096817 0.054000
v -0.639705 -0.096818 -0.054000
v -0.639413 -0.042497 -0.036000
v -0.639413 -0.042496 0.036000
v -0.637550 0.156113 -0.054000
v -0.637550 0.156113 0.054000
v -0.635731 -0.038845 0.020250
v -0.635731 -0.038845 -0.020250
v -0.634986 0.123686 -0.036000
v -0.634986 0.123686 0.036000
v -0.634375 -0.037500 0.000000
v -0.634375 -0.037500 0.000000
v -0.634200 -0.089025 0.056250
v -0.634200 -0.089025 -0.056250
v -0.630319 0.120334 -0.020250
v -0.630319 0.120334 0.020250
v -0.629687 0.148828 -0.056250
v -0.629687 0.148828 0.056250
v -0.628694 -0.081232 0.054000
v -0.628694 -0.081233 -0.054000
v -0.628600 0.119100 -0.000000
v -0.628600 0.119100 -0.000000
v -0.623635 -0.074073 -0.047250
v -0.623635 -0.074073 0.047250
v -0.621825 0.141543 -0.054000
v -0.621825 0.141543 0.054000
v -0.619469 -0.068176 -0.036000
v -0.619469 -0.068176 0.036000
v -0.617087 -0.144254 0.000000
v -0.616642 -0.064174 0.020250
v -0.616642 -0.064174 -0.020250
v -0.616411 -0.142657 -0.020250
v -0.616411 -0.142657 0.020250
v -0.615600 -0.062700 0.000000
v -0.615600 -0.062700 0.000000
v -0.615000 0.180300 -0.000000
v -0.615000 0.180300 -0.000000
v -0.614600 0.134850 -0.047250
v -0.614600 0.134850 0.047250
v -0.614574 -0.138322 -0.036000
v -0.614574 -0.138322 0.036000
v -0.613807 0.178825 -0.020250
v -0.613807 0.178825 0.020250
v -0.611869 -0.131935 0.047250
v -0.611869 -0.131935 -0.047250
v -0.610569 0.174825 -0.036000
v -0.610569 0.174825 0.036000
v -0.608650 0.129338 -0.036000
v -0.608650 0.129338 0.036000
v -0.608582 -0.124180 -0.054000
v -0.608582 -0.124179 0.054000
v -0.605798 0.168928 -0.047250
v -0.605798 0.168928 0.047250
v -0.605007 -0.115739 -0.056250
v -0.605007 -0.115739 0.056250
v -0.604613 0.125597 -0.020250
v -0.604613 0.125597 0.020250
v -0.603125 0.124219 -0.000000
v -0.603125 0.124219 -0.000000
v -0.601430 -0.107299 -0.054000
v -0.601430 -0.107299 0.054000
v -0.600004 0.161767 -0.054000
v -0.600004 0.161767 0.054000
v -0.598144 -0.099543 -0.047250
v -0.598144 -0.099543 0.047250
v -0.595438 -0.093156 -0.036000
v -0.595438 -0.093156 0.036000
v -0.593700 0.153975 -0.056250
v -0.593700 0.153975 0.056250
v -0.593602 -0.088822 0.020250
v -0.593602 -0.088822 -0.020250
v -0.592925 -0.087225 0.000000
v -0.587395 0.146183 -0.054000
v -0.587395 0.146183 0.054000
v -0.581602 0.139022 -0.047250
v -0.581602 0.139022 0.047250
v -0.576831 0.133125 -0.036000
v -0.576831 0.133125 0.036000
v -0.575600 -0.172200 0.000000
v -0.575600 -0.172200 0.000000
v -0.575337 -0.170469 0.020250
v -0.575337 -0.170469 -0.020250
v -0.574623 -0.165773 0.036000
v -0.574623 -0.165773 -0.036000
v -0.573592 0.129125 -0.020250
v -0.573592 0.129125 0.020250
v -0.573569 -0.158852 0.047250
v -0.573569 -0.158852 -0.047250
v -0.572400 0.127650 -0.000000
v -0.572400 0.127650 -0.000000
v -0.572291 -0.150447 0.054000
v -0.572291 -0.150447 -0.054000
v -0.570900 -0.141300 0.056250
v -0.570900 -0.141300 -0.056250
v -0.569508 -0.132153 0.054000
v -0.569508 -0.132153 -0.054000
v -0.568231 -0.123749 0.047250
v -0.568231 -0.123749 -0.047250
v -0.567177 -0.116827 -0.036000
v -0.567177 -0.116827 0.036000
v -0.566463 -0.112131 0.020250
v -0.566463 -0.112131 -0.020250
v -0.566250 0.184463 -0.000000
v -0.566200 -0.110400 0.000000
v -0.566200 -0.110400 0.000000
v -0.565419 0.182930 -0.020250
v -0.565419 0.182930 0.020250
v -0.563164 0.178770 -0.036000
v -0.563164 0.178770 0.036000
v -0.559841 0.172641 -0.047250
v -0.559841 0.172641 0.047250
v -0.555804 0.165197 -0.054000
v -0.555804 0.165197 0.054000
v -0.551413 0.157097 0.056250
v -0.551413 0.157097 -0.056250
v -0.547020 0.148997 -0.054000
v -0.547020 0.148997 0.054000
v -0.542984 0.141554 -0.047250
v -0.542984 0.141554 0.047250
v -0.539661 0.135423 -0.036000
v -0.539661 0.135423 0.036000
v -0.537406 0.131264 -0.020250
v -0.537406 0.131264 0.020250
v -0.536575 0.129731 -0.000000
v -0.535275 -0.131550 0.000000
v -0.535275 -0.131550 0.000000
v -0.535079 -0.133443 0.020250
v -0.535079 -0.133443 -0.020250
v -0.534546 -0.138579 0.036000
v -0.534546 -0.138579 -0.036000
v -0.533760 -0.146148 0.047250
v -0.533760 -0.146148 -0.047250
v -0.532807 -0.155339 0.054000
v -0.532807 -0.155339 -0.054000
v -0.531769 -0.165342 0.056250
v -0.531769 -0.165342 -0.056250
v -0.530731 -0.175345 0.054000
v -0.530731 -0.175345 -0.054000
v -0.529777 -0.184536 0.047250
v -0.529777 -0.184536 -0.047250
v -0.528992 -0.192106 0.036000
v -0.528992 -0.192106 -0.036000
v -0.528459 -0.197242 0.020250
v -0.528459 -0.197242 -0.020250
v -0.528262 -0.199134 0.000000
v -0.528262 -0.199134 0.000000
v -0.510000 0.186600 -0.000000
v -0.510000 0.186600 -0.000000
v -0.509602 0.185037 -0.020250
v -0.509602 0.185037 0.020250
v -0.508523 0.180797 -0.036000
v -0.508523 0.180797 0.036000
v -0.506932 0.174547 -0.047250
v -0.506932 0.174547 0.047250
v -0.505001 0.166958 0.054000
v -0.505001 0.166958 -0.054000
v -0.502900 0.158700 0.056250
v -0.502900 0.158700 -0.056250
v -0.500799 0.150441 0.054000
v -0.500799 0.150441 -0.054000
v -0.500000 -0.150000 0.000000
v -0.500000 -0.150000 0.000000
v -0.500000 -0.150000 0.000000
v -0.499300 -0.152100 0.020250
v -0.499300 -0.152100 -0.020250
v -0.498867 0.142853 -0.047250
v -0.498867 0.142853 0.047250
v -0.498188 -0.115707 0.000000
v -0.498188 -0.115707 0.000000
v -0.497400 -0.157800 0.036000
v -0.497400 -0.157800 -0.036000
v -0.497277 0.136603 0.036000
v -0.497277 0.136603 -0.036000
v -0.496500 -0.182082 0.000000
v -0.496500 -0.182082 0.000000
v -0.496197 0.132362 -0.020250
v -0.496197 0.132362 0.020250
v -0.495800 0.130800 -0.000000
v -0.495800 0.130800 -0.000000
v -0.494600 -0.166200 0.047250
v -0.494600 -0.166200 -0.047250
v -0.493560 -0.150000 -0.082040
v -0.493560 -0.150000 -0.082040
v -0.493560 -0.150000 0.082040
v -0.493000 -0.080400 0.000000
v -0.493000 -0.080400 0.000000
v -0.491771 -0.115707 -0.081742
v -0.491771 -0.115706 0.081743
v -0.491200 -0.176400 0.054000
v -0.491200 -0.176400 -0.054000
v -0.490105 -0.182082 -0.081465
v -0.490105 -0.182081 0.081466
v -0.487500 -0.187500 -0.056250
v -0.487500 -0.187500 0.056250
v -0.487000 -0.210900 0.000000
v -0.487000 -0.210900 0.000000
v -0.486650 -0.080400 -0.080891
v -0.486650 -0.080400 0.080892
v -0.484812 -0.044194 0.000000
v -0.484812 -0.044194 0.000000
v -0.483800 -0.198600 0.054000
v -0.483800 -0.198600 -0.054000
v -0.480727 -0.210900 -0.079907
v -0.480727 -0.210900 0.079907
v -0.480400 -0.208800 0.047250
v -0.480400 -0.208800 -0.047250
v -0.478568 -0.044194 -0.079548
v -0.478568 -0.044193 0.079548
v -0.477600 -0.217200 0.036000
v -0.477600 -0.217200 -0.036000
v -0.475700 -0.222900 0.020250
v -0.475700 -0.222900 -0.020250
v -0.475000 -0.225000 0.000000
v -0.475000 -0.225000 0.000000
v -0.474880 -0.150000 -0.159520
v -0.474880 -0.150000 -0.159520
v -0.474880 -0.150000 0.159520
v -0.474880 -0.150000 0.159520
v -0.474000 -0.007200 0.000000
v -0.474000 -0.007200 0.000000
v -0.473159 -0.115707 -0.158941
v -0.473159 -0.115706 0.158942
v -0.473000 -0.236568 0.000000
v -0.473000 -0.236568 0.000000
v -0.471556 -0.182082 -0.158403
v -0.471556 -0.182081 0.158403
v -0.468231 -0.080400 -0.157286
v -0.468231 -0.080400 0.157286
v -0.467895 -0.007200 -0.077774
v -0.467895 -0.007200 0.077774
v -0.466908 -0.236568 -0.077609
v -0.466908 -0.236568 0.077610
v -0.462533 -0.210900 -0.155372
v -0.462533 -0.210900 0.155373
v -0.460938 0.030468 -0.000000
v -0.460938 0.030468 -0.000000
v -0.460456 -0.044194 -0.154675
v -0.460456 -0.044193 0.154675
v -0.456000 -0.259200 0.000000
v -0.456000 -0.259200 0.000000
v -0.455001 0.030468 -0.075631
v -0.455001 0.030469 0.075631
v -0.450225 0.131194 -0.000000
v -0.450186 -0.007200 -0.151225
v -0.450186 -0.007200 0.151225
v -0.450126 -0.259200 -0.074820
v -0.450126 -0.259200 0.074821
v -0.450114 0.132767 -0.020250
v -0.450114 0.132767 0.020250
v -0.449811 0.137038 -0.036000
v -0.449811 0.137038 0.036000
v -0.449367 0.143331 -0.047250
v -0.449367 0.143331 0.047250
v -0.449237 -0.236569 -0.150906
v -0.449237 -0.236568 0.150906
v -0.448826 0.150974 -0.054000
v -0.448826 0.150974 0.054000
v -0.448238 0.159291 -0.056250
v -0.448238 0.159291 0.056250
v -0.447649 0.167607 -0.054000
v -0.447649 0.167607 0.054000
v -0.447109 0.175250 -0.047250
v -0.447109 0.175250 0.047250
v -0.446663 0.181543 -0.036000
v -0.446663 0.181543 0.036000
v -0.446361 0.185814 -0.020250
v -0.446361 0.185814 0.020250
v -0.446250 0.187387 -0.000000
v -0.446000 0.068700 -0.000000
v -0.446000 0.068700 -0.000000
v -0.444920 -0.150000 -0.231480
v -0.444920 -0.150000 -0.231480
v -0.444920 -0.150000 0.231480
v -0.444920 -0.150000 0.231480
v -0.443307 -0.115707 -0.230641
v -0.443307 -0.115706 0.230641
v -0.441806 -0.182082 -0.229860
v -0.441806 -0.182081 0.229860
v -0.440255 0.068700 -0.073180
v -0.440255 0.068700 0.073179
v -0.438691 -0.080400 -0.228240
v -0.438691 -0.080400 0.228240
v -0.437780 0.030468 -0.147058
v -0.437780 0.030469 0.147058
v -0.437500 -0.278906 0.000000
v -0.437500 -0.278906 0.000000
v -0.433352 -0.210900 -0.225461
v -0.433352 -0.210900 0.225462
v -0.433091 -0.259200 -0.145482
v -0.433091 -0.259200 0.145483
v -0.431865 -0.278906 -0.071785
v -0.431865 -0.278906 0.071785
v -0.431406 -0.044194 -0.224449
v -0.431406 -0.044193 0.224449
v -0.429563 0.107382 -0.000000
v -0.429563 0.107382 -0.000000
v -0.424029 0.107381 -0.070483
v -0.424029 0.107382 0.070482
v -0.423593 0.068700 -0.142292
v -0.423593 0.068700 0.142292
v -0.421784 -0.007200 -0.219443
v -0.421784 -0.007200 0.219443
v -0.420894 -0.236569 -0.218980
v -0.420894 -0.236568 0.218980
v -0.419000 -0.295800 0.000000
v -0.419000 -0.295800 0.000000
v -0.415520 -0.278906 -0.139580
v -0.415520 -0.278906 0.139580
v -0.413603 -0.295800 -0.068749
v -0.413603 -0.295800 0.068750
v -0.412000 0.146400 -0.000000
v -0.412000 0.146400 -0.000000
v -0.410161 0.030468 -0.213396
v -0.410161 0.030469 0.213396
v -0.407981 0.107381 -0.137048
v -0.407981 0.107382 0.137047
v -0.406693 0.146400 -0.067601
v -0.406693 0.146400 0.067601
v -0.405767 -0.259200 -0.211109
v -0.405767 -0.259200 0.211110
v -0.404640 -0.150000 -0.296960
v -0.404640 -0.150000 -0.296960
v -0.404640 -0.150000 0.296960
v -0.404640 -0.150000 0.296960
v -0.403173 -0.115707 -0.295884
v -0.403173 -0.115706 0.295884
v -0.402000 -0.309994 0.000000
v -0.402000 -0.309994 0.000000
v -0.401807 -0.182082 -0.294881
v -0.401807 -0.182081 0.294881
v -0.400000 0.131250 -0.000000
v -0.399300 0.132825 -0.020250
v -0.399300 0.132825 0.020250
v -0.398975 -0.080400 -0.292803
v -0.398975 -0.080400 0.292803
v -0.397949 -0.295800 -0.133677
v -0.397949 -0.295800 0.133678
v -0.397400 0.137100 -0.036000
v -0.397400 0.137100 0.036000
v -0.396868 0.068700 -0.206481
v -0.396868 0.068700 0.206480
v -0.396822 -0.309994 0.065961
v -0.396822 -0.309994 -0.065960
v -0.394600 0.143400 -0.047250
v -0.394600 0.143400 0.047250
v -0.394120 -0.210900 -0.289239
v -0.394120 -0.210900 0.289239
v -0.393687 0.185644 -0.000000
v -0.393687 0.185644 -0.000000
v -0.392349 -0.044194 -0.287940
v -0.392349 -0.044193 0.287940
v -0.391301 0.146400 -0.131445
v -0.391301 0.146400 0.131444
v -0.391200 0.151050 -0.054000
v -0.391200 0.151050 0.054000
v -0.389305 -0.278907 -0.202545
v -0.389305 -0.278906 0.202545
v -0.388617 0.185644 -0.064597
v -0.388617 0.185644 0.064596
v -0.388000 -0.321600 0.000000
v -0.388000 -0.321600 0.000000
v -0.387500 0.159375 -0.056250
v -0.387500 0.159375 0.056250
v -0.383800 0.167700 -0.054000
v -0.383800 0.167700 0.054000
v -0.383599 -0.007200 -0.281518
v -0.383599 -0.007200 0.281518
v -0.383002 -0.321600 0.063663
v -0.383002 -0.321600 -0.063663
v -0.382789 -0.236569 -0.280924
v -0.382789 -0.236568 0.280925
v -0.382242 0.107381 -0.198871
v -0.382242 0.107382 0.198870
v -0.381804 -0.309994 -0.128254
v -0.381804 -0.309994 0.128254
v -0.380400 0.175350 -0.047250
v -0.380400 0.175350 0.047250
v -0.378500 -0.330731 0.000000
v -0.378500 -0.330731 0.000000
v -0.377600 0.181650 -0.036000
v -0.377600 0.181650 0.036000
v -0.375700 0.185925 -0.020250
v -0.375700 0.185925 0.020250
v -0.375000 0.225000 -0.000000
v -0.375000 -0.337500 0.000000
v -0.375000 0.187500 -0.000000
v -0.375000 0.225000 -0.000000
v -0.375000 -0.337500 0.000000
v -0.374119 -0.343107 0.000000
v -0.374119 -0.343107 0.000000
v -0.373909 0.185644 -0.125602
v -0.373909 0.185644 0.125602
v -0.373625 -0.330731 0.062105
v -0.373625 -0.330731 -0.062104
v -0.373028 0.030468 -0.273760
v -0.373028 0.030469 0.273760
v -0.372843 -0.295800 -0.193980
v -0.372843 -0.295800 0.193981
v -0.370200 -0.348600 0.000000
v -0.370200 -0.348600 0.000000
v -0.370170 0.225000 -0.061530
v -0.370170 -0.337500 0.061530
v -0.370170 0.225000 0.061530
v -0.370170 -0.337500 -0.061530
v -0.370170 -0.337500 -0.061530
v -0.370170 -0.337500 0.061530
v -0.370081 0.233859 -0.000000
v -0.370081 0.233859 -0.000000
v -0.369300 -0.343107 0.061386
v -0.369300 -0.343107 -0.061385
v -0.369032 -0.259200 -0.270827
v -0.369032 -0.259200 0.270828
v -0.368507 -0.321600 0.123788
v -0.368507 -0.321600 -0.123787
v -0.366614 0.146400 -0.190740
v -0.366614 0.146400 0.190739
v -0.365432 -0.348600 -0.060742
v -0.365432 -0.348600 0.060743
v -0.365315 0.233859 -0.060723
v -0.365315 0.233859 0.060723
v -0.364900 0.240750 -0.000000
v -0.364900 0.240750 -0.000000
v -0.361331 -0.353869 0.000000
v -0.361331 -0.353869 0.000000
v -0.360939 0.068700 -0.264888
v -0.360939 0.068700 0.264888
v -0.360200 0.240750 -0.059873
v -0.360200 0.240750 0.059872
v -0.359756 0.245671 -0.000000
v -0.359484 -0.330731 0.120757
v -0.359484 -0.330732 -0.120756
v -0.357716 -0.309994 0.186110
v -0.357716 -0.309994 -0.186110
v -0.356678 -0.353869 -0.059287
v -0.356678 -0.353869 0.059288
v -0.356160 0.225000 -0.119640
v -0.356160 -0.337500 -0.119640
v -0.356160 -0.337500 -0.119640
v -0.356160 -0.337500 0.119640
v -0.356160 -0.337500 0.119640
v -0.356160 0.225000 0.119640
v -0.355323 -0.343106 0.119359
v -0.355323 -0.343107 -0.119358
v -0.355123 0.245671 -0.059029
v -0.355123 0.245671 0.059028
v -0.355000 -0.150000 -0.355000
v -0.355000 -0.150000 -0.355000
v -0.355000 -0.150000 0.355000
v -0.355000 -0.150000 0.355000
v -0.354950 0.248625 -0.000000
v -0.354950 0.248625 -0.000000
v -0.354060 -0.278907 -0.259840
v -0.354060 -0.278906 0.259840
v -0.353713 -0.115707 -0.353713
v -0.353713 -0.115706 0.353713
v -0.352515 -0.182082 -0.352515
v -0.352515 -0.182081 0.352515
v -0.351601 -0.348600 -0.118108
v -0.351601 -0.348600 0.118109
v -0.351489 0.233859 -0.118071
v -0.351489 0.233859 0.118070
v -0.350782 0.249610 -0.000000
v -0.350782 0.249610 -0.000000
v -0.350378 0.248625 -0.058241
v -0.350378 0.248625 0.058240
v -0.350319 0.185644 -0.182262
v -0.350319 0.185644 0.182261
v -0.350030 -0.080400 -0.350030
v -0.350030 -0.080400 0.350030
v -0.350000 0.225000 -0.000000
v -0.350000 0.225000 -0.000000
v -0.347636 0.107381 -0.255126
v -0.347636 0.107382 0.255125
v -0.347550 0.248625 -0.000000
v -0.347550 0.248625 -0.000000
v -0.346568 0.240750 -0.116418
v -0.346568 0.240750 0.116417
v -0.346482 0.233859 -0.000000
v -0.346482 0.233859 -0.000000
v -0.346263 0.249610 -0.057557
v -0.346263 0.249610 0.057556
v -0.345770 -0.210900 -0.345770
v -0.345770 -0.210900 0.345770
v -0.345600 -0.358800 0.000000
v -0.345600 -0.358800 0.000000
v -0.345556 0.245671 -0.000000
v -0.345556 0.245671 -0.000000
v -0.345492 0.225000 -0.057428
v -0.345492 0.225000 0.057428
v -0.345258 -0.321600 0.179629
v -0.345258 -0.321600 -0.179628
v -0.345100 0.240750 -0.000000
v -0.345100 0.240750 -0.000000
v -0.344217 -0.044194 -0.344217
v -0.344217 -0.044193 0.344217
v -0.343178 -0.353869 -0.115279
v -0.343178 -0.353869 0.115279
v -0.343073 0.248625 -0.057026
v -0.343073 0.248625 0.057026
v -0.342019 0.233859 -0.056851
v -0.342019 0.233859 0.056850
v -0.341682 0.245671 -0.114777
v -0.341682 0.245672 0.114776
v -0.341149 -0.358800 -0.056706
v -0.341149 -0.358800 0.056706
v -0.341105 0.245671 -0.056699
v -0.341105 0.245671 0.056698
v -0.340655 0.240750 -0.056624
v -0.340655 0.240750 0.056624
v -0.339088 -0.295800 -0.248852
v -0.339088 -0.295800 0.248853
v -0.337117 0.248625 -0.113244
v -0.337117 0.248625 0.113243
v -0.336805 -0.330731 0.175231
v -0.336805 -0.330732 -0.175230
v -0.336540 -0.007200 -0.336540
v -0.336540 -0.007200 0.336540
v -0.335830 -0.236569 -0.335830
v -0.335830 -0.236568 0.335830
v -0.333690 0.225000 -0.173610
v -0.333690 -0.337500 -0.173610
v -0.333690 -0.337500 0.173610
v -0.333690 -0.337500 0.173610
v -0.333690 0.225000 0.173610
v -0.333690 -0.337500 -0.173610
v -0.333423 0.146400 -0.244695
v -0.333423 0.146400 0.244695
v -0.333158 0.249609 -0.111914
v -0.333158 0.249610 0.111913
v -0.332906 -0.343106 0.173202
v -0.332906 -0.343107 -0.173202
v -0.332416 0.225000 -0.111664
v -0.332416 0.225000 0.111664
v -0.330089 0.248625 -0.110883
v -0.330089 0.248625 0.110882
v -0.329419 -0.348600 -0.171387
v -0.329419 -0.348600 0.171388
v -0.329313 0.233859 -0.171333
v -0.329313 0.233859 0.171332
v -0.329074 0.233859 -0.110542
v -0.329074 0.233859 0.110541
v -0.328237 -0.358800 0.110261
v -0.328237 -0.358800 -0.110260
v -0.328196 0.245671 -0.110247
v -0.328196 0.245672 0.110246
v -0.327762 0.240750 -0.110101
v -0.327762 0.240750 0.110100
v -0.327266 0.030468 -0.327266
v -0.327266 0.030469 0.327266
v -0.325330 -0.309993 0.238756
v -0.325330 -0.309994 -0.238755
v -0.325000 0.225000 -0.000000
v -0.325000 0.225000 -0.000000
v -0.324703 0.240750 -0.168934
v -0.324703 0.240750 0.168934
v -0.323760 -0.259200 -0.323760
v -0.323760 -0.259200 0.323760
v -0.321527 -0.353869 -0.167282
v -0.321527 -0.353869 0.167282
v -0.321093 -0.363281 0.000000
v -0.321093 -0.363281 0.000000
v -0.320814 0.225000 -0.053326
v -0.320814 0.225000 0.053326
v -0.320125 0.245671 -0.166553
v -0.320125 0.245672 0.166552
v -0.318650 0.235200 -0.000000
v -0.318650 0.235200 -0.000000
v -0.318603 0.185643 -0.233819
v -0.318603 0.185644 0.233819
v -0.316958 -0.363281 -0.052685
v -0.316958 -0.363281 0.052685
v -0.316660 0.068700 -0.316660
v -0.316660 0.068700 0.316660
v -0.315848 0.248625 -0.164328
v -0.315848 0.248625 0.164327
v -0.314546 0.235200 0.052284
v -0.314546 0.235200 -0.052284
v -0.314001 -0.321600 0.230441
v -0.314001 -0.321600 -0.230441
v -0.312139 0.249609 -0.162398
v -0.312139 0.249610 0.162397
v -0.311444 0.225000 -0.162036
v -0.311444 0.225000 0.162036
v -0.310625 -0.278907 -0.310625
v -0.310625 -0.278906 0.310625
v -0.309264 0.248625 -0.160902
v -0.309264 0.248625 0.160901
v -0.308672 0.225000 -0.103688
v -0.308672 0.225000 0.103688
v -0.308313 0.233859 -0.160407
v -0.308313 0.233859 0.160407
v -0.307529 -0.358800 -0.159999
v -0.307529 -0.358800 0.159999
v -0.307490 0.245671 -0.159979
v -0.307490 0.245672 0.159978
v -0.307084 0.240750 -0.159768
v -0.307084 0.240750 0.159767
v -0.306313 -0.330731 0.224799
v -0.306313 -0.330732 -0.224798
v -0.304989 0.107382 0.304989
v -0.304989 0.107381 -0.304989
v -0.304962 -0.363281 -0.102441
v -0.304962 -0.363281 0.102442
v -0.303480 0.225000 -0.222720
v -0.303480 -0.337500 -0.222720
v -0.303480 -0.337500 -0.222720
v -0.303480 -0.337500 0.222720
v -0.303480 -0.337500 0.222720
v -0.303480 0.225000 0.222720
v -0.302767 -0.343106 0.222197
v -0.302767 -0.343107 -0.222196
v -0.302641 0.235200 0.101662
v -0.302641 0.235200 -0.101662
v -0.301200 0.243600 -0.000000
v -0.301200 0.243600 -0.000000
v -0.299596 -0.348600 -0.219869
v -0.299596 -0.348600 0.219870
v -0.299499 0.233859 -0.219799
v -0.299499 0.233860 0.219798
v -0.297490 -0.295800 -0.297490
v -0.297490 -0.295800 0.297490
v -0.297320 0.243600 -0.049421
v -0.297320 0.243600 0.049421
v -0.296960 -0.150000 -0.404640
v -0.296960 -0.150000 -0.404640
v -0.296960 -0.150000 0.404640
v -0.296960 -0.150000 0.404640
v -0.295884 -0.115707 -0.403173
v -0.295884 -0.115706 0.403173
v -0.295306 0.240750 -0.216722
v -0.295306 0.240750 0.216721
v -0.294881 -0.182082 -0.401807
v -0.294881 -0.182081 0.401807
v -0.292803 -0.080400 -0.398975
v -0.292803 -0.080400 0.398975
v -0.292520 0.146400 -0.292520
v -0.292520 0.146400 0.292520
v -0.292418 -0.353869 -0.214601
v -0.292418 -0.353868 0.214602
v -0.291144 0.245671 -0.213667
v -0.291144 0.245672 0.213666
v -0.289239 -0.210900 -0.394119
v -0.289239 -0.210900 0.394120
v -0.289198 0.225000 -0.150462
v -0.289198 0.225000 0.150462
v -0.287940 -0.044194 -0.392349
v -0.287940 -0.044193 0.392349
v -0.287254 0.248625 -0.210812
v -0.287254 0.248625 0.210812
v -0.286068 0.243600 -0.096095
v -0.286068 0.243600 0.096094
v -0.285900 -0.367200 0.000000
v -0.285900 -0.367200 0.000000
v -0.285722 -0.363281 -0.148653
v -0.285722 -0.363281 0.148654
v -0.285420 -0.309993 0.285420
v -0.285420 -0.309994 -0.285420
v -0.283881 0.249609 -0.208336
v -0.283881 0.249610 0.208336
v -0.283547 0.235200 0.147522
v -0.283547 0.235200 -0.147523
v -0.283248 0.225000 -0.207872
v -0.283248 0.225000 0.207872
v -0.282218 -0.367200 -0.046910
v -0.282218 -0.367200 0.046911
v -0.281518 -0.007200 -0.383599
v -0.281518 -0.007200 0.383599
v -0.281265 0.248625 -0.206417
v -0.281265 0.248625 0.206417
v -0.280924 -0.236569 -0.382789
v -0.280924 -0.236568 0.382790
v -0.280400 0.233859 -0.205783
v -0.280400 0.233860 0.205782
v -0.279687 -0.358800 -0.205258
v -0.279687 -0.358800 0.205259
v -0.279652 0.245671 -0.205233
v -0.279652 0.245672 0.205232
v -0.279518 0.185643 -0.279519
v -0.279518 0.185644 0.279518
v -0.279283 0.240750 -0.204962
v -0.279283 0.240750 0.204961
v -0.275480 -0.321600 0.275480
v -0.275480 -0.321600 -0.275480
v -0.275050 0.250650 -0.000000
v -0.275050 0.250650 -0.000000
v -0.273760 0.030468 -0.373028
v -0.273760 0.030469 0.373028
v -0.271536 -0.367200 0.091214
v -0.271536 -0.367200 -0.091213
v -0.271508 0.250650 0.045130
v -0.271508 0.250650 -0.045131
v -0.270828 -0.259200 -0.369032
v -0.270828 -0.259200 0.369032
v -0.268735 -0.330732 -0.268735
v -0.268735 -0.330731 0.268735
v -0.268019 0.243600 -0.139444
v -0.268019 0.243600 0.139443
v -0.266250 0.225000 -0.266250
v -0.266250 -0.337500 -0.266250
v -0.266250 -0.337500 0.266250
v -0.266250 0.225000 0.266250
v -0.265624 -0.343106 0.265625
v -0.265624 -0.343107 -0.265624
v -0.264888 0.068700 -0.360939
v -0.264888 0.068700 0.360939
v -0.263016 0.225000 -0.193024
v -0.263016 0.225000 0.193024
v -0.262842 -0.348600 -0.262842
v -0.262842 -0.348600 0.262842
v -0.262758 0.233859 -0.262758
v -0.262758 0.233860 0.262757
v -0.261232 0.250650 -0.087752
v -0.261232 0.250650 0.087752
v -0.259855 -0.363281 -0.190704
v -0.259855 -0.363281 0.190704
v -0.259840 -0.278907 -0.354060
v -0.259840 -0.278906 0.354060
v -0.259079 0.240750 -0.259079
v -0.259079 0.240750 0.259079
v -0.257877 0.235200 0.189252
v -0.257877 0.235200 -0.189253
v -0.256545 -0.353869 -0.256545
v -0.256545 -0.353868 0.256546
v -0.255427 0.245671 -0.255427
v -0.255427 0.245672 0.255427
v -0.255126 0.107381 -0.347636
v -0.255126 0.107382 0.347636
v -0.254405 -0.367200 0.132361
v -0.254405 -0.367200 -0.132360
v -0.252014 0.248625 -0.252015
v -0.252014 0.248625 0.252014
v -0.249055 0.249609 -0.249055
v -0.249055 0.249610 0.249054
v -0.248853 -0.295800 -0.339088
v -0.248853 -0.295800 0.339089
v -0.248500 0.225000 -0.248500
v -0.248500 0.225000 0.248500
v -0.246761 0.248625 -0.246761
v -0.246761 0.248625 0.246760
v -0.246002 0.233859 -0.246002
v -0.246002 0.233860 0.246001
v -0.245376 -0.358800 0.245376
v -0.245376 -0.358800 -0.245376
v -0.245345 0.245671 -0.245345
v -0.245345 0.245672 0.245345
v -0.245021 0.240750 -0.245021
v -0.245021 0.240750 0.245021
v -0.244750 0.250650 0.127337
v -0.244750 0.250650 -0.127338
v -0.244695 0.146400 -0.333423
v -0.244695 0.146400 0.333423
v -0.243756 0.243600 -0.178889
v -0.243756 0.243600 0.178888
v -0.242600 0.256800 -0.000000
v -0.242600 0.256800 -0.000000
v -0.239476 0.256800 -0.039806
v -0.239476 0.256800 0.039805
v -0.238755 -0.309993 0.325331
v -0.238755 -0.309994 -0.325330
v -0.238107 -0.370444 0.000000
v -0.238107 -0.370444 0.000000
v -0.235040 -0.370444 0.039069
v -0.235040 -0.370444 -0.039068
v -0.233819 0.185643 -0.318603
v -0.233819 0.185644 0.318603
v -0.231480 -0.150000 -0.444920
v -0.231480 -0.150000 0.444920
v -0.231480 -0.150000 0.444920
v -0.231480 -0.150000 -0.444920
v -0.231374 -0.367200 0.169802
v -0.231374 -0.367200 -0.169801
v -0.230750 0.225000 -0.230750
v -0.230750 0.225000 0.230750
v -0.230641 -0.115706 0.443307
v -0.230641 -0.115707 -0.443307
v -0.230441 -0.321600 0.314001
v -0.230441 -0.321600 -0.314001
v -0.230412 0.256800 -0.077399
v -0.230412 0.256800 0.077399
v -0.229860 -0.182082 -0.441806
v -0.229860 -0.182081 0.441806
v -0.228240 -0.080400 -0.438691
v -0.228240 -0.080400 0.438691
v -0.227977 -0.363281 -0.227976
v -0.227977 -0.363281 0.227977
v -0.226241 0.235200 0.226241
v -0.226241 0.235200 -0.226242
v -0.226143 -0.370444 0.075966
v -0.226143 -0.370444 -0.075965
v -0.225461 -0.210900 -0.433352
v -0.225461 -0.210900 0.433352
v -0.224799 -0.330731 0.306313
v -0.224799 -0.330732 -0.306312
v -0.224449 -0.044194 -0.431406
v -0.224449 -0.044193 0.431406
v -0.222720 -0.337500 -0.303480
v -0.222720 -0.337500 0.303480
v -0.222720 0.225000 -0.303480
v -0.222720 -0.337500 -0.303480
v -0.222720 -0.337500 0.303480
v -0.222720 0.225000 0.303480
v -0.222593 0.250650 -0.163358
v -0.222593 0.250650 0.163357
v -0.222197 -0.343106 0.302767
v -0.222197 -0.343107 -0.302766
v -0.219869 -0.348600 -0.299595
v -0.219869 -0.348600 0.299596
v -0.219799 0.233859 -0.299500
v -0.219799 0.233860 0.299499
v -0.219443 -0.007200 -0.421784
v -0.219443 -0.007200 0.421784
v -0.218980 -0.236569 -0.420894
v -0.218980 -0.236568 0.420894
v -0.216722 0.240750 -0.295307
v -0.216722 0.240750 0.295306
v -0.215876 0.256800 -0.112314
v -0.215876 0.256800 0.112314
v -0.214602 -0.353869 -0.292418
v -0.214602 -0.353868 0.292419
v -0.213852 0.243600 -0.213852
v -0.213852 0.243600 0.213852
v -0.213666 0.245671 -0.291144
v -0.213666 0.245672 0.291143
v -0.213396 0.030468 -0.410161
v -0.213396 0.030469 0.410161
v -0.211876 -0.370444 -0.110233
v -0.211876 -0.370443 0.110234
v -0.211110 -0.259200 0.405767
v -0.211110 -0.259200 -0.405767
v -0.210812 0.248625 -0.287254
v -0.210812 0.248625 0.287254
v -0.208336 0.249609 -0.283881
v -0.208336 0.249610 0.283880
v -0.207872 0.225000 -0.283248
v -0.207872 0.225000 0.283248
v -0.206480 0.068700 0.396868
v -0.206480 0.068700 -0.396868
v -0.206417 0.248625 -0.281266
v -0.206417 0.248625 0.281265
v -0.206250 0.262500 -0.000000
v -0.206250 0.262500 -0.000000
v -0.205782 0.233859 -0.280401
v -0.205782 0.233860 0.280400
v -0.205259 -0.358800 0.279688
v -0.205259 -0.358800 -0.279687
v -0.205233 0.245672 0.279651
v -0.205233 0.245671 -0.279652
v -0.204961 0.240750 -0.279283
v -0.204961 0.240750 0.279282
v -0.203594 0.262500 -0.033842
v -0.203594 0.262500 0.033841
v -0.202989 -0.367200 0.202989
v -0.202989 -0.367200 -0.202989
v -0.202545 -0.278906 0.389305
v -0.202545 -0.278907 -0.389305
v -0.198870 0.107382 0.382242
v -0.198870 0.107381 -0.382242
v -0.196331 0.256800 -0.144085
v -0.196331 0.256800 0.144085
v -0.195888 0.262500 -0.065802
v -0.195888 0.262500 0.065802
v -0.195285 0.250650 -0.195286
v -0.195285 0.250650 0.195285
v -0.193980 -0.295800 -0.372843
v -0.193980 -0.295800 0.372843
v -0.193024 0.225000 -0.263016
v -0.193024 0.225000 0.263016
v -0.192695 -0.370443 0.141416
v -0.192695 -0.370444 -0.141416
v -0.190739 0.146400 -0.366614
v -0.190739 0.146400 0.366614
v -0.190704 -0.363281 -0.259854
v -0.190704 -0.363281 0.259855
v -0.189252 0.235200 0.257877
v -0.189252 0.235200 -0.257877
v -0.186110 -0.309993 0.357716
v -0.186110 -0.309994 -0.357716
v -0.183529 0.262500 -0.095486
v -0.183529 0.262500 0.095485
v -0.182261 0.185643 -0.350319
v -0.182261 0.185644 0.350319
v -0.179629 -0.321600 0.345258
v -0.179629 -0.321600 -0.345258
v -0.178889 0.243600 -0.243756
v -0.178889 0.243600 0.243755
v -0.175800 -0.372900 0.000000
v -0.175230 -0.330731 0.336805
v -0.175230 -0.330732 -0.336804
v -0.173610 -0.337500 -0.333690
v -0.173610 -0.337500 0.333690
v -0.173610 0.225000 0.333690
v -0.173610 -0.337500 0.333690
v -0.173610 0.225000 -0.333690
v -0.173610 -0.337500 -0.333690
v -0.173535 -0.372900 -0.028845
v -0.173535 -0.372900 0.028846
v -0.173202 -0.343106 0.332906
v -0.173202 -0.343107 -0.332905
v -0.172246 0.256800 -0.172246
v -0.172246 0.256800 0.172246
v -0.171387 -0.348600 -0.329418
v -0.171387 -0.348600 0.329419
v -0.171332 0.233859 -0.329313
v -0.171332 0.233860 0.329313
v -0.169802 -0.367200 -0.231373
v -0.169802 -0.367200 0.231374
v -0.169056 -0.370443 0.169056
v -0.169056 -0.370444 -0.169055
v -0.168934 0.240750 -0.324703
v -0.168934 0.240750 0.324702
v -0.168400 0.268200 -0.000000
v -0.168400 0.268200 -0.000000
v -0.167282 -0.353869 -0.321527
v -0.167282 -0.353868 0.321527
v -0.166967 -0.372900 -0.056087
v -0.166967 -0.372900 0.056088
v -0.166914 0.262500 -0.122496
v -0.166914 0.262500 0.122496
v -0.166553 0.245672 0.320125
v -0.166553 0.245671 -0.320126
v -0.166231 0.268200 -0.027631
v -0.166231 0.268200 0.027631
v -0.164328 0.248625 -0.315849
v -0.164328 0.248625 0.315848
v -0.163357 0.250650 -0.222593
v -0.163357 0.250650 0.222592
v -0.162398 0.249609 -0.312140
v -0.162398 0.249610 0.312139
v -0.162036 0.225000 -0.311444
v -0.162036 0.225000 0.311444
v -0.160902 0.248625 -0.309264
v -0.160902 0.248625 0.309264
v -0.160407 0.233859 -0.308313
v -0.160407 0.233860 0.308313
v -0.159999 -0.358800 -0.307528
v -0.159999 -0.358800 0.307529
v -0.159978 0.245672 0.307489
v -0.159978 0.245671 -0.307490
v -0.159939 0.268200 -0.053727
v -0.159939 0.268200 0.053726
v -0.159767 0.240750 -0.307084
v -0.159767 0.240750 0.307083
v -0.159520 -0.150000 -0.474880
v -0.159520 -0.150000 -0.474880
v -0.159520 -0.150000 0.474880
v -0.159520 -0.150000 0.474880
v -0.158942 -0.115707 -0.473159
v -0.158942 -0.115706 0.473159
v -0.158403 -0.182082 -0.471556
v -0.158403 -0.182081 0.471556
v -0.157286 -0.080400 -0.468231
v -0.157286 -0.080400 0.468231
v -0.156433 -0.372900 0.081389
v -0.156433 -0.372900 -0.081388
v -0.155373 -0.210900 -0.462533
v -0.155373 -0.210900 0.462533
v -0.154675 -0.044194 -0.460456
v -0.154675 -0.044193 0.460456
v -0.151225 -0.007200 -0.450186
v -0.151225 -0.007200 0.450186
v -0.150906 -0.236569 -0.449236
v -0.150906 -0.236568 0.449237
v -0.150462 0.225000 -0.289198
v -0.150462 0.225000 0.289198
v -0.149849 0.268200 -0.077963
v -0.149849 0.268200 0.077962
v -0.148654 -0.363281 -0.285722
v -0.148654 -0.363281 0.285722
v -0.147522 0.235200 0.283547
v -0.147522 0.235200 -0.283548
v -0.147058 0.030468 -0.437780
v -0.147058 0.030469 0.437780
v -0.146437 0.262500 -0.146438
v -0.146437 0.262500 0.146437
v -0.145482 -0.259200 -0.433090
v -0.145482 -0.259200 0.433091
v -0.144085 0.256800 -0.196332
v -0.144085 0.256800 0.196331
v -0.142292 0.068700 -0.423593
v -0.142292 0.068700 0.423593
v -0.142272 -0.372900 -0.104411
v -0.142272 -0.372900 0.104412
v -0.141416 -0.370443 0.192695
v -0.141416 -0.370444 -0.192694
v -0.139580 -0.278907 -0.415520
v -0.139580 -0.278906 0.415520
v -0.139444 0.243600 -0.268020
v -0.139444 0.243600 0.268019
v -0.137047 0.107381 -0.407981
v -0.137047 0.107382 0.407981
v -0.136283 0.268200 -0.100017
v -0.136283 0.268200 0.100016
v -0.133678 -0.295800 -0.397949
v -0.133678 -0.295800 0.397950
v -0.132360 -0.367200 -0.254405
v -0.132360 -0.367200 0.254406
v -0.131450 0.274350 -0.000000
v -0.131450 0.274350 -0.000000
v -0.131444 0.146400 -0.391301
v -0.131444 0.146400 0.391301
v -0.129757 0.274350 0.021568
v -0.129757 0.274350 -0.021569
v -0.128254 -0.309994 -0.381803
v -0.128254 -0.309993 0.381804
v -0.127337 0.250650 0.244750
v -0.127337 0.250650 -0.244751
v -0.125602 0.185643 -0.373909
v -0.125602 0.185644 0.373908
v -0.124846 0.274350 -0.041938
v -0.124846 0.274350 0.041937
v -0.124818 -0.372900 -0.124818
v -0.124818 -0.372900 0.124818
v -0.123787 -0.321600 -0.368507
v -0.123787 -0.321600 0.368507
v -0.122496 0.262500 -0.166914
v -0.122496 0.262500 0.166914
v -0.120757 -0.330732 -0.359484
v -0.120757 -0.330731 0.359485
v -0.119640 -0.337500 0.356160
v -0.119640 0.225000 -0.356160
v -0.119640 -0.337500 -0.356160
v -0.119640 -0.337500 -0.356160
v -0.119640 -0.337500 0.356160
v -0.119640 0.225000 0.356160
v -0.119564 0.268200 -0.119564
v -0.119564 0.268200 0.119564
v -0.119359 -0.343106 0.355323
v -0.119359 -0.343107 -0.355323
v -0.118109 -0.348600 0.351602
v -0.118109 -0.348600 -0.351601
v -0.118071 0.233859 -0.351489
v -0.118071 0.233860 0.351488
v -0.116970 0.274350 -0.060856
v -0.116970 0.274350 0.060856
v -0.116418 0.240750 -0.346568
v -0.116418 0.240750 0.346567
v -0.115279 -0.353868 0.343178
v -0.115279 -0.353869 -0.343178
v -0.114777 0.245671 -0.341682
v -0.114777 0.245672 0.341682
v -0.113243 0.248625 -0.337118
v -0.113243 0.248625 0.337117
v -0.112314 0.256800 -0.215876
v -0.112314 0.256800 0.215875
v -0.111913 0.249609 -0.333158
v -0.111913 0.249610 0.333158
v -0.111664 0.225000 -0.332416
v -0.111664 0.225000 0.332416
v -0.110882 0.248625 -0.330089
v -0.110882 0.248625 0.330089
v -0.110542 0.233859 -0.329074
v -0.110542 0.233860 0.329074
v -0.110260 -0.358800 0.328237
v -0.110260 -0.358800 -0.328237
v -0.110246 0.245671 -0.328196
v -0.110246 0.245672 0.328195
v -0.110234 -0.370443 0.211877
v -0.110234 -0.370444 -0.211876
v -0.110101 0.240750 -0.327763
v -0.110101 0.240750 0.327762
v -0.106380 0.274350 0.078070
v -0.106380 0.274350 -0.078071
v -0.104411 -0.372900 -0.142271
v -0.104411 -0.372900 0.142272
v -0.103688 0.225000 -0.308672
v -0.103688 0.225000 0.308672
v -0.102442 -0.363281 0.304962
v -0.102442 -0.363282 -0.304962
v -0.101662 0.235200 -0.302641
v -0.101662 0.235200 0.302641
v -0.100016 0.268200 -0.136283
v -0.100016 0.268200 0.136282
v -0.097800 0.281400 -0.000000
v -0.097800 0.281400 -0.000000
v -0.097069 -0.374456 0.000000
v -0.097069 -0.374456 0.000000
v -0.096540 0.281400 -0.016047
v -0.096540 0.281400 0.016047
v -0.096094 0.243600 -0.286068
v -0.096094 0.243600 0.286067
v -0.095818 -0.374456 -0.015927
v -0.095818 -0.374456 0.015927
v -0.095486 0.262500 -0.183530
v -0.095486 0.262500 0.183529
v -0.093329 0.274350 -0.093330
v -0.093329 0.274350 0.093329
v -0.092887 0.281400 -0.031202
v -0.092887 0.281400 0.031202
v -0.092192 -0.374456 -0.030968
v -0.092192 -0.374456 0.030969
v -0.091214 -0.367200 0.271537
v -0.091214 -0.367200 -0.271536
v -0.089600 0.383700 -0.000000
v -0.089600 0.383700 -0.000000
v -0.089550 0.395288 -0.000000
v -0.089550 0.395288 -0.000000
v -0.088452 0.383700 -0.014754
v -0.088452 0.383700 0.014754
v -0.088403 0.395288 -0.014747
v -0.088403 0.395288 0.014747
v -0.087752 0.250650 -0.261232
v -0.087752 0.250650 0.261231
v -0.087026 0.281400 -0.045278
v -0.087026 0.281400 0.045277
v -0.086376 -0.374456 -0.044939
v -0.086376 -0.374456 0.044939
v -0.085119 0.383700 -0.028669
v -0.085119 0.383700 0.028669
v -0.085072 0.395288 -0.028655
v -0.085072 0.395288 0.028654
v -0.082040 -0.150000 -0.493560
v -0.082040 -0.150000 0.493560
v -0.082040 -0.150000 0.493560
v -0.081743 -0.115707 -0.491771
v -0.081743 -0.115706 0.491771
v -0.081466 -0.182082 -0.490105
v -0.081466 -0.182081 0.490105
v -0.081388 -0.372900 -0.156433
v -0.081388 -0.372900 0.156434
v -0.081250 0.370313 -0.000000
v -0.081250 0.370313 -0.000000
v -0.080891 -0.080400 -0.486650
v -0.080891 -0.080400 0.486650
v -0.080209 0.370313 -0.013377
v -0.080209 0.370313 0.013377
v -0.079907 -0.210900 -0.480727
v -0.079907 -0.210900 0.480728
v -0.079770 0.383700 -0.041577
v -0.079770 0.383700 0.041576
v -0.079727 0.395288 -0.041556
v -0.079727 0.395288 0.041555
v -0.079548 -0.044194 -0.478568
v -0.079548 -0.044193 0.478568
v -0.079148 0.281400 -0.058086
v -0.079148 0.281400 0.058085
v -0.078556 -0.374456 -0.057651
v -0.078556 -0.374456 0.057651
v -0.078071 0.274350 -0.106380
v -0.078071 0.274350 0.106379
v -0.077963 0.268200 -0.149849
v -0.077963 0.268200 0.149849
v -0.077774 -0.007200 -0.467895
v -0.077774 -0.007200 0.467895
v -0.077610 -0.236569 -0.466907
v -0.077610 -0.236568 0.466908
v -0.077399 0.256800 -0.230412
v -0.077399 0.256800 0.230411
v -0.077200 0.404400 -0.000000
v -0.077200 0.404400 -0.000000
v -0.077186 0.370313 -0.025994
v -0.077186 0.370313 0.025994
v -0.076211 0.404400 -0.012714
v -0.076211 0.404400 0.012713
v -0.075966 -0.370443 0.226144
v -0.075966 -0.370444 -0.226143
v -0.075631 0.030468 -0.455001
v -0.075631 0.030469 0.455001
v -0.074821 -0.259200 -0.450126
v -0.074821 -0.259200 0.450127
v -0.073340 0.404400 -0.024704
v -0.073340 0.404400 0.024703
v -0.073180 0.068700 -0.440255
v -0.073180 0.068700 0.440255
v -0.072574 0.383700 -0.053309
v -0.072574 0.383700 0.053308
v -0.072535 0.395288 -0.053281
v -0.072535 0.395288 0.053280
v -0.072335 0.370313 -0.037699
v -0.072335 0.370313 0.037698
v -0.071785 -0.278907 -0.431865
v -0.071785 -0.278906 0.431865
v -0.070482 0.107382 0.424029
v -0.070482 0.107381 -0.424030
v -0.069850 0.289800 -0.000000
v -0.069438 0.281400 -0.069438
v -0.069438 0.281400 0.069438
v -0.068950 0.289800 -0.011461
v -0.068950 0.289800 0.011461
v -0.068918 -0.374456 -0.068918
v -0.068918 -0.374456 0.068919
v -0.068750 -0.295800 -0.413603
v -0.068750 -0.295800 0.413603
v -0.068732 0.404400 -0.035826
v -0.068732 0.404400 0.035825
v -0.068400 0.355800 -0.000000
v -0.068400 0.355800 -0.000000
v -0.067601 0.146400 -0.406693
v -0.067601 0.146400 0.406693
v -0.067523 0.355800 -0.011258
v -0.067523 0.355800 0.011258
v -0.066341 0.289800 -0.022285
v -0.066341 0.289800 0.022285
v -0.065960 -0.309993 0.396822
v -0.065960 -0.309994 -0.396822
v -0.065808 0.370313 -0.048337
v -0.065808 0.370313 0.048337
v -0.065802 0.262500 -0.195888
v -0.065802 0.262500 0.195888
v -0.064977 0.355800 -0.021878
v -0.064977 0.355800 0.021877
v -0.064596 0.185643 -0.388617
v -0.064596 0.185644 0.388617
v -0.063697 0.383700 -0.063697
v -0.063697 0.383700 0.063697
v -0.063663 0.395288 -0.063664
v -0.063663 0.395288 0.063663
v -0.063663 -0.321600 -0.383002
v -0.063663 -0.321600 0.383003
v -0.062532 0.404400 -0.045934
v -0.062532 0.404400 0.045933
v -0.062156 0.289800 0.032337
v -0.062156 0.289800 -0.032338
v -0.062105 -0.330732 -0.373625
v -0.062105 -0.330731 0.373625
v -0.061530 -0.337500 0.370170
v -0.061530 0.225000 -0.370170
v -0.061530 -0.337500 -0.370170
v -0.061530 -0.337500 -0.370170
v -0.061530 -0.337500 0.370170
v -0.061530 0.225000 0.370170
v -0.061386 -0.343106 0.369300
v -0.061386 -0.343107 -0.369300
v -0.060892 0.355800 -0.031730
v -0.060892 0.355800 0.031730
v -0.060856 0.274350 0.116969
v -0.060856 0.274350 -0.116970
v -0.060743 -0.348600 0.365432
v -0.060743 -0.348600 -0.365431
v -0.060723 0.233859 -0.365315
v -0.060723 0.233860 0.365314
v -0.059873 0.240750 -0.360200
v -0.059873 0.240750 0.360200
v -0.059287 -0.353868 0.356678
v -0.059287 -0.353869 -0.356677
v -0.059028 0.245671 -0.355123
v -0.059028 0.245672 0.355122
v -0.058240 0.248625 -0.350379
v -0.058240 0.248625 0.350378
v -0.058086 0.281400 -0.079148
v -0.058086 0.281400 0.079147
v -0.057758 0.370313 -0.057758
v -0.057758 0.370313 0.057757
v -0.057651 -0.374456 -0.078555
v -0.057651 -0.374456 0.078556
v -0.057556 0.249609 -0.346264
v -0.057556 0.249610 0.346263
v -0.057428 0.225000 -0.345492
v -0.057428 0.225000 0.345492
v -0.057026 0.248625 -0.343074
v -0.057026 0.248625 0.343073
v -0.056851 0.233859 -0.342019
v -0.056851 0.233860 0.342018
v -0.056706 -0.358800 0.341149
v -0.056706 -0.358800 -0.341148
v -0.056699 0.245672 0.341105
v -0.056699 0.245671 -0.341106
v -0.056624 0.240750 -0.340655
v -0.056624 0.240750 0.340655
v -0.056529 0.289800 -0.041486
v -0.056529 0.289800 0.041485
v -0.056088 -0.372900 0.166968
v -0.056088 -0.372900 -0.166967
v -0.055397 0.355800 -0.040687
v -0.055397 0.355800 0.040686
v -0.054950 0.340838 -0.000000
v -0.054950 0.340838 -0.000000
v -0.054884 0.404400 -0.054884
v -0.054884 0.404400 0.054884
v -0.054244 0.340838 0.009039
v -0.054244 0.340838 -0.009040
v -0.053726 0.268200 -0.159940
v -0.053726 0.268200 0.159939
v -0.053326 0.225000 -0.320814
v -0.053326 0.225000 0.320814
v -0.053309 0.383700 -0.072574
v -0.053309 0.383700 0.072573
v -0.053280 0.395288 -0.072535
v -0.053280 0.395288 0.072534
v -0.052685 -0.363282 -0.316958
v -0.052685 -0.363281 0.316958
v -0.052284 0.235200 -0.314546
v -0.052284 0.235200 0.314545
v -0.052198 0.340838 0.017567
v -0.052198 0.340838 -0.017568
v -0.050000 0.300000 -0.000000
v -0.050000 0.300000 -0.000000
v -0.050000 0.300000 -0.000000
v -0.050000 0.300000 -0.000000
v -0.049594 0.289800 -0.049594
v -0.049594 0.289800 0.049593
v -0.049421 0.243600 -0.297321
v -0.049421 0.243600 0.297320
v -0.049356 0.300000 -0.008204
v -0.049356 0.300000 0.008204
v -0.049356 0.300000 0.008204
v -0.049356 0.300000 -0.008204
v -0.048914 0.340838 -0.025482
v -0.048914 0.340838 0.025481
v -0.048650 0.410363 -0.000000
v -0.048650 0.410363 -0.000000
v -0.048618 0.355800 -0.048618
v -0.048618 0.355800 0.048618
v -0.048337 0.370313 -0.065808
v -0.048337 0.370313 0.065808
v -0.048027 0.410363 -0.008012
v -0.048027 0.410363 0.008012
v -0.047488 0.300000 -0.015952
v -0.047488 0.300000 0.015952
v -0.047488 0.300000 0.015952
v -0.047488 0.300000 -0.015952
v -0.046910 -0.367200 0.282218
v -0.046910 -0.367200 -0.282217
v -0.046218 0.410363 -0.015568
v -0.046218 0.410363 0.015568
v -0.045933 0.404400 -0.062532
v -0.045933 0.404400 0.062531
v -0.045277 0.281400 0.087026
v -0.045277 0.281400 -0.087027
v -0.045130 0.250650 -0.271508
v -0.045130 0.250650 0.271507
v -0.044939 -0.374456 -0.086375
v -0.044939 -0.374456 0.086376
v -0.044800 0.326100 -0.000000
v -0.044800 0.326100 -0.000000
v -0.044498 0.340838 -0.032677
v -0.044498 0.340838 0.032676
v -0.044492 0.300000 -0.023148
v -0.044492 0.300000 0.023148
v -0.044492 0.300000 0.023148
v -0.044492 0.300000 -0.023148
v -0.044225 0.326100 0.007362
v -0.044225 0.326100 -0.007363
v -0.043313 0.410363 -0.022577
v -0.043313 0.410363 0.022576
v -0.042553 0.326100 0.014311
v -0.042553 0.326100 -0.014312
v -0.041938 0.274350 -0.124846
v -0.041938 0.274350 0.124846
v -0.041850 0.312263 -0.000000
v -0.041850 0.312263 -0.000000
v -0.041577 0.383700 -0.079771
v -0.041577 0.383700 0.079770
v -0.041555 0.395288 0.079726
v -0.041555 0.395288 -0.079727
v -0.041485 0.289800 -0.056529
v -0.041485 0.289800 0.056528
v -0.041311 0.312263 0.006870
v -0.041311 0.312263 -0.006870
v -0.040686 0.355800 -0.055397
v -0.040686 0.355800 0.055396
v -0.040464 0.300000 -0.029696
v -0.040464 0.300000 0.029696
v -0.040464 0.300000 0.029696
v -0.040464 0.300000 -0.029696
v -0.039874 0.326100 0.020761
v -0.039874 0.326100 -0.020762
v -0.039806 0.256800 -0.239476
v -0.039806 0.256800 0.239475
v -0.039749 0.312263 0.013357
v -0.039749 0.312263 -0.013357
v -0.039407 0.410363 -0.028947
v -0.039407 0.410363 0.028946
v -0.039069 -0.370443 0.235040
v -0.039069 -0.370444 -0.235039
v -0.039050 0.340838 -0.039050
v -0.039050 0.340838 0.039050
v -0.037698 0.370313 -0.072335
v -0.037698 0.370313 0.072335
v -0.037242 0.312263 0.019380
v -0.037242 0.312263 -0.019381
v -0.036270 0.326100 0.026628
v -0.036270 0.326100 -0.026629
v -0.035825 0.404400 -0.068732
v -0.035825 0.404400 0.068732
v -0.035500 0.300000 -0.035500
v -0.035500 0.300000 0.035500
v -0.035500 0.300000 0.035500
v -0.035500 0.300000 -0.035500
v -0.034587 0.410363 -0.034587
v -0.034587 0.410363 0.034587
v -0.033873 0.312263 0.024861
v -0.033873 0.312263 -0.024862
v -0.033841 0.262500 -0.203594
v -0.033841 0.262500 0.203593
v -0.032676 0.340838 -0.044498
v -0.032676 0.340838 0.044497
v -0.032338 0.289800 0.062155
v -0.032338 0.289800 -0.062156
v -0.031826 0.326100 0.031826
v -0.031826 0.326100 -0.031826
v -0.031730 0.355800 -0.060893
v -0.031730 0.355800 0.060892
v -0.031202 0.281400 -0.092887
v -0.031202 0.281400 0.092886
v -0.030969 -0.374456 0.092192
v -0.030969 -0.374456 -0.092192
v -0.029718 0.312263 0.029718
v -0.029718 0.312263 -0.029719
v -0.029696 0.300000 -0.040464
v -0.029696 0.300000 0.040464
v -0.029696 0.300000 0.040464
v -0.029696 0.300000 -0.040464
v -0.028947 0.410363 -0.039407
v -0.028947 0.410363 0.039406
v -0.028846 -0.372900 0.173536
v -0.028846 -0.372900 -0.173535
v -0.028669 0.383700 -0.085120
v -0.028669 0.383700 0.085119
v -0.028655 0.395288 -0.085073
v -0.028655 0.395288 0.085072
v -0.027631 0.268200 -0.166231
v -0.027631 0.268200 0.166231
v -0.026628 0.326100 -0.036270
v -0.026628 0.326100 0.036269
v -0.025994 0.370313 -0.077186
v -0.025994 0.370313 0.077186
v -0.025481 0.340838 -0.048915
v -0.025481 0.340838 0.048914
v -0.024861 0.312263 0.033872
v -0.024861 0.312263 -0.033873
v -0.024704 0.404400 -0.073340
v -0.024704 0.404400 0.073340
v -0.023148 0.300000 -0.044492
v -0.023148 0.300000 0.044492
v -0.023148 0.300000 -0.044492
v -0.023148 0.300000 0.044492
v -0.022576 0.410363 -0.043314
v -0.022576 0.410363 0.043313
v -0.022285 0.289800 -0.066341
v -0.022285 0.289800 0.066340
v -0.021878 0.355800 -0.064978
v -0.021878 0.355800 0.064977
v -0.021568 0.274350 -0.129757
v -0.021568 0.274350 0.129757
v -0.020762 0.326100 -0.039874
v -0.020762 0.326100 0.039874
v -0.019381 0.312263 -0.037243
v -0.019381 0.312263 0.037242
v -0.017568 0.340838 -0.052199
v -0.017568 0.340838 0.052198
v -0.016047 0.281400 -0.096541
v -0.016047 0.281400 0.096540
v -0.015952 0.300000 -0.047488
v -0.015952 0.300000 0.047488
v -0.015952 0.300000 -0.047488
v -0.015952 0.300000 0.047488
v -0.015927 -0.374456 0.095819
v -0.015927 -0.374456 -0.095818
v -0.015568 0.410363 -0.046218
v -0.015568 0.410363 0.046217
v -0.014754 0.383700 -0.088452
v -0.014754 0.383700 0.088451
v -0.014747 0.395288 -0.088403
v -0.014747 0.395288 0.088402
v -0.014311 0.326100 -0.042554
v -0.014311 0.326100 0.042553
v -0.013377 0.370313 -0.080209
v -0.013377 0.370313 0.080208
v -0.013357 0.312263 -0.039749
v -0.013357 0.312263 0.039748
v -0.012714 0.404400 -0.076211
v -0.012714 0.404400 0.076210
v -0.011461 0.289800 -0.068951
v -0.011461 0.289800 0.068950
v -0.011258 0.355800 -0.067523
v -0.011258 0.355800 0.067523
v -0.009039 0.340838 -0.054245
v -0.009039 0.340838 0.054244
v -0.008204 0.300000 -0.049356
v -0.008204 0.300000 0.049356
v -0.008204 0.300000 -0.049356
v -0.008204 0.300000 0.049356
v -0.008012 0.410363 -0.048027
v -0.008012 0.410363 0.048026
v -0.007362 0.326100 -0.044225
v -0.007362 0.326100 0.044224
v -0.006870 0.312263 -0.041312
v -0.006870 0.312263 0.041311
v 0.000000 -0.309993 0.402000
v 0.000000 0.107382 0.429563
v 0.000000 0.146400 -0.412000
v 0.000000 -0.210900 -0.487000
v 0.000000 -0.182082 -0.496500
v 0.000000 0.245672 0.345556
v 0.000000 0.300000 -0.050000
v 0.000000 -0.343106 0.374119
v 0.000000 0.243600 -0.301200
v 0.000000 0.312263 -0.041850
v 0.000000 -0.370443 0.238107
v 0.000000 -0.363282 -0.321093
v 0.000000 -0.358800 0.345600
v 0.000000 -0.278906 0.437500
v 0.000000 -0.259200 0.456000
v 0.000000 -0.236569 -0.473000
v 0.000000 -0.115706 0.498188
v 0.000000 -0.080400 0.493000
v 0.000000 -0.044194 -0.484812
v 0.000000 0.030468 -0.460938
v 0.000000 0.068700 0.446000
v 0.000000 0.225000 -0.325000
v 0.000000 0.233859 -0.370082
v 0.000000 0.233859 -0.346482
v 0.000000 0.240750 -0.364900
v 0.000000 0.240750 -0.345100
v 0.000000 0.248625 -0.347550
v 0.000000 0.250650 -0.275050
v 0.000000 0.326100 -0.044800
v 0.000000 0.340838 -0.054950
v 0.000000 0.268200 -0.168400
v 0.000000 -0.348600 0.370200
v 0.000000 -0.330732 -0.378500
v 0.000000 0.248625 -0.354950
v 0.000000 0.256800 -0.242600
v 0.000000 0.355800 -0.068400
v 0.000000 0.404400 -0.077200
v 0.000000 0.274350 -0.131450
v 0.000000 0.300000 -0.050000
v 0.000000 0.370313 -0.081250
v 0.000000 0.410363 -0.048650
v 0.000000 -0.374456 0.097069
v 0.000000 0.395288 -0.089550
v 0.000000 -0.375000 0.000000
v 0.000000 -0.374456 -0.097068
v 0.000000 -0.374456 0.097069
v 0.000000 -0.372900 -0.175800
v 0.000000 -0.372900 0.175800
v 0.000000 -0.370444 -0.238106
v 0.000000 -0.370443 0.238107
v 0.000000 -0.367200 -0.285900
v 0.000000 -0.367200 -0.285900
v 0.000000 -0.367200 0.285900
v 0.000000 -0.367200 0.285900
v 0.000000 -0.363282 -0.321093
v 0.000000 -0.363281 0.321094
v 0.000000 -0.358800 -0.345600
v 0.000000 -0.358800 0.345600
v 0.000000 -0.353869 -0.361331
v 0.000000 -0.353869 -0.361331
v 0.000000 -0.353868 0.361332
v 0.000000 -0.353868 0.361332
v 0.000000 -0.348600 -0.370200
v 0.000000 -0.348600 0.370200
v 0.000000 -0.343107 -0.374118
v 0.000000 -0.343106 0.374119
v 0.000000 -0.337500 -0.375000
v 0.000000 -0.337500 -0.375000
v 0.000000 -0.337500 0.375000
v 0.000000 -0.337500 0.375000
v 0.000000 -0.330732 -0.378500
v 0.000000 -0.330731 0.378500
v 0.000000 -0.321600 -0.388000
v 0.000000 -0.321600 -0.388000
v 0.000000 -0.321600 0.388000
v 0.000000 -0.321600 0.388000
v 0.000000 -0.309994 -0.402000
v 0.000000 -0.309993 0.402000
v 0.000000 -0.295800 -0.419000
v 0.000000 -0.295800 -0.419000
v 0.000000 -0.295800 0.419000
v 0.000000 -0.295800 0.419000
v 0.000000 -0.278907 -0.437500
v 0.000000 -0.278906 0.437500
v 0.000000 -0.259200 -0.456000
v 0.000000 -0.259200 0.456000
v 0.000000 -0.236569 -0.473000
v 0.000000 -0.236568 0.473000
v 0.000000 -0.210900 -0.487000
v 0.000000 -0.210900 0.487000
v 0.000000 -0.182082 -0.496500
v 0.000000 -0.182081 0.496500
v 0.000000 -0.150000 -0.500000
v 0.000000 -0.150000 -0.500000
v 0.000000 -0.150000 0.500000
v 0.000000 -0.150000 0.500000
v 0.000000 -0.115707 -0.498188
v 0.000000 -0.115706 0.498188
v 0.000000 -0.080400 -0.493000
v 0.000000 -0.080400 0.493000
v 0.000000 -0.044194 -0.484812
v 0.000000 -0.044193 0.484812
v 0.000000 -0.007200 -0.474000
v 0.000000 -0.007200 -0.474000
v 0.000000 -0.007200 0.474000
v 0.000000 -0.007200 0.474000
v 0.000000 0.030468 -0.460938
v 0.000000 0.030469 0.460938
v 0.000000 0.068700 -0.446000
v 0.000000 0.068700 0.446000
v 0.000000 0.107381 -0.429563
v 0.000000 0.107382 0.429563
v 0.000000 0.146400 -0.412000
v 0.000000 0.146400 0.412000
v 0.000000 0.185643 -0.393687
v 0.000000 0.185643 -0.393687
v 0.000000 0.185644 0.393687
v 0.000000 0.185644 0.393687
v 0.000000 0.225000 -0.375000
v 0.000000 0.225000 -0.375000
v 0.000000 0.225000 -0.350000
v 0.000000 0.225000 -0.350000
v 0.000000 0.225000 -0.325000
v 0.000000 0.225000 0.325000
v 0.000000 0.225000 0.350000
v 0.000000 0.225000 0.350000
v 0.000000 0.225000 0.375000
v 0.000000 0.225000 0.375000
v 0.000000 0.233859 -0.370082
v 0.000000 0.233859 -0.346482
v 0.000000 0.233860 0.346481
v 0.000000 0.233860 0.370081
v 0.000000 0.235200 -0.318650
v 0.000000 0.235200 -0.318650
v 0.000000 0.235200 0.318650
v 0.000000 0.235200 0.318650
v 0.000000 0.240750 -0.364900
v 0.000000 0.240750 -0.345100
v 0.000000 0.240750 0.345100
v 0.000000 0.240750 0.364900
v 0.000000 0.243600 -0.301200
v 0.000000 0.243600 0.301200
v 0.000000 0.245671 -0.359757
v 0.000000 0.245671 -0.345557
v 0.000000 0.245672 0.345556
v 0.000000 0.245672 0.359756
v 0.000000 0.248625 -0.354950
v 0.000000 0.248625 -0.347550
v 0.000000 0.248625 0.347550
v 0.000000 0.248625 0.354950
v 0.000000 0.249609 -0.350782
v 0.000000 0.249609 -0.350782
v 0.000000 0.249610 0.350781
v 0.000000 0.249610 0.350781
v 0.000000 0.250650 -0.275050
v 0.000000 0.250650 0.275050
v 0.000000 0.256800 -0.242600
v 0.000000 0.256800 0.242600
v 0.000000 0.262500 -0.206250
v 0.000000 0.262500 -0.206250
v 0.000000 0.262500 0.206250
v 0.000000 0.262500 0.206250
v 0.000000 0.268200 -0.168400
v 0.000000 0.268200 0.168400
v 0.000000 0.274350 -0.131450
v 0.000000 0.274350 0.131450
v 0.000000 0.281400 -0.097800
v 0.000000 0.281400 -0.097800
v 0.000000 0.281400 0.097800
v 0.000000 0.281400 0.097800
v 0.000000 0.289800 -0.069850
v 0.000000 0.289800 0.069850
v 0.000000 0.300000 -0.050000
v 0.000000 0.300000 -0.050000
v 0.000000 0.300000 0.050000
v 0.000000 0.300000 0.050000
v 0.000000 0.312263 -0.041850
v 0.000000 0.312263 0.041850
v 0.000000 0.326100 -0.044800
v 0.000000 0.326100 0.044800
v 0.000000 0.340838 -0.054950
v 0.000000 0.340838 0.054950
v 0.000000 0.355800 -0.068400
v 0.000000 0.355800 0.068400
v 0.000000 0.370313 -0.081250
v 0.000000 0.370313 0.081250
v 0.000000 0.383700 -0.089600
v 0.000000 0.383700 -0.089600
v 0.000000 0.383700 0.089600
v 0.000000 0.383700 0.089600
v 0.000000 0.395288 -0.089550
v 0.000000 0.395288 0.089550
v 0.000000 0.404400 -0.077200
v 0.000000 0.404400 0.077200
v 0.000000 0.410363 -0.048650
v 0.000000 0.410363 0.048650
v 0.000000 0.412500 -0.000000
v 0.000000 -0.374456 -0.097068
v 0.000000 0.395288 0.089550
v 0.000000 0.274350 0.131450
v 0.000000 0.300000 0.050000
v 0.000000 0.370313 0.081250
v 0.000000 0.410363 0.048650
v 0.000000 0.404400 0.077200
v 0.000000 -0.348600 -0.370200
v 0.000000 -0.330731 0.378500
v 0.000000 0.248625 0.354950
v 0.000000 0.256800 0.242600
v 0.000000 0.355800 0.068400
v 0.000000 0.268200 0.168400
v 0.000000 0.340838 0.054950
v 0.000000 -0.370444 -0.238106
v 0.000000 -0.363281 0.321094
v 0.000000 -0.358800 -0.345600
v 0.000000 -0.278907 -0.437500
v 0.000000 -0.259200 -0.456000
v 0.000000 -0.236568 0.473000
v 0.000000 -0.115707 -0.498188
v 0.000000 -0.080400 -0.493000
v 0.000000 -0.044193 0.484812
v 0.000000 0.030469 0.460938
v 0.000000 0.068700 -0.446000
v 0.000000 0.225000 0.325000
v 0.000000 0.233860 0.346481
v 0.000000 0.233860 0.370081
v 0.000000 0.240750 0.345100
v 0.000000 0.240750 0.364900
v 0.000000 0.248625 0.347550
v 0.000000 0.250650 0.275050
v 0.000000 0.326100 0.044800
v 0.000000 0.312263 0.041850
v 0.000000 -0.343107 -0.374118
v 0.000000 0.243600 0.301200
v 0.000000 -0.210900 0.487000
v 0.000000 -0.182081 0.496500
v 0.000000 0.245671 -0.345557
v 0.000000 0.300000 0.050000
v 0.000000 -0.309994 -0.402000
v 0.000000 0.107381 -0.429563
v 0.000000 0.146400 0.412000
v 0.006870 0.312263 -0.041312
v 0.006870 0.312263 0.041311
v 0.007362 0.326100 -0.044225
v 0.007362 0.326100 0.044224
v 0.008012 0.410363 -0.048027
v 0.008012 0.410363 0.048026
v 0.008204 0.300000 -0.049356
v 0.008204 0.300000 0.049356
v 0.008204 0.300000 -0.049356
v 0.008204 0.300000 0.049356
v 0.009039 0.340838 -0.054245
v 0.009039 0.340838 0.054244
v 0.011258 0.355800 -0.067523
v 0.011258 0.355800 0.067523
v 0.011461 0.289800 -0.068951
v 0.011461 0.289800 0.068950
v 0.012714 0.404400 -0.076211
v 0.012714 0.404400 0.076210
v 0.013357 0.312263 -0.039749
v 0.013357 0.312263 0.039748
v 0.013377 0.370313 -0.080209
v 0.013377 0.370313 0.080208
v 0.014311 0.326100 -0.042554
v 0.014311 0.326100 0.042553
v 0.014747 0.395288 -0.088403
v 0.014747 0.395288 0.088402
v 0.014754 0.383700 -0.088452
v 0.014754 0.383700 0.088451
v 0.015568 0.410363 -0.046218
v 0.015568 0.410363 0.046217
v 0.015927 -0.374456 0.095819
v 0.015927 -0.374456 -0.095818
v 0.015952 0.300000 -0.047488
v 0.015952 0.300000 0.047488
v 0.015952 0.300000 -0.047488
v 0.015952 0.300000 0.047488
v 0.016047 0.281400 -0.096541
v 0.016047 0.281400 0.096540
v 0.017568 0.340838 -0.052199
v 0.017568 0.340838 0.052198
v 0.019381 0.312263 -0.037243
v 0.019381 0.312263 0.037242
v 0.020762 0.326100 -0.039874
v 0.020762 0.326100 0.039874
v 0.021568 0.274350 -0.129757
v 0.021568 0.274350 0.129757
v 0.021878 0.355800 -0.064978
v 0.021878 0.355800 0.064977
v 0.022285 0.289800 -0.066341
v 0.022285 0.289800 0.066340
v 0.022576 0.410363 -0.043314
v 0.022576 0.410363 0.043313
v 0.023148 0.300000 -0.044492
v 0.023148 0.300000 0.044492
v 0.023148 0.300000 -0.044492
v 0.023148 0.300000 0.044492
v 0.024704 0.404400 -0.073340
v 0.024704 0.404400 0.073340
v 0.024861 0.312263 0.033872
v 0.024861 0.312263 -0.033873
v 0.025481 0.340838 -0.048915
v 0.025481 0.340838 0.048914
v 0.025994 0.370313 -0.077186
v 0.025994 0.370313 0.077186
v 0.026628 0.326100 -0.036270
v 0.026628 0.326100 0.036269
v 0.027631 0.268200 -0.166231
v 0.027631 0.268200 0.166231
v 0.028655 0.395288 -0.085073
v 0.028655 0.395288 0.085072
v 0.028669 0.383700 -0.085120
v 0.028669 0.383700 0.085119
v 0.028846 -0.372900 0.173536
v 0.028846 -0.372900 -0.173535
v 0.028947 0.410363 -0.039407
v 0.028947 0.410363 0.039406
v 0.029696 0.300000 0.040464
v 0.029696 0.300000 -0.040464
v 0.029696 0.300000 -0.040464
v 0.029696 0.300000 0.040464
v 0.029718 0.312263 0.029718
v 0.029718 0.312263 -0.029719
v 0.030969 -0.374456 0.092192
v 0.030969 -0.374456 -0.092192
v 0.031202 0.281400 -0.092887
v 0.031202 0.281400 0.092886
v 0.031730 0.355800 -0.060893
v 0.031730 0.355800 0.060892
v 0.031826 0.326100 0.031826
v 0.031826 0.326100 -0.031826
v 0.032338 0.289800 0.062155
v 0.032338 0.289800 -0.062156
v 0.032676 0.340838 -0.044498
v 0.032676 0.340838 0.044497
v 0.033841 0.262500 -0.203594
v 0.033841 0.262500 0.203593
v 0.033873 0.312263 0.024861
v 0.033873 0.312263 -0.024862
v 0.034587 0.410363 -0.034587
v 0.034587 0.410363 0.034587
v 0.035500 0.300000 0.035500
v 0.035500 0.300000 -0.035500
v 0.035500 0.300000 -0.035500
v 0.035500 0.300000 0.035500
v 0.035825 0.404400 -0.068732
v 0.035825 0.404400 0.068732
v 0.036270 0.326100 0.026628
v 0.036270 0.326100 -0.026629
v 0.037242 0.312263 0.019380
v 0.037242 0.312263 -0.019381
v 0.037698 0.370313 -0.072335
v 0.037698 0.370313 0.072335
v 0.039050 0.340838 -0.039050
v 0.039050 0.340838 0.039050
v 0.039069 -0.370443 0.235040
v 0.039069 -0.370444 -0.235039
v 0.039407 0.410363 -0.028947
v 0.039407 0.410363 0.028946
v 0.039749 0.312263 0.013357
v 0.039749 0.312263 -0.013357
v 0.039806 0.256800 -0.239476
v 0.039806 0.256800 0.239475
v 0.039874 0.326100 0.020761
v 0.039874 0.326100 -0.020762
v 0.040464 0.300000 0.029696
v 0.040464 0.300000 -0.029696
v 0.040464 0.300000 -0.029696
v 0.040464 0.300000 0.029696
v 0.040686 0.355800 -0.055397
v 0.040686 0.355800 0.055396
v 0.041311 0.312263 0.006870
v 0.041311 0.312263 -0.006870
v 0.041485 0.289800 -0.056529
v 0.041485 0.289800 0.056528
v 0.041555 0.395288 0.079726
v 0.041555 0.395288 -0.079727
v 0.041577 0.383700 -0.079771
v 0.041577 0.383700 0.079770
v 0.041850 0.312263 -0.000000
v 0.041850 0.312263 -0.000000
v 0.041938 0.274350 -0.124846
v 0.041938 0.274350 0.124846
v 0.042553 0.326100 0.014311
v 0.042553 0.326100 -0.014312
v 0.043313 0.410363 -0.022577
v 0.043313 0.410363 0.022576
v 0.044225 0.326100 0.007362
v 0.044225 0.326100 -0.007363
v 0.044492 0.300000 0.023148
v 0.044492 0.300000 -0.023148
v 0.044492 0.300000 -0.023148
v 0.044492 0.300000 0.023148
v 0.044498 0.340838 -0.032677
v 0.044498 0.340838 0.032676
v 0.044800 0.326100 -0.000000
v 0.044800 0.326100 -0.000000
v 0.044939 -0.374456 -0.086375
v 0.044939 -0.374456 0.086376
v 0.045130 0.250650 -0.271508
v 0.045130 0.250650 0.271507
v 0.045277 0.281400 0.087026
v 0.045277 0.281400 -0.087027
v 0.045933 0.404400 -0.062532
v 0.045933 0.404400 0.062531
v 0.046218 0.410363 -0.015568
v 0.046218 0.410363 0.015568
v 0.046910 -0.367200 0.282218
v 0.046910 -0.367200 -0.282217
v 0.047488 0.300000 0.015952
v 0.047488 0.300000 -0.015952
v 0.047488 0.300000 -0.015952
v 0.047488 0.300000 0.015952
v 0.048027 0.410363 -0.008012
v 0.048027 0.410363 0.008012
v 0.048337 0.370313 -0.065808
v 0.048337 0.370313 0.065808
v 0.048618 0.355800 -0.048618
v 0.048618 0.355800 0.048618
v 0.048650 0.410363 -0.000000
v 0.048650 0.410363 -0.000000
v 0.048914 0.340838 -0.025482
v 0.048914 0.340838 0.025481
v 0.049356 0.300000 0.008204
v 0.049356 0.300000 -0.008204
v 0.049356 0.300000 -0.008204
v 0.049356 0.300000 0.008204
v 0.049421 0.243600 -0.297321
v 0.049421 0.243600 0.297320
v 0.049594 0.289800 -0.049594
v 0.049594 0.289800 0.049593
v 0.050000 0.300000 -0.000000
v 0.050000 0.300000 -0.000000
v 0.050000 0.300000 -0.000000
v 0.050000 0.300000 -0.000000
v 0.052198 0.340838 0.017567
v 0.052198 0.340838 -0.017568
v 0.052284 0.235200 -0.314546
v 0.052284 0.235200 0.314545
v 0.052685 -0.363282 -0.316958
v 0.052685 -0.363281 0.316958
v 0.053280 0.395288 -0.072535
v 0.053280 0.395288 0.072534
v 0.053309 0.383700 -0.072574
v 0.053309 0.383700 0.072573
v 0.053326 0.225000 -0.320814
v 0.053326 0.225000 0.320814
v 0.053726 0.268200 -0.159940
v 0.053726 0.268200 0.159939
v 0.054244 0.340838 0.009039
v 0.054244 0.340838 -0.009040
v 0.054884 0.404400 -0.054884
v 0.054884 0.404400 0.054884
v 0.054950 0.340838 -0.000000
v 0.054950 0.340838 -0.000000
v 0.055397 0.355800 -0.040687
v 0.055397 0.355800 0.040686
v 0.056088 -0.372900 0.166968
v 0.056088 -0.372900 -0.166967
v 0.056529 0.289800 -0.041486
v 0.056529 0.289800 0.041485
v 0.056624 0.240750 -0.340655
v 0.056624 0.240750 0.340655
v 0.056699 0.245672 0.341105
v 0.056699 0.245671 -0.341106
v 0.056706 -0.358800 0.341149
v 0.056706 -0.358800 -0.341148
v 0.056851 0.233859 -0.342019
v 0.056851 0.233860 0.342018
v 0.057026 0.248625 -0.343074
v 0.057026 0.248625 0.343073
v 0.057428 0.225000 -0.345492
v 0.057428 0.225000 0.345492
v 0.057556 0.249609 -0.346264
v 0.057556 0.249610 0.346263
v 0.057651 -0.374456 -0.078555
v 0.057651 -0.374456 0.078556
v 0.057758 0.370313 -0.057758
v 0.057758 0.370313 0.057757
v 0.058086 0.281400 -0.079148
v 0.058086 0.281400 0.079147
v 0.058240 0.248625 -0.350379
v 0.058240 0.248625 0.350378
v 0.059028 0.245671 -0.355123
v 0.059028 0.245672 0.355122
v 0.059287 -0.353868 0.356678
v 0.059287 -0.353869 -0.356677
v 0.059873 0.240750 -0.360200
v 0.059873 0.240750 0.360200
v 0.060723 0.233859 -0.365315
v 0.060723 0.233860 0.365314
v 0.060743 -0.348600 0.365432
v 0.060743 -0.348600 -0.365431
v 0.060856 0.274350 0.116969
v 0.060856 0.274350 -0.116970
v 0.060892 0.355800 -0.031730
v 0.060892 0.355800 0.031730
v 0.061386 -0.343106 0.369300
v 0.061386 -0.343107 -0.369300
v 0.061530 -0.337500 -0.370170
v 0.061530 0.225000 -0.370170
v 0.061530 -0.337500 0.370170
v 0.061530 -0.337500 0.370170
v 0.061530 0.225000 0.370170
v 0.061530 -0.337500 -0.370170
v 0.062105 -0.330732 -0.373625
v 0.062105 -0.330731 0.373625
v 0.062156 0.289800 0.032337
v 0.062156 0.289800 -0.032338
v 0.062532 0.404400 -0.045934
v 0.062532 0.404400 0.045933
v 0.063663 -0.321600 -0.383002
v 0.063663 -0.321600 0.383003
v 0.063663 0.395288 -0.063664
v 0.063663 0.395288 0.063663
v 0.063697 0.383700 -0.063697
v 0.063697 0.383700 0.063697
v 0.064596 0.185643 -0.388617
v 0.064596 0.185644 0.388617
v 0.064977 0.355800 -0.021878
v 0.064977 0.355800 0.021877
v 0.065802 0.262500 -0.195888
v 0.065802 0.262500 0.195888
v 0.065808 0.370313 -0.048337
v 0.065808 0.370313 0.048337
v 0.065960 -0.309993 0.396822
v 0.065960 -0.309994 -0.396822
v 0.066341 0.289800 -0.022285
v 0.066341 0.289800 0.022285
v 0.067523 0.355800 -0.011258
v 0.067523 0.355800 0.011258
v 0.067601 0.146400 -0.406693
v 0.067601 0.146400 0.406693
v 0.068400 0.355800 -0.000000
v 0.068400 0.355800 -0.000000
v 0.068732 0.404400 -0.035826
v 0.068732 0.404400 0.035825
v 0.068750 -0.295800 -0.413603
v 0.068750 -0.295800 0.413603
v 0.068918 -0.374456 -0.068918
v 0.068918 -0.374456 0.068919
v 0.068950 0.289800 -0.011461
v 0.068950 0.289800 0.011461
v 0.069438 0.281400 -0.069438
v 0.069438 0.281400 0.069438
v 0.069850 0.289800 -0.000000
v 0.070482 0.107382 0.424029
v 0.070482 0.107381 -0.424030
v 0.071785 -0.278907 -0.431865
v 0.071785 -0.278906 0.431865
v 0.072335 0.370313 -0.037699
v 0.072335 0.370313 0.037698
v 0.072535 0.395288 -0.053281
v 0.072535 0.395288 0.053280
v 0.072574 0.383700 -0.053309
v 0.072574 0.383700 0.053308
v 0.073180 0.068700 -0.440255
v 0.073180 0.068700 0.440255
v 0.073340 0.404400 -0.024704
v 0.073340 0.404400 0.024703
v 0.074821 -0.259200 -0.450126
v 0.074821 -0.259200 0.450127
v 0.075631 0.030468 -0.455001
v 0.075631 0.030469 0.455001
v 0.075966 -0.370443 0.226144
v 0.075966 -0.370444 -0.226143
v 0.076211 0.404400 -0.012714
v 0.076211 0.404400 0.012713
v 0.077186 0.370313 -0.025994
v 0.077186 0.370313 0.025994
v 0.077200 0.404400 -0.000000
v 0.077200 0.404400 -0.000000
v 0.077399 0.256800 -0.230412
v 0.077399 0.256800 0.230411
v 0.077610 -0.236569 -0.466907
v 0.077610 -0.236568 0.466908
v 0.077774 -0.007200 -0.467895
v 0.077774 -0.007200 0.467895
v 0.077963 0.268200 -0.149849
v 0.077963 0.268200 0.149849
v 0.078071 0.274350 -0.106380
v 0.078071 0.274350 0.106379
v 0.078556 -0.374456 -0.057651
v 0.078556 -0.374456 0.057651
v 0.079148 0.281400 -0.058086
v 0.079148 0.281400 0.058085
v 0.079548 -0.044194 -0.478568
v 0.079548 -0.044193 0.478568
v 0.079727 0.395288 -0.041556
v 0.079727 0.395288 0.041555
v 0.079770 0.383700 -0.041577
v 0.079770 0.383700 0.041576
v 0.079907 -0.210900 -0.480727
v 0.079907 -0.210900 0.480728
v 0.080209 0.370313 -0.013377
v 0.080209 0.370313 0.013377
v 0.080891 -0.080400 -0.486650
v 0.080891 -0.080400 0.486650
v 0.081250 0.370313 -0.000000
v 0.081250 0.370313 -0.000000
v 0.081388 -0.372900 -0.156433
v 0.081388 -0.372900 0.156434
v 0.081466 -0.182082 -0.490105
v 0.081466 -0.182081 0.490105
v 0.081743 -0.115707 -0.491771
v 0.081743 -0.115706 0.491771
v 0.082040 -0.150000 -0.493560
v 0.082040 -0.150000 -0.493560
v 0.082040 -0.150000 0.493560
v 0.085072 0.395288 -0.028655
v 0.085072 0.395288 0.028654
v 0.085119 0.383700 -0.028669
v 0.085119 0.383700 0.028669
v 0.086376 -0.374456 -0.044939
v 0.086376 -0.374456 0.044939
v 0.087026 0.281400 -0.045278
v 0.087026 0.281400 0.045277
v 0.087752 0.250650 -0.261232
v 0.087752 0.250650 0.261231
v 0.088403 0.395288 -0.014747
v 0.088403 0.395288 0.014747
v 0.088452 0.383700 -0.014754
v 0.088452 0.383700 0.014754
v 0.089550 0.395288 -0.000000
v 0.089550 0.395288 -0.000000
v 0.089600 0.383700 -0.000000
v 0.089600 0.383700 -0.000000
v 0.091214 -0.367200 0.271537
v 0.091214 -0.367200 -0.271536
v 0.092192 -0.374456 -0.030968
v 0.092192 -0.374456 0.030969
v 0.092887 0.281400 -0.031202
v 0.092887 0.281400 0.031202
v 0.093329 0.274350 -0.093330
v 0.093329 0.274350 0.093329
v 0.095486 0.262500 -0.183530
v 0.095486 0.262500 0.183529
v 0.095818 -0.374456 -0.015927
v 0.095818 -0.374456 0.015927
v 0.096094 0.243600 -0.286068
v 0.096094 0.243600 0.286067
v 0.096540 0.281400 -0.016047
v 0.096540 0.281400 0.016047
v 0.097069 -0.374456 0.000000
v 0.097069 -0.374456 0.000000
v 0.097800 0.281400 -0.000000
v 0.097800 0.281400 -0.000000
v 0.100016 0.268200 -0.136283
v 0.100016 0.268200 0.136282
v 0.101662 0.235200 -0.302641
v 0.101662 0.235200 0.302641
v 0.102442 -0.363281 0.304962
v 0.102442 -0.363282 -0.304962
v 0.103688 0.225000 -0.308672
v 0.103688 0.225000 0.308672
v 0.104411 -0.372900 -0.142271
v 0.104411 -0.372900 0.142272
v 0.106380 0.274350 0.078070
v 0.106380 0.274350 -0.078071
v 0.110101 0.240750 -0.327763
v 0.110101 0.240750 0.327762
v 0.110234 -0.370443 0.211877
v 0.110234 -0.370444 -0.211876
v 0.110246 0.245671 -0.328196
v 0.110246 0.245672 0.328195
v 0.110260 -0.358800 0.328237
v 0.110260 -0.358800 -0.328237
v 0.110542 0.233859 -0.329074
v 0.110542 0.233860 0.329074
v 0.110882 0.248625 -0.330089
v 0.110882 0.248625 0.330089
v 0.111664 0.225000 -0.332416
v 0.111664 0.225000 0.332416
v 0.111913 0.249609 -0.333158
v 0.111913 0.249610 0.333158
v 0.112314 0.256800 -0.215876
v 0.112314 0.256800 0.215875
v 0.113243 0.248625 -0.337118
v 0.113243 0.248625 0.337117
v 0.114777 0.245671 -0.341682
v 0.114777 0.245672 0.341682
v 0.115279 -0.353868 0.343178
v 0.115279 -0.353869 -0.343178
v 0.116418 0.240750 -0.346568
v 0.116418 0.240750 0.346567
v 0.116970 0.274350 -0.060856
v 0.116970 0.274350 0.060856
v 0.118071 0.233859 -0.351489
v 0.118071 0.233860 0.351488
v 0.118109 -0.348600 0.351602
v 0.118109 -0.348600 -0.351601
v 0.119359 -0.343106 0.355323
v 0.119359 -0.343107 -0.355323
v 0.119564 0.268200 -0.119564
v 0.119564 0.268200 0.119564
v 0.119640 -0.337500 -0.356160
v 0.119640 0.225000 -0.356160
v 0.119640 -0.337500 0.356160
v 0.119640 -0.337500 0.356160
v 0.119640 -0.337500 -0.356160
v 0.119640 0.225000 0.356160
v 0.120757 -0.330732 -0.359484
v 0.120757 -0.330731 0.359485
v 0.122496 0.262500 -0.166914
v 0.122496 0.262500 0.166914
v 0.123787 -0.321600 -0.368507
v 0.123787 -0.321600 0.368507
v 0.124818 -0.372900 -0.124818
v 0.124818 -0.372900 0.124818
v 0.124846 0.274350 -0.041938
v 0.124846 0.274350 0.041937
v 0.125602 0.185643 -0.373909
v 0.125602 0.185644 0.373908
v 0.127337 0.250650 0.244750
v 0.127337 0.250650 -0.244751
v 0.128254 -0.309994 -0.381803
v 0.128254 -0.309993 0.381804
v 0.129757 0.274350 0.021568
v 0.129757 0.274350 -0.021569
v 0.131444 0.146400 -0.391301
v 0.131444 0.146400 0.391301
v 0.131450 0.274350 -0.000000
v 0.131450 0.274350 -0.000000
v 0.132360 -0.367200 -0.254405
v 0.132360 -0.367200 0.254406
v 0.133678 -0.295800 -0.397949
v 0.133678 -0.295800 0.397950
v 0.136283 0.268200 -0.100017
v 0.136283 0.268200 0.100016
v 0.137047 0.107381 -0.407981
v 0.137047 0.107382 0.407981
v 0.139444 0.243600 -0.268020
v 0.139444 0.243600 0.268019
v 0.139580 -0.278907 -0.415520
v 0.139580 -0.278906 0.415520
v 0.141416 -0.370443 0.192695
v 0.141416 -0.370444 -0.192694
v 0.142272 -0.372900 -0.104411
v 0.142272 -0.372900 0.104412
v 0.142292 0.068700 -0.423593
v 0.142292 0.068700 0.423593
v 0.144085 0.256800 -0.196332
v 0.144085 0.256800 0.196331
v 0.145482 -0.259200 -0.433090
v 0.145482 -0.259200 0.433091
v 0.146437 0.262500 -0.146438
v 0.146437 0.262500 0.146437
v 0.147058 0.030468 -0.437780
v 0.147058 0.030469 0.437780
v 0.147522 0.235200 0.283547
v 0.147522 0.235200 -0.283548
v 0.148654 -0.363281 -0.285722
v 0.148654 -0.363281 0.285722
v 0.149849 0.268200 -0.077963
v 0.149849 0.268200 0.077962
v 0.150462 0.225000 -0.289198
v 0.150462 0.225000 0.289198
v 0.150906 -0.236569 -0.449236
v 0.150906 -0.236568 0.449237
v 0.151225 -0.007200 -0.450186
v 0.151225 -0.007200 0.450186
v 0.154675 -0.044194 -0.460456
v 0.154675 -0.044193 0.460456
v 0.155373 -0.210900 -0.462533
v 0.155373 -0.210900 0.462533
v 0.156433 -0.372900 0.081389
v 0.156433 -0.372900 -0.081388
v 0.157286 -0.080400 -0.468231
v 0.157286 -0.080400 0.468231
v 0.158403 -0.182082 -0.471556
v 0.158403 -0.182081 0.471556
v 0.158942 -0.115707 -0.473159
v 0.158942 -0.115706 0.473159
v 0.159520 -0.150000 -0.474880
v 0.159520 -0.150000 -0.474880
v 0.159520 -0.150000 0.474880
v 0.159520 -0.150000 0.474880
v 0.159767 0.240750 -0.307084
v 0.159767 0.240750 0.307083
v 0.159939 0.268200 -0.053727
v 0.159939 0.268200 0.053726
v 0.159978 0.245672 0.307489
v 0.159978 0.245671 -0.307490
v 0.159999 -0.358800 -0.307528
v 0.159999 -0.358800 0.307529
v 0.160407 0.233859 -0.308313
v 0.160407 0.233860 0.308313
v 0.160902 0.248625 -0.309264
v 0.160902 0.248625 0.309264
v 0.162036 0.225000 -0.311444
v 0.162036 0.225000 0.311444
v 0.162398 0.249609 -0.312140
v 0.162398 0.249610 0.312139
v 0.163357 0.250650 -0.222593
v 0.163357 0.250650 0.222592
v 0.164328 0.248625 -0.315849
v 0.164328 0.248625 0.315848
v 0.166231 0.268200 -0.027631
v 0.166231 0.268200 0.027631
v 0.166553 0.245672 0.320125
v 0.166553 0.245671 -0.320126
v 0.166914 0.262500 -0.122496
v 0.166914 0.262500 0.122496
v 0.166967 -0.372900 -0.056087
v 0.166967 -0.372900 0.056088
v 0.167282 -0.353869 -0.321527
v 0.167282 -0.353868 0.321527
v 0.168400 0.268200 -0.000000
v 0.168400 0.268200 -0.000000
v 0.168934 0.240750 -0.324703
v 0.168934 0.240750 0.324702
v 0.169056 -0.370443 0.169056
v 0.169056 -0.370444 -0.169055
v 0.169802 -0.367200 -0.231373
v 0.169802 -0.367200 0.231374
v 0.171332 0.233859 -0.329313
v 0.171332 0.233860 0.329313
v 0.171387 -0.348600 -0.329418
v 0.171387 -0.348600 0.329419
v 0.172246 0.256800 -0.172246
v 0.172246 0.256800 0.172246
v 0.173202 -0.343106 0.332906
v 0.173202 -0.343107 -0.332905
v 0.173535 -0.372900 -0.028845
v 0.173535 -0.372900 0.028846
v 0.173610 -0.337500 0.333690
v 0.173610 -0.337500 -0.333690
v 0.173610 0.225000 0.333690
v 0.173610 -0.337500 -0.333690
v 0.173610 -0.337500 0.333690
v 0.173610 0.225000 -0.333690
v 0.175230 -0.330731 0.336805
v 0.175230 -0.330732 -0.336804
v 0.175800 -0.372900 0.000000
v 0.178889 0.243600 -0.243756
v 0.178889 0.243600 0.243755
v 0.179629 -0.321600 0.345258
v 0.179629 -0.321600 -0.345258
v 0.182261 0.185643 -0.350319
v 0.182261 0.185644 0.350319
v 0.183529 0.262500 -0.095486
v 0.183529 0.262500 0.095485
v 0.186110 -0.309993 0.357716
v 0.186110 -0.309994 -0.357716
v 0.189252 0.235200 0.257877
v 0.189252 0.235200 -0.257877
v 0.190704 -0.363281 -0.259854
v 0.190704 -0.363281 0.259855
v 0.190739 0.146400 -0.366614
v 0.190739 0.146400 0.366614
v 0.192695 -0.370443 0.141416
v 0.192695 -0.370444 -0.141416
v 0.193024 0.225000 -0.263016
v 0.193024 0.225000 0.263016
v 0.193980 -0.295800 -0.372843
v 0.193980 -0.295800 0.372843
v 0.195285 0.250650 -0.195286
v 0.195285 0.250650 0.195285
v 0.195888 0.262500 -0.065802
v 0.195888 0.262500 0.065802
v 0.196331 0.256800 -0.144085
v 0.196331 0.256800 0.144085
v 0.198870 0.107382 0.382242
v 0.198870 0.107381 -0.382242
v 0.202545 -0.278906 0.389305
v 0.202545 -0.278907 -0.389305
v 0.202989 -0.367200 0.202989
v 0.202989 -0.367200 -0.202989
v 0.203594 0.262500 -0.033842
v 0.203594 0.262500 0.033841
v 0.204961 0.240750 -0.279283
v 0.204961 0.240750 0.279282
v 0.205233 0.245672 0.279651
v 0.205233 0.245671 -0.279652
v 0.205259 -0.358800 0.279688
v 0.205259 -0.358800 -0.279687
v 0.205782 0.233859 -0.280401
v 0.205782 0.233860 0.280400
v 0.206250 0.262500 -0.000000
v 0.206250 0.262500 -0.000000
v 0.206417 0.248625 -0.281266
v 0.206417 0.248625 0.281265
v 0.206480 0.068700 0.396868
v 0.206480 0.068700 -0.396868
v 0.207872 0.225000 -0.283248
v 0.207872 0.225000 0.283248
v 0.208336 0.249609 -0.283881
v 0.208336 0.249610 0.283880
v 0.210812 0.248625 -0.287254
v 0.210812 0.248625 0.287254
v 0.211110 -0.259200 0.405767
v 0.211110 -0.259200 -0.405767
v 0.211876 -0.370444 -0.110233
v 0.211876 -0.370443 0.110234
v 0.213396 0.030468 -0.410161
v 0.213396 0.030469 0.410161
v 0.213666 0.245671 -0.291144
v 0.213666 0.245672 0.291143
v 0.213852 0.243600 -0.213852
v 0.213852 0.243600 0.213852
v 0.214602 -0.353869 -0.292418
v 0.214602 -0.353868 0.292419
v 0.215876 0.256800 -0.112314
v 0.215876 0.256800 0.112314
v 0.216722 0.240750 -0.295307
v 0.216722 0.240750 0.295306
v 0.218980 -0.236569 -0.420894
v 0.218980 -0.236568 0.420894
v 0.219443 -0.007200 -0.421784
v 0.219443 -0.007200 0.421784
v 0.219799 0.233859 -0.299500
v 0.219799 0.233860 0.299499
v 0.219869 -0.348600 -0.299595
v 0.219869 -0.348600 0.299596
v 0.222197 -0.343106 0.302767
v 0.222197 -0.343107 -0.302766
v 0.222593 0.250650 -0.163358
v 0.222593 0.250650 0.163357
v 0.222720 -0.337500 -0.303480
v 0.222720 -0.337500 0.303480
v 0.222720 0.225000 -0.303480
v 0.222720 -0.337500 -0.303480
v 0.222720 -0.337500 0.303480
v 0.222720 0.225000 0.303480
v 0.224449 -0.044194 -0.431406
v 0.224449 -0.044193 0.431406
v 0.224799 -0.330731 0.306313
v 0.224799 -0.330732 -0.306312
v 0.225461 -0.210900 -0.433352
v 0.225461 -0.210900 0.433352
v 0.226143 -0.370444 0.075966
v 0.226143 -0.370444 -0.075965
v 0.226241 0.235200 0.226241
v 0.226241 0.235200 -0.226242
v 0.227977 -0.363281 -0.227976
v 0.227977 -0.363281 0.227977
v 0.228240 -0.080400 -0.438691
v 0.228240 -0.080400 0.438691
v 0.229860 -0.182082 -0.441806
v 0.229860 -0.182081 0.441806
v 0.230412 0.256800 -0.077399
v 0.230412 0.256800 0.077399
v 0.230441 -0.321600 0.314001
v 0.230441 -0.321600 -0.314001
v 0.230641 -0.115706 0.443307
v 0.230641 -0.115707 -0.443307
v 0.230750 0.225000 -0.230750
v 0.230750 0.225000 0.230750
v 0.231374 -0.367200 0.169802
v 0.231374 -0.367200 -0.169801
v 0.231480 -0.150000 0.444920
v 0.231480 -0.150000 -0.444920
v 0.231480 -0.150000 -0.444920
v 0.231480 -0.150000 0.444920
v 0.233819 0.185643 -0.318603
v 0.233819 0.185644 0.318603
v 0.235040 -0.370444 0.039069
v 0.235040 -0.370444 -0.039068
v 0.238107 -0.370444 0.000000
v 0.238107 -0.370444 0.000000
v 0.238755 -0.309993 0.325331
v 0.238755 -0.309994 -0.325330
v 0.239476 0.256800 -0.039806
v 0.239476 0.256800 0.039805
v 0.242600 0.256800 -0.000000
v 0.242600 0.256800 -0.000000
v 0.243756 0.243600 -0.178889
v 0.243756 0.243600 0.178888
v 0.244695 0.146400 -0.333423
v 0.244695 0.146400 0.333423
v 0.244750 0.250650 0.127337
v 0.244750 0.250650 -0.127338
v 0.245021 0.240750 -0.245021
v 0.245021 0.240750 0.245021
v 0.245345 0.245671 -0.245345
v 0.245345 0.245672 0.245345
v 0.245376 -0.358800 0.245376
v 0.245376 -0.358800 -0.245376
v 0.246002 0.233859 -0.246002
v 0.246002 0.233860 0.246001
v 0.246761 0.248625 -0.246761
v 0.246761 0.248625 0.246760
v 0.248500 0.225000 -0.248500
v 0.248500 0.225000 0.248500
v 0.248853 -0.295800 -0.339088
v 0.248853 -0.295800 0.339089
v 0.249055 0.249609 -0.249055
v 0.249055 0.249610 0.249054
v 0.252014 0.248625 -0.252015
v 0.252014 0.248625 0.252014
v 0.254405 -0.367200 0.132361
v 0.254405 -0.367200 -0.132360
v 0.255126 0.107381 -0.347636
v 0.255126 0.107382 0.347636
v 0.255427 0.245671 -0.255427
v 0.255427 0.245672 0.255427
v 0.256545 -0.353869 -0.256545
v 0.256545 -0.353868 0.256546
v 0.257877 0.235200 0.189252
v 0.257877 0.235200 -0.189253
v 0.259079 0.240750 -0.259079
v 0.259079 0.240750 0.259079
v 0.259840 -0.278907 -0.354060
v 0.259840 -0.278906 0.354060
v 0.259855 -0.363281 -0.190704
v 0.259855 -0.363281 0.190704
v 0.261232 0.250650 -0.087752
v 0.261232 0.250650 0.087752
v 0.262758 0.233859 -0.262758
v 0.262758 0.233860 0.262757
v 0.262842 -0.348600 -0.262842
v 0.262842 -0.348600 0.262842
v 0.263016 0.225000 -0.193024
v 0.263016 0.225000 0.193024
v 0.264888 0.068700 -0.360939
v 0.264888 0.068700 0.360939
v 0.265624 -0.343106 0.265625
v 0.265624 -0.343107 -0.265624
v 0.266250 -0.337500 -0.266250
v 0.266250 -0.337500 0.266250
v 0.266250 0.225000 -0.266250
v 0.266250 0.225000 0.266250
v 0.268019 0.243600 -0.139444
v 0.268019 0.243600 0.139443
v 0.268735 -0.330732 -0.268735
v 0.268735 -0.330731 0.268735
v 0.270828 -0.259200 -0.369032
v 0.270828 -0.259200 0.369032
v 0.271508 0.250650 0.045130
v 0.271508 0.250650 -0.045131
v 0.271536 -0.367200 0.091214
v 0.271536 -0.367200 -0.091213
v 0.273760 0.030468 -0.373028
v 0.273760 0.030469 0.373028
v 0.275050 0.250650 -0.000000
v 0.275050 0.250650 -0.000000
v 0.275480 -0.321600 0.275480
v 0.275480 -0.321600 -0.275480
v 0.279283 0.240750 -0.204962
v 0.279283 0.240750 0.204961
v 0.279518 0.185643 -0.279519
v 0.279518 0.185644 0.279518
v 0.279652 0.245671 -0.205233
v 0.279652 0.245672 0.205232
v 0.279687 -0.358800 -0.205258
v 0.279687 -0.358800 0.205259
v 0.280400 0.233859 -0.205783
v 0.280400 0.233860 0.205782
v 0.280924 -0.236569 -0.382789
v 0.280924 -0.236568 0.382790
v 0.281265 0.248625 -0.206417
v 0.281265 0.248625 0.206417
v 0.281518 -0.007200 -0.383599
v 0.281518 -0.007200 0.383599
v 0.282218 -0.367200 -0.046910
v 0.282218 -0.367200 0.046911
v 0.283248 0.225000 -0.207872
v 0.283248 0.225000 0.207872
v 0.283547 0.235200 0.147522
v 0.283547 0.235200 -0.147523
v 0.283881 0.249609 -0.208336
v 0.283881 0.249610 0.208336
v 0.285420 -0.309993 0.285420
v 0.285420 -0.309994 -0.285420
v 0.285722 -0.363281 -0.148653
v 0.285722 -0.363281 0.148654
v 0.285900 -0.367200 0.000000
v 0.285900 -0.367200 0.000000
v 0.286068 0.243600 -0.096095
v 0.286068 0.243600 0.096094
v 0.287254 0.248625 -0.210812
v 0.287254 0.248625 0.210812
v 0.287940 -0.044194 -0.392349
v 0.287940 -0.044193 0.392349
v 0.289198 0.225000 -0.150462
v 0.289198 0.225000 0.150462
v 0.289239 -0.210900 -0.394119
v 0.289239 -0.210900 0.394120
v 0.291144 0.245671 -0.213667
v 0.291144 0.245672 0.213666
v 0.292418 -0.353869 -0.214601
v 0.292418 -0.353868 0.214602
v 0.292520 0.146400 -0.292520
v 0.292520 0.146400 0.292520
v 0.292803 -0.080400 -0.398975
v 0.292803 -0.080400 0.398975
v 0.294881 -0.182082 -0.401807
v 0.294881 -0.182081 0.401807
v 0.295306 0.240750 -0.216722
v 0.295306 0.240750 0.216721
v 0.295884 -0.115707 -0.403173
v 0.295884 -0.115706 0.403173
v 0.296960 -0.150000 -0.404640
v 0.296960 -0.150000 -0.404640
v 0.296960 -0.150000 0.404640
v 0.296960 -0.150000 0.404640
v 0.297320 0.243600 -0.049421
v 0.297320 0.243600 0.049421
v 0.297490 -0.295800 -0.297490
v 0.297490 -0.295800 0.297490
v 0.299499 0.233859 -0.219799
v 0.299499 0.233860 0.219798
v 0.299596 -0.348600 -0.219869
v 0.299596 -0.348600 0.219870
v 0.301200 0.243600 -0.000000
v 0.301200 0.243600 -0.000000
v 0.302641 0.235200 0.101662
v 0.302641 0.235200 -0.101662
v 0.302767 -0.343106 0.222197
v 0.302767 -0.343107 -0.222196
v 0.303480 -0.337500 -0.222720
v 0.303480 -0.337500 -0.222720
v 0.303480 -0.337500 0.222720
v 0.303480 -0.337500 0.222720
v 0.303480 0.225000 -0.222720
v 0.303480 0.225000 0.222720
v 0.304962 -0.363281 -0.102441
v 0.304962 -0.363281 0.102442
v 0.304989 0.107382 0.304989
v 0.304989 0.107381 -0.304989
v 0.306313 -0.330731 0.224799
v 0.306313 -0.330732 -0.224798
v 0.307084 0.240750 -0.159768
v 0.307084 0.240750 0.159767
v 0.307490 0.245671 -0.159979
v 0.307490 0.245672 0.159978
v 0.307529 -0.358800 -0.159999
v 0.307529 -0.358800 0.159999
v 0.308313 0.233859 -0.160407
v 0.308313 0.233859 0.160407
v 0.308672 0.225000 -0.103688
v 0.308672 0.225000 0.103688
v 0.309264 0.248625 -0.160902
v 0.309264 0.248625 0.160901
v 0.310625 -0.278907 -0.310625
v 0.310625 -0.278906 0.310625
v 0.311444 0.225000 -0.162036
v 0.311444 0.225000 0.162036
v 0.312139 0.249609 -0.162398
v 0.312139 0.249610 0.162397
v 0.314001 -0.321600 0.230441
v 0.314001 -0.321600 -0.230441
v 0.314546 0.235200 0.052284
v 0.314546 0.235200 -0.052284
v 0.315848 0.248625 -0.164328
v 0.315848 0.248625 0.164327
v 0.316660 0.068700 -0.316660
v 0.316660 0.068700 0.316660
v 0.316958 -0.363281 -0.052685
v 0.316958 -0.363281 0.052685
v 0.318603 0.185643 -0.233819
v 0.318603 0.185644 0.233819
v 0.318650 0.235200 -0.000000
v 0.318650 0.235200 -0.000000
v 0.320125 0.245671 -0.166553
v 0.320125 0.245672 0.166552
v 0.320814 0.225000 -0.053326
v 0.320814 0.225000 0.053326
v 0.321093 -0.363281 0.000000
v 0.321093 -0.363281 0.000000
v 0.321527 -0.353869 -0.167282
v 0.321527 -0.353869 0.167282
v 0.323760 -0.259200 -0.323760
v 0.323760 -0.259200 0.323760
v 0.324703 0.240750 -0.168934
v 0.324703 0.240750 0.168934
v 0.325000 0.225000 -0.000000
v 0.325000 0.225000 -0.000000
v 0.325330 -0.309993 0.238756
v 0.325330 -0.309994 -0.238755
v 0.327266 0.030468 -0.327266
v 0.327266 0.030469 0.327266
v 0.327762 0.240750 -0.110101
v 0.327762 0.240750 0.110100
v 0.328196 0.245671 -0.110247
v 0.328196 0.245672 0.110246
v 0.328237 -0.358800 0.110261
v 0.328237 -0.358800 -0.110260
v 0.329074 0.233859 -0.110542
v 0.329074 0.233859 0.110541
v 0.329313 0.233859 -0.171333
v 0.329313 0.233859 0.171332
v 0.329419 -0.348600 -0.171387
v 0.329419 -0.348600 0.171388
v 0.330089 0.248625 -0.110883
v 0.330089 0.248625 0.110882
v 0.332416 0.225000 -0.111664
v 0.332416 0.225000 0.111664
v 0.332906 -0.343106 0.173202
v 0.332906 -0.343107 -0.173202
v 0.333158 0.249609 -0.111914
v 0.333158 0.249610 0.111913
v 0.333423 0.146400 -0.244695
v 0.333423 0.146400 0.244695
v 0.333690 -0.337500 0.173610
v 0.333690 -0.337500 -0.173610
v 0.333690 -0.337500 -0.173610
v 0.333690 -0.337500 0.173610
v 0.333690 0.225000 -0.173610
v 0.333690 0.225000 0.173610
v 0.335830 -0.236569 -0.335830
v 0.335830 -0.236568 0.335830
v 0.336540 -0.007200 -0.336540
v 0.336540 -0.007200 0.336540
v 0.336805 -0.330731 0.175231
v 0.336805 -0.330732 -0.175230
v 0.337117 0.248625 -0.113244
v 0.337117 0.248625 0.113243
v 0.339088 -0.295800 -0.248852
v 0.339088 -0.295800 0.248853
v 0.340655 0.240750 -0.056624
v 0.340655 0.240750 0.056624
v 0.341105 0.245671 -0.056699
v 0.341105 0.245671 0.056698
v 0.341149 -0.358800 -0.056706
v 0.341149 -0.358800 0.056706
v 0.341682 0.245671 -0.114777
v 0.341682 0.245672 0.114776
v 0.342019 0.233859 -0.056851
v 0.342019 0.233859 0.056850
v 0.343073 0.248625 -0.057026
v 0.343073 0.248625 0.057026
v 0.343178 -0.353869 -0.115279
v 0.343178 -0.353869 0.115279
v 0.344217 -0.044194 -0.344217
v 0.344217 -0.044193 0.344217
v 0.345100 0.240750 -0.000000
v 0.345100 0.240750 -0.000000
v 0.345258 -0.321600 0.179629
v 0.345258 -0.321600 -0.179628
v 0.345492 0.225000 -0.057428
v 0.345492 0.225000 0.057428
v 0.345556 0.245671 -0.000000
v 0.345556 0.245671 -0.000000
v 0.345600 -0.358800 0.000000
v 0.345600 -0.358800 0.000000
v 0.345770 -0.210900 -0.345770
v 0.345770 -0.210900 0.345770
v 0.346263 0.249610 -0.057557
v 0.346263 0.249610 0.057556
v 0.346482 0.233859 -0.000000
v 0.346482 0.233859 -0.000000
v 0.346568 0.240750 -0.116418
v 0.346568 0.240750 0.116417
v 0.347550 0.248625 -0.000000
v 0.347550 0.248625 -0.000000
v 0.347636 0.107381 -0.255126
v 0.347636 0.107382 0.255125
v 0.350000 0.225000 -0.000000
v 0.350000 0.225000 -0.000000
v 0.350030 -0.080400 -0.350030
v 0.350030 -0.080400 0.350030
v 0.350319 0.185644 -0.182262
v 0.350319 0.185644 0.182261
v 0.350378 0.248625 -0.058241
v 0.350378 0.248625 0.058240
v 0.350782 0.249610 -0.000000
v 0.350782 0.249610 -0.000000
v 0.351489 0.233859 -0.118071
v 0.351489 0.233859 0.118070
v 0.351601 -0.348600 -0.118108
v 0.351601 -0.348600 0.118109
v 0.352515 -0.182082 -0.352515
v 0.352515 -0.182081 0.352515
v 0.353713 -0.115707 -0.353713
v 0.353713 -0.115706 0.353713
v 0.354060 -0.278907 -0.259840
v 0.354060 -0.278906 0.259840
v 0.354950 0.248625 -0.000000
v 0.354950 0.248625 -0.000000
v 0.355000 -0.150000 -0.355000
v 0.355000 -0.150000 -0.355000
v 0.355000 -0.150000 0.355000
v 0.355000 -0.150000 0.355000
v 0.355123 0.245671 -0.059029
v 0.355123 0.245671 0.059028
v 0.355323 -0.343106 0.119359
v 0.355323 -0.343107 -0.119358
v 0.356160 -0.337500 -0.119640
v 0.356160 -0.337500 -0.119640
v 0.356160 -0.337500 0.119640
v 0.356160 -0.337500 0.119640
v 0.356160 0.225000 -0.119640
v 0.356160 0.225000 0.119640
v 0.356678 -0.353869 -0.059287
v 0.356678 -0.353869 0.059288
v 0.357716 -0.309994 0.186110
v 0.357716 -0.309994 -0.186110
v 0.359484 -0.330731 0.120757
v 0.359484 -0.330732 -0.120756
v 0.359756 0.245671 -0.000000
v 0.360200 0.240750 -0.059873
v 0.360200 0.240750 0.059872
v 0.360939 0.068700 -0.264888
v 0.360939 0.068700 0.264888
v 0.361331 -0.353869 0.000000
v 0.361331 -0.353869 0.000000
v 0.364900 0.240750 -0.000000
v 0.364900 0.240750 -0.000000
v 0.365315 0.233859 -0.060723
v 0.365315 0.233859 0.060723
v 0.365432 -0.348600 -0.060742
v 0.365432 -0.348600 0.060743
v 0.366614 0.146400 -0.190740
v 0.366614 0.146400 0.190739
v 0.368507 -0.321600 0.123788
v 0.368507 -0.321600 -0.123787
v 0.369032 -0.259200 -0.270827
v 0.369032 -0.259200 0.270828
v 0.369300 -0.343107 0.061386
v 0.369300 -0.343107 -0.061385
v 0.370081 0.233859 -0.000000
v 0.370081 0.233859 -0.000000
v 0.370170 -0.337500 -0.061530
v 0.370170 -0.337500 0.061530
v 0.370170 -0.337500 0.061530
v 0.370170 -0.337500 -0.061530
v 0.370170 0.225000 -0.061530
v 0.370170 0.225000 0.061530
v 0.370200 -0.348600 0.000000
v 0.370200 -0.348600 0.000000
v 0.372843 -0.295800 -0.193980
v 0.372843 -0.295800 0.193981
v 0.373028 0.030468 -0.273760
v 0.373028 0.030469 0.273760
v 0.373625 -0.330731 0.062105
v 0.373625 -0.330731 -0.062104
v 0.373909 0.185644 -0.125602
v 0.373909 0.185644 0.125602
v 0.374119 -0.343107 0.000000
v 0.374119 -0.343107 0.000000
v 0.375000 -0.337500 0.000000
v 0.375000 -0.337500 0.000000
v 0.375000 0.225000 -0.000000
v 0.375000 0.225000 -0.000000
v 0.378500 -0.330731 0.000000
v 0.378500 -0.330731 0.000000
v 0.381804 -0.309994 -0.128254
v 0.381804 -0.309994 0.128254
v 0.382242 0.107381 -0.198871
v 0.382242 0.107382 0.198870
v 0.382789 -0.236569 -0.280924
v 0.382789 -0.236568 0.280925
v 0.383002 -0.321600 0.063663
v 0.383002 -0.321600 -0.063663
v 0.383599 -0.007200 -0.281518
v 0.383599 -0.007200 0.281518
v 0.388000 -0.321600 0.000000
v 0.388000 -0.321600 0.000000
v 0.388617 0.185644 -0.064597
v 0.388617 0.185644 0.064596
v 0.389305 -0.278907 -0.202545
v 0.389305 -0.278906 0.202545
v 0.391301 0.146400 -0.131445
v 0.391301 0.146400 0.131444
v 0.392349 -0.044194 -0.287940
v 0.392349 -0.044193 0.287940
v 0.393687 0.185644 -0.000000
v 0.393687 0.185644 -0.000000
v 0.394120 -0.210900 -0.289239
v 0.394120 -0.210900 0.289239
v 0.396822 -0.309994 0.065961
v 0.396822 -0.309994 -0.065960
v 0.396868 0.068700 -0.206481
v 0.396868 0.068700 0.206480
v 0.397949 -0.295800 -0.133677
v 0.397949 -0.295800 0.133678
v 0.398975 -0.080400 -0.292803
v 0.398975 -0.080400 0.292803
v 0.401807 -0.182082 -0.294881
v 0.401807 -0.182081 0.294881
v 0.402000 -0.309994 0.000000
v 0.402000 -0.309994 0.000000
v 0.403173 -0.115707 -0.295884
v 0.403173 -0.115706 0.295884
v 0.404640 -0.150000 -0.296960
v 0.404640 -0.150000 -0.296960
v 0.404640 -0.150000 0.296960
v 0.404640 -0.150000 0.296960
v 0.405767 -0.259200 -0.211109
v 0.405767 -0.259200 0.211110
v 0.406693 0.146400 -0.067601
v 0.406693 0.146400 0.067601
v 0.407981 0.107381 -0.137048
v 0.407981 0.107382 0.137047
v 0.410161 0.030468 -0.213396
v 0.410161 0.030469 0.213396
v 0.412000 0.146400 -0.000000
v 0.412000 0.146400 -0.000000
v 0.413603 -0.295800 -0.068749
v 0.413603 -0.295800 0.068750
v 0.415520 -0.278906 -0.139580
v 0.415520 -0.278906 0.139580
v 0.419000 -0.295800 0.000000
v 0.419000 -0.295800 0.000000
v 0.420894 -0.236569 -0.218980
v 0.420894 -0.236568 0.218980
v 0.421784 -0.007200 -0.219443
v 0.421784 -0.007200 0.219443
v 0.423593 0.068700 -0.142292
v 0.423593 0.068700 0.142292
v 0.424029 0.107381 -0.070483
v 0.424029 0.107382 0.070482
v 0.425000 -0.225000 0.000000
v 0.425000 -0.225000 0.000000
v 0.425000 -0.219225 0.044550
v 0.425000 -0.219225 -0.044550
v 0.425000 -0.203550 -0.079200
v 0.425000 -0.203550 0.079200
v 0.425000 -0.180450 0.103950
v 0.425000 -0.180450 -0.103950
v 0.425000 -0.152400 -0.118800
v 0.425000 -0.152400 0.118800
v 0.425000 -0.121875 -0.123750
v 0.425000 -0.121875 0.123750
v 0.425000 -0.091350 -0.118800
v 0.425000 -0.091350 0.118800
v 0.425000 -0.063300 0.103950
v 0.425000 -0.063300 -0.103950
v 0.425000 -0.040200 -0.079200
v 0.425000 -0.040200 0.079200
v 0.425000 -0.024525 0.044550
v 0.425000 -0.024525 -0.044550
v 0.425000 -0.018750 0.000000
v 0.425000 -0.018750 0.000000
v 0.429563 0.107382 -0.000000
v 0.429563 0.107382 -0.000000
v 0.431406 -0.044194 -0.224449
v 0.431406 -0.044193 0.224449
v 0.431865 -0.278906 -0.071785
v 0.431865 -0.278906 0.071785
v 0.433091 -0.259200 -0.145482
v 0.433091 -0.259200 0.145483
v 0.433352 -0.210900 -0.225461
v 0.433352 -0.210900 0.225462
v 0.437500 -0.278906 0.000000
v 0.437500 -0.278906 0.000000
v 0.437780 0.030468 -0.147058
v 0.437780 0.030469 0.147058
v 0.438691 -0.080400 -0.228240
v 0.438691 -0.080400 0.228240
v 0.440255 0.068700 -0.073180
v 0.440255 0.068700 0.073179
v 0.441806 -0.182082 -0.229860
v 0.441806 -0.182081 0.229860
v 0.443307 -0.115707 -0.230641
v 0.443307 -0.115706 0.230641
v 0.444920 -0.150000 -0.231480
v 0.444920 -0.150000 -0.231480
v 0.444920 -0.150000 0.231480
v 0.444920 -0.150000 0.231480
v 0.446000 0.068700 -0.000000
v 0.446000 0.068700 -0.000000
v 0.449237 -0.236569 -0.150906
v 0.449237 -0.236568 0.150906
v 0.450126 -0.259200 -0.074820
v 0.450126 -0.259200 0.074821
v 0.450186 -0.007200 -0.151225
v 0.450186 -0.007200 0.151225
v 0.455001 0.030468 -0.075631
v 0.455001 0.030469 0.075631
v 0.456000 -0.259200 0.000000
v 0.456000 -0.259200 0.000000
v 0.460456 -0.044194 -0.154675
v 0.460456 -0.044193 0.154675
v 0.460938 0.030468 -0.000000
v 0.460938 0.030468 -0.000000
v 0.462533 -0.210900 -0.155372
v 0.462533 -0.210900 0.155373
v 0.466908 -0.236568 -0.077609
v 0.466908 -0.236568 0.077610
v 0.467895 -0.007200 -0.077774
v 0.467895 -0.007200 0.077774
v 0.468231 -0.080400 -0.157286
v 0.468231 -0.080400 0.157286
v 0.471556 -0.182082 -0.158403
v 0.471556 -0.182081 0.158403
v 0.473000 -0.236568 0.000000
v 0.473000 -0.236568 0.000000
v 0.473159 -0.115707 -0.158941
v 0.473159 -0.115706 0.158942
v 0.474000 -0.007200 0.000000
v 0.474000 -0.007200 0.000000
v 0.474880 -0.150000 -0.159520
v 0.474880 -0.150000 -0.159520
v 0.474880 -0.150000 0.159520
v 0.474880 -0.150000 0.159520
v 0.478568 -0.044194 -0.079548
v 0.478568 -0.044193 0.079548
v 0.480727 -0.210900 -0.079907
v 0.480727 -0.210900 0.079907
v 0.483975 -0.013950 0.000000
v 0.483975 -0.013950 0.000000
v 0.484812 -0.044194 0.000000
v 0.484812 -0.044194 0.000000
v 0.484848 -0.019195 -0.043775
v 0.484848 -0.019195 0.043775
v 0.486650 -0.080400 -0.080891
v 0.486650 -0.080400 0.080892
v 0.487000 -0.210900 0.000000
v 0.487000 -0.210900 0.000000
v 0.487220 -0.033431 -0.077822
v 0.487220 -0.033430 0.077822
v 0.490105 -0.182082 -0.081465
v 0.490105 -0.182081 0.081466
v 0.490714 -0.054410 -0.102142
v 0.490714 -0.054409 0.102142
v 0.491771 -0.115707 -0.081742
v 0.491771 -0.115706 0.081743
v 0.493000 -0.080400 0.000000
v 0.493000 -0.080400 0.000000
v 0.493560 -0.150000 -0.082040
v 0.493560 -0.150000 0.082040
v 0.493560 -0.150000 0.082040
v 0.494958 -0.079884 -0.116733
v 0.494958 -0.079884 0.116734
v 0.496500 -0.182082 0.000000
v 0.496500 -0.182082 0.000000
v 0.498188 -0.115707 0.000000
v 0.498188 -0.115707 0.000000
v 0.499575 -0.107607 -0.121597
v 0.499575 -0.107606 0.121598
v 0.500000 -0.150000 0.000000
v 0.500000 -0.150000 0.000000
v 0.504192 -0.135329 -0.116733
v 0.504192 -0.135328 0.116734
v 0.508435 -0.160803 -0.102142
v 0.508435 -0.160803 0.102142
v 0.511930 -0.181782 0.077823
v 0.511930 -0.181782 -0.077822
v 0.514301 -0.196018 0.043775
v 0.514301 -0.196018 -0.043775
v 0.515175 -0.201263 0.000000
v 0.515175 -0.201263 0.000000
v 0.527800 -0.000600 0.000000
v 0.527800 -0.000600 0.000000
v 0.529244 -0.005220 -0.041672
v 0.529244 -0.005220 0.041671
v 0.533167 -0.017760 -0.074083
v 0.533167 -0.017760 0.074083
v 0.538945 -0.036240 -0.097235
v 0.538945 -0.036240 0.097234
v 0.545963 -0.058680 -0.111125
v 0.545963 -0.058680 0.111125
v 0.553600 -0.083100 -0.115755
v 0.553600 -0.083100 0.115755
v 0.559325 0.019725 -0.000000
v 0.559325 0.019725 -0.000000
v 0.561114 0.015793 -0.038573
v 0.561114 0.015793 0.038572
v 0.561237 -0.107520 -0.111124
v 0.561237 -0.107520 0.111125
v 0.565970 0.005119 -0.068573
v 0.565970 0.005120 0.068572
v 0.568254 -0.129960 -0.097234
v 0.568254 -0.129960 0.097234
v 0.573128 -0.010610 -0.090002
v 0.573128 -0.010609 0.090002
v 0.574033 -0.148440 -0.074083
v 0.574033 -0.148440 0.074083
v 0.577955 -0.160980 -0.041671
v 0.577955 -0.160980 0.041672
v 0.579400 -0.165600 0.000000
v 0.579400 -0.165600 0.000000
v 0.581400 0.045450 -0.000000
v 0.581400 0.045450 -0.000000
v 0.581818 -0.029709 -0.102859
v 0.581818 -0.029709 0.102859
v 0.583382 0.042237 -0.034809
v 0.583382 0.042237 0.034808
v 0.588763 0.033516 -0.061882
v 0.588763 0.033516 0.061881
v 0.591275 -0.050494 -0.107145
v 0.591275 -0.050493 0.107145
v 0.596693 0.020664 -0.081220
v 0.596693 0.020664 0.081220
v 0.596875 0.075000 -0.000000
v 0.596875 0.075000 -0.000000
v 0.598975 0.072506 0.030712
v 0.598975 0.072506 -0.030713
v 0.600733 -0.071279 -0.102859
v 0.600733 -0.071278 0.102859
v 0.604675 0.065737 -0.054600
v 0.604675 0.065738 0.054600
v 0.606322 0.005058 -0.092822
v 0.606322 0.005058 0.092822
v 0.608600 0.106800 -0.000000
v 0.608600 0.106800 -0.000000
v 0.609423 -0.090378 -0.090001
v 0.609423 -0.090378 0.090002
v 0.610817 0.104994 0.026616
v 0.610817 0.104994 -0.026617
v 0.613075 0.055762 -0.071663
v 0.613075 0.055763 0.071662
v 0.616579 -0.106107 -0.068573
v 0.616579 -0.106107 0.068573
v 0.616800 -0.011925 -0.096690
v 0.616800 -0.011925 0.096690
v 0.616836 0.100092 0.047318
v 0.616836 0.100092 -0.047319
v 0.619425 0.139275 -0.000000
v 0.619425 0.139275 -0.000000
v 0.621436 -0.116780 -0.038572
v 0.621436 -0.116780 0.038573
v 0.621836 0.138094 -0.022853
v 0.621836 0.138094 0.022852
v 0.623225 -0.120712 0.000000
v 0.623225 -0.120712 0.000000
v 0.623275 0.043650 -0.081900
v 0.623275 0.043650 0.081900
v 0.625708 0.092868 0.062105
v 0.625708 0.092868 -0.062106
v 0.627279 -0.028908 -0.092822
v 0.627279 -0.028908 0.092822
v 0.628380 0.134888 0.040627
v 0.628380 0.134888 -0.040628
v 0.632200 0.170850 -0.000000
v 0.634375 0.030468 -0.085313
v 0.634375 0.030469 0.085313
v 0.634955 0.170199 -0.019754
v 0.634955 0.170199 0.019753
v 0.636478 0.084096 -0.070978
v 0.636478 0.084096 0.070977
v 0.636908 -0.044514 -0.081220
v 0.636908 -0.044514 0.081220
v 0.638022 0.130163 -0.053324
v 0.638022 0.130163 0.053323
v 0.642434 0.168432 -0.035117
v 0.642434 0.168432 0.035116
v 0.644836 -0.057366 -0.061881
v 0.644836 -0.057366 0.061882
v 0.645475 0.017287 -0.081900
v 0.645475 0.017288 0.081900
v 0.648200 0.074550 -0.073935
v 0.648200 0.074550 0.073935
v 0.649732 0.124425 -0.060941
v 0.649732 0.124425 0.060940
v 0.649775 0.199950 -0.000000
v 0.649775 0.199950 -0.000000
v 0.650217 -0.066087 -0.034808
v 0.650217 -0.066087 0.034809
v 0.652200 -0.069300 0.000000
v 0.652200 -0.069300 0.000000
v 0.653102 0.199703 0.017650
v 0.653102 0.199703 -0.017650
v 0.653454 0.165828 -0.046091
v 0.653454 0.165828 0.046090
v 0.655675 0.005175 -0.071663
v 0.655675 0.005175 0.071663
v 0.659922 0.065004 -0.070978
v 0.659922 0.065004 0.070977
v 0.662130 0.199033 0.031377
v 0.662130 0.199033 -0.031378
v 0.662475 0.118181 0.063480
v 0.662475 0.118181 -0.063480
v 0.664075 -0.004800 -0.054600
v 0.664075 -0.004800 0.054600
v 0.666837 0.162666 -0.052676
v 0.666837 0.162666 0.052675
v 0.669775 -0.011568 0.030713
v 0.669775 -0.011569 -0.030713
v 0.670693 0.056232 0.062105
v 0.670693 0.056232 -0.062106
v 0.671875 -0.014062 0.000000
v 0.671875 -0.014062 0.000000
v 0.675000 0.225000 -0.000000
v 0.675000 0.225000 -0.000000
v 0.675000 0.225000 -0.000000
v 0.675218 0.111937 -0.060941
v 0.675218 0.111938 0.060940
v 0.675435 0.198047 0.041183
v 0.675435 0.198047 -0.041183
v 0.679200 0.225000 0.016875
v 0.679200 0.225000 -0.016875
v 0.679200 0.225000 -0.016875
v 0.679200 0.225000 0.016875
v 0.679563 0.049008 0.047318
v 0.679563 0.049008 -0.047319
v 0.681400 0.159225 -0.054870
v 0.681400 0.159225 0.054870
v 0.682450 0.230062 -0.000000
v 0.685583 0.044106 0.026616
v 0.685583 0.044106 -0.026617
v 0.686852 0.230101 -0.016686
v 0.686852 0.230101 0.016686
v 0.686927 0.106200 -0.053324
v 0.686927 0.106200 0.053323
v 0.687800 0.042300 -0.000000
v 0.687800 0.042300 -0.000000
v 0.689600 0.234000 -0.000000
v 0.690600 0.225000 0.030000
v 0.690600 0.225000 -0.030000
v 0.690600 0.225000 -0.030000
v 0.690600 0.225000 0.030000
v 0.691593 0.196848 0.047066
v 0.691593 0.196848 -0.047067
v 0.694091 0.234076 -0.016173
v 0.694091 0.234076 0.016173
v 0.695964 0.155784 -0.052676
v 0.695964 0.155784 0.052675
v 0.696150 0.236813 -0.000000
v 0.696150 0.236813 -0.000000
v 0.696571 0.101475 0.040627
v 0.696571 0.101475 -0.040628
v 0.698799 0.230208 -0.029664
v 0.698799 0.230208 0.029664
v 0.700000 0.225000 -0.000000
v 0.700632 0.236920 -0.015417
v 0.700632 0.236920 0.015417
v 0.701800 0.238500 -0.000000
v 0.702800 0.225000 -0.010125
v 0.702800 0.225000 0.010125
v 0.703115 0.098269 0.022852
v 0.703115 0.098269 -0.022853
v 0.705525 0.097088 -0.000000
v 0.705525 0.097088 -0.000000
v 0.706050 0.230062 -0.000000
v 0.706050 0.230062 -0.000000
v 0.706187 0.238633 -0.014499
v 0.706187 0.238633 0.014499
v 0.706250 0.239063 -0.000000
v 0.706250 0.239063 -0.000000
v 0.706281 0.234280 -0.028752
v 0.706281 0.234280 0.028752
v 0.707400 0.225000 0.039375
v 0.707400 0.225000 -0.039375
v 0.707400 0.225000 -0.039375
v 0.707400 0.225000 0.039375
v 0.709168 0.230129 -0.010314
v 0.709168 0.230129 0.010314
v 0.709175 0.195543 0.049027
v 0.709175 0.195543 -0.049028
v 0.709200 0.238500 -0.000000
v 0.709200 0.238500 -0.000000
v 0.709346 0.152622 -0.046091
v 0.709346 0.152622 0.046090
v 0.709400 0.234000 -0.000000
v 0.709400 0.234000 -0.000000
v 0.710350 0.236813 -0.000000
v 0.710350 0.236813 -0.000000
v 0.710400 0.225000 -0.018000
v 0.710400 0.225000 0.018000
v 0.710472 0.239210 -0.013500
v 0.710472 0.239210 0.013500
v 0.712797 0.237212 -0.027408
v 0.712797 0.237212 0.027408
v 0.712833 0.234113 -0.010827
v 0.712833 0.234113 0.010827
v 0.713198 0.238651 -0.012501
v 0.713198 0.238651 0.012501
v 0.714081 0.236953 -0.011583
v 0.714081 0.236953 0.011583
v 0.716407 0.230363 -0.038934
v 0.716407 0.230363 0.038934
v 0.717631 0.230312 -0.018336
v 0.717631 0.230312 0.018336
v 0.718096 0.238991 -0.025776
v 0.718096 0.238991 0.025776
v 0.720366 0.150018 -0.035117
v 0.720366 0.150018 0.035116
v 0.721600 0.225000 -0.023625
v 0.721600 0.225000 0.023625
v 0.721932 0.239611 -0.024000
v 0.721932 0.239611 0.024000
v 0.722151 0.234422 -0.019248
v 0.722151 0.234422 0.019248
v 0.724051 0.239062 0.022224
v 0.724051 0.239062 -0.022224
v 0.724207 0.237335 -0.020592
v 0.724207 0.237335 0.020592
v 0.724247 0.234583 -0.037737
v 0.724247 0.234583 0.037737
v 0.726758 0.194239 0.047066
v 0.726758 0.194239 -0.047067
v 0.727800 0.225000 -0.045000
v 0.727800 0.225000 -0.045000
v 0.727800 0.225000 0.045000
v 0.727845 0.148251 -0.019754
v 0.727845 0.148251 0.019753
v 0.730103 0.230582 -0.024066
v 0.730103 0.230582 0.024066
v 0.730600 0.147600 -0.000000
v 0.730725 0.237642 -0.035973
v 0.730725 0.237642 0.035973
v 0.735200 0.225000 -0.027000
v 0.735200 0.225000 0.027000
v 0.735647 0.239521 -0.033831
v 0.735647 0.239521 0.033831
v 0.735882 0.234875 -0.025263
v 0.735882 0.234875 0.025263
v 0.737786 0.230552 -0.044496
v 0.737786 0.230552 0.044496
v 0.738819 0.240202 -0.031500
v 0.738819 0.240202 0.031500
v 0.739130 0.237897 -0.027027
v 0.739130 0.237897 0.027027
v 0.740045 0.239667 -0.029169
v 0.740045 0.239667 0.029169
v 0.742914 0.193041 0.041183
v 0.742914 0.193041 -0.041183
v 0.745247 0.230909 0.027504
v 0.745247 0.230909 -0.027504
v 0.746060 0.234950 -0.043128
v 0.746060 0.234950 0.043128
v 0.750000 0.225000 -0.046875
v 0.750000 0.225000 -0.046875
v 0.750000 0.225000 -0.028125
v 0.750000 0.225000 0.028125
v 0.750000 0.225000 0.046875
v 0.752495 0.238164 -0.041112
v 0.752495 0.238164 0.041112
v 0.752555 0.235426 -0.028872
v 0.752555 0.235426 0.028872
v 0.756220 0.192054 0.031377
v 0.756220 0.192054 -0.031378
v 0.756958 0.240163 -0.038664
v 0.756958 0.240163 0.038664
v 0.757252 0.238580 -0.030888
v 0.757252 0.238580 0.030888
v 0.759325 0.240919 -0.036000
v 0.759325 0.240919 0.036000
v 0.759466 0.240401 0.033336
v 0.759466 0.240401 -0.033336
v 0.761053 0.230759 -0.046350
v 0.761053 0.230759 0.046350
v 0.761728 0.231265 0.028650
v 0.761728 0.231265 -0.028650
v 0.764800 0.225000 -0.027000
v 0.764800 0.225000 0.027000
v 0.765248 0.191384 0.017650
v 0.765248 0.191384 -0.017650
v 0.768575 0.191137 -0.000000
v 0.768575 0.191137 -0.000000
v 0.769800 0.235350 -0.044925
v 0.769800 0.235350 0.044925
v 0.770700 0.236025 -0.030075
v 0.770700 0.236025 0.030075
v 0.772200 0.225000 -0.045000
v 0.772200 0.225000 -0.045000
v 0.772200 0.225000 0.045000
v 0.776184 0.238732 -0.042825
v 0.776184 0.238732 0.042825
v 0.776972 0.239323 -0.032175
v 0.776972 0.239323 0.032175
v 0.778208 0.231621 0.027504
v 0.778208 0.231621 -0.027504
v 0.778400 0.225000 -0.023625
v 0.778400 0.225000 0.023625
v 0.780150 0.240863 0.040275
v 0.780150 0.240863 -0.040275
v 0.780600 0.241200 0.034725
v 0.780600 0.241200 -0.034725
v 0.781641 0.241699 -0.037500
v 0.781641 0.241699 0.037500
v 0.784320 0.230965 -0.044496
v 0.784320 0.230965 0.044496
v 0.788845 0.236624 -0.028872
v 0.788845 0.236624 0.028872
v 0.789600 0.225000 -0.018000
v 0.789600 0.225000 0.018000
v 0.792600 0.225000 -0.039375
v 0.792600 0.225000 0.039375
v 0.792600 0.225000 -0.039375
v 0.793353 0.231947 -0.024066
v 0.793353 0.231947 0.024066
v 0.793539 0.235749 -0.043128
v 0.793539 0.235749 0.043128
v 0.796692 0.240066 -0.030888
v 0.796692 0.240066 0.030888
v 0.797200 0.225000 -0.010125
v 0.797200 0.225000 0.010125
v 0.799874 0.239301 -0.041112
v 0.799874 0.239301 0.041112
v 0.800000 0.225000 -0.000000
v 0.801735 0.241999 0.033336
v 0.801735 0.241999 -0.033336
v 0.803342 0.241562 -0.038664
v 0.803342 0.241562 0.038664
v 0.803957 0.242480 -0.036000
v 0.803957 0.242480 0.036000
v 0.805519 0.237175 -0.025263
v 0.805519 0.237175 0.025263
v 0.805700 0.231154 -0.038934
v 0.805700 0.231154 0.038934
v 0.805825 0.232217 -0.018336
v 0.805825 0.232217 0.018336
v 0.809400 0.225000 -0.030000
v 0.809400 0.225000 0.030000
v 0.809400 0.225000 -0.030000
v 0.814288 0.232400 -0.010314
v 0.814288 0.232400 0.010314
v 0.814813 0.240748 -0.027027
v 0.814813 0.240748 0.027027
v 0.815354 0.236116 -0.037737
v 0.815354 0.236116 0.037737
v 0.817406 0.232468 -0.000000
v 0.817406 0.232468 -0.000000
v 0.819250 0.237629 -0.019248
v 0.819250 0.237629 0.019248
v 0.820800 0.225000 -0.016875
v 0.820800 0.225000 0.016875
v 0.820800 0.225000 -0.016875
v 0.821155 0.242733 -0.029169
v 0.821155 0.242733 0.029169
v 0.821644 0.239822 -0.035973
v 0.821644 0.239822 0.035973
v 0.823307 0.231310 -0.029664
v 0.823307 0.231310 0.029664
v 0.824462 0.243197 -0.031500
v 0.824462 0.243197 0.031500
v 0.824652 0.242205 -0.033831
v 0.824652 0.242205 0.033831
v 0.825000 0.225000 -0.000000
v 0.825000 0.225000 -0.000000
v 0.828568 0.237936 -0.010827
v 0.828568 0.237936 0.010827
v 0.829736 0.241311 -0.020592
v 0.829736 0.241311 0.020592
v 0.832000 0.238050 -0.000000
v 0.832000 0.238050 -0.000000
v 0.833318 0.236419 -0.028752
v 0.833318 0.236419 0.028752
v 0.835254 0.231415 -0.016686
v 0.835254 0.231415 0.016686
v 0.837148 0.243338 0.022224
v 0.837148 0.243338 -0.022224
v 0.839571 0.240252 -0.027408
v 0.839571 0.240252 0.027408
v 0.839656 0.231455 -0.000000
v 0.839863 0.241692 -0.011583
v 0.839863 0.241692 0.011583
v 0.841350 0.243787 -0.024000
v 0.841350 0.243787 0.024000
v 0.842203 0.242733 -0.025776
v 0.842203 0.242733 0.025776
v 0.843594 0.241833 -0.000000
v 0.843594 0.241833 -0.000000
v 0.845509 0.236624 -0.016173
v 0.845509 0.236624 0.016173
v 0.848001 0.243749 -0.012501
v 0.848001 0.243749 0.012501
v 0.850000 0.236700 -0.000000
v 0.851736 0.240544 -0.015417
v 0.851736 0.240544 0.015417
v 0.852000 0.243900 -0.000000
v 0.852000 0.243900 -0.000000
v 0.852809 0.244188 -0.013500
v 0.852809 0.244188 0.013500
v 0.854113 0.243093 -0.014499
v 0.854113 0.243093 0.014499
v 0.856219 0.240652 -0.000000
v 0.857031 0.244336 -0.000000
v 0.857031 0.244336 -0.000000
v 0.858500 0.243225 -0.000000
vn -0.9466 -0.2854 0.1503
vn -0.9178 -0.3693 0.1458
vn -0.9269 -0.3681 0.0728
vn -0.9558 -0.2844 0.0750
vn -0.9110 -0.2857 0.2974
vn -0.8832 -0.3697 0.2885
vn -0.8530 -0.2860 0.4365
vn -0.8269 -0.3701 0.4233
vn -0.7745 -0.2862 0.5641
vn -0.7508 -0.3703 0.5469
vn -0.6775 -0.2863 0.6775
vn -0.6568 -0.3704 0.6568
vn -0.5641 -0.2862 0.7745
vn -0.5469 -0.3703 0.7508
vn -0.4365 -0.2860 0.8530
vn -0.4233 -0.3701 0.8269
vn -0.2974 -0.2857 0.9110
vn -0.2885 -0.3697 0.8832
vn -0.1503 -0.2854 0.9466
vn -0.1458 -0.3693 0.9178
vn -0.0750 -0.2844 0.9558
vn -0.0728 -0.3681 0.9269
vn -0.9862 -0.0532 0.1565
vn -0.9955 -0.0528 0.0781
vn -0.9493 -0.0531 0.3098
vn -0.8890 -0.0532 0.4549
vn -0.8072 -0.0532 0.5879
vn -0.7061 -0.0533 0.7061
vn -0.5879 -0.0532 0.8072
vn -0.4549 -0.0532 0.8890
vn -0.3098 -0.0531 0.9493
vn -0.1565 -0.0531 0.9862
vn -0.0782 -0.0529 0.9955
vn -0.9286 0.3405 0.1474
vn -0.9377 0.3394 0.0736
vn -0.8937 0.3409 0.2917
vn -0.8368 0.3412 0.4282
vn -0.7598 0.3413 0.5534
vn -0.6646 0.3415 0.6646
vn -0.5533 0.3414 0.7598
vn -0.4281 0.3412 0.8368
vn -0.2917 0.3408 0.8937
vn -0.1474 0.3406 0.9286
vn -0.0736 0.3394 0.9377
vn -0.5759 0.8124 0.0915
vn -0.5827 0.8114 0.0457
vn -0.5539 0.8127 0.1808
vn -0.5185 0.8129 0.2654
vn -0.4706 0.8131 0.3428
vn -0.4116 0.8131 0.4116
vn -0.3427 0.8131 0.4705
vn -0.2653 0.8130 0.5183
vn -0.1809 0.8127 0.5539
vn -0.0914 0.8125 0.5758
vn -0.0457 0.8114 0.5827
vn -0.0186 0.9998 0.0030
vn -0.0187 0.9998 0.0019
vn -0.0178 0.9998 0.0059
vn -0.0167 0.9998 0.0087
vn -0.0153 0.9998 0.0112
vn -0.0134 0.9998 0.0134
vn -0.0112 0.9998 0.0152
vn -0.0086 0.9998 0.0168
vn -0.0060 0.9998 0.0179
vn -0.0030 0.9998 0.0185
vn -0.0015 0.9998 0.0191
vn 0.3834 0.9216 -0.0608
vn 0.3882 0.9211 -0.0305
vn 0.3686 0.9218 -0.1203
vn 0.3448 0.9219 -0.1764
vn 0.3129 0.9221 -0.2278
vn 0.2735 0.9221 -0.2736
vn 0.2279 0.9221 -0.3129
vn 0.1764 0.9219 -0.3448
vn 0.1202 0.9218 -0.3685
vn 0.0608 0.9216 -0.3834
vn 0.0305 0.9211 -0.3881
vn 0.6064 0.7893 -0.0962
vn 0.6135 0.7883 -0.0482
vn 0.5832 0.7897 -0.1904
vn 0.5457 0.7901 -0.2792
vn 0.4953 0.7903 -0.3607
vn 0.4332 0.7904 -0.4332
vn 0.3607 0.7903 -0.4953
vn 0.2793 0.7900 -0.5458
vn 0.1904 0.7897 -0.5832
vn 0.0963 0.7893 -0.6064
vn 0.0482 0.7882 -0.6135
vn 0.7401 0.6622 -0.1175
vn 0.7482 0.6608 -0.0587
vn 0.7120 0.6627 -0.2324
vn 0.6664 0.6631 -0.3410
vn 0.6049 0.6633 -0.4406
vn 0.5291 0.6635 -0.5291
vn 0.4405 0.6634 -0.6048
vn 0.3410 0.6630 -0.6664
vn 0.2324 0.6627 -0.7120
vn 0.1175 0.6622 -0.7401
vn 0.0587 0.6608 -0.7482
vn 0.8292 0.5432 -0.1317
vn 0.8380 0.5418 -0.0658
vn 0.7979 0.5436 -0.2605
vn 0.7469 0.5441 -0.3822
vn 0.6780 0.5444 -0.4939
vn 0.5931 0.5445 -0.5931
vn 0.4939 0.5443 -0.6781
vn 0.3822 0.5441 -0.7469
vn 0.2605 0.5436 -0.7979
vn 0.1317 0.5432 -0.8292
vn 0.0658 0.5417 -0.8380
vn 0.8785 0.4570 -0.1395
vn 0.8874 0.4557 -0.0697
vn 0.8453 0.4574 -0.2760
vn 0.7914 0.4579 -0.4050
vn 0.7185 0.4581 -0.5233
vn 0.6285 0.4582 -0.6285
vn 0.5233 0.4581 -0.7185
vn 0.4050 0.4579 -0.7914
vn 0.2760 0.4574 -0.8453
vn 0.1395 0.4570 -0.8785
vn 0.0697 0.4556 -0.8874
vn 0.1503 -0.2854 0.9466
vn 0.1458 -0.3693 0.9178
vn 0.0728 -0.3681 0.9269
vn 0.0750 -0.2844 0.9558
vn 0.2974 -0.2857 0.9110
vn 0.2885 -0.3697 0.8832
vn 0.4365 -0.2860 0.8530
vn 0.4233 -0.3701 0.8269
vn 0.5641 -0.2862 0.7745
vn 0.5469 -0.3703 0.7508
vn 0.6775 -0.2863 0.6775
vn 0.6568 -0.3704 0.6568
vn 0.7745 -0.2862 0.5641
vn 0.7508 -0.3703 0.5469
vn 0.8530 -0.2860 0.4365
vn 0.8269 -0.3701 0.4233
vn 0.9110 -0.2857 0.2974
vn 0.8832 -0.3697 0.2885
vn 0.9466 -0.2854 0.1503
vn 0.9178 -0.3693 0.1458
vn 0.9558 -0.2844 0.0750
vn 0.9269 -0.3681 0.0728
vn 0.1565 -0.0531 0.9862
vn 0.0782 -0.0529 0.9955
vn 0.3098 -0.0531 0.9493
vn 0.4549 -0.0532 0.8890
vn 0.5879 -0.0532 0.8072
vn 0.7061 -0.0533 0.7061
vn 0.8072 -0.0532 0.5879
vn 0.8890 -0.0532 0.4549
vn 0.9493 -0.0531 0.3098
vn 0.9862 -0.0533 0.1565
vn 0.9955 -0.0530 0.0782
vn 0.1474 0.3406 0.9286
vn 0.0736 0.3394 0.9377
vn 0.2917 0.3408 0.8937
vn 0.4282 0.3412 0.8368
vn 0.5533 0.3414 0.7598
vn 0.6646 0.3415 0.6646
vn 0.7598 0.3413 0.5534
vn 0.8368 0.3412 0.4282
vn 0.8937 0.3409 0.2916
vn 0.9286 0.3405 0.1474
vn 0.9377 0.3394 0.0736
vn 0.0914 0.8125 0.5758
vn 0.0457 0.8114 0.5827
vn 0.1809 0.8126 0.5540
vn 0.2653 0.8130 0.5184
vn 0.3428 0.8131 0.4706
vn 0.4116 0.8131 0.4116
vn 0.4706 0.8131 0.3428
vn 0.5184 0.8129 0.2653
vn 0.5540 0.8126 0.1809
vn 0.5759 0.8124 0.0913
vn 0.5827 0.8114 0.0457
vn 0.0031 0.9998 0.0185
vn 0.0015 0.9998 0.0189
vn 0.0059 0.9998 0.0178
vn 0.0087 0.9998 0.0167
vn 0.0113 0.9998 0.0154
vn 0.0135 0.9998 0.0135
vn 0.0153 0.9998 0.0112
vn 0.0167 0.9998 0.0087
vn 0.0178 0.9998 0.0059
vn 0.0187 0.9998 0.0031
vn 0.0190 0.9998 0.0015
vn -0.0608 0.9216 -0.3834
vn -0.0305 0.9211 -0.3881
vn -0.1202 0.9218 -0.3685
vn -0.1764 0.9219 -0.3448
vn -0.2279 0.9221 -0.3129
vn -0.2736 0.9221 -0.2736
vn -0.3129 0.9221 -0.2278
vn -0.3448 0.9219 -0.1764
vn -0.3686 0.9218 -0.1203
vn -0.3833 0.9216 -0.0609
vn -0.3882 0.9211 -0.0305
vn -0.0962 0.7893 -0.6064
vn -0.0482 0.7883 -0.6135
vn -0.1904 0.7897 -0.5832
vn -0.2793 0.7900 -0.5458
vn -0.3607 0.7903 -0.4953
vn -0.4332 0.7904 -0.4332
vn -0.4953 0.7903 -0.3607
vn -0.5457 0.7901 -0.2792
vn -0.5832 0.7897 -0.1904
vn -0.6064 0.7893 -0.0962
vn -0.6135 0.7883 -0.0482
vn -0.1175 0.6622 -0.7401
vn -0.0587 0.6608 -0.7482
vn -0.2324 0.6627 -0.7119
vn -0.3410 0.6630 -0.6664
vn -0.4405 0.6634 -0.6048
vn -0.5291 0.6635 -0.5290
vn -0.6049 0.6633 -0.4406
vn -0.6663 0.6631 -0.3410
vn -0.7119 0.6627 -0.2324
vn -0.7401 0.6622 -0.1175
vn -0.7482 0.6608 -0.0587
vn -0.1317 0.5432 -0.8292
vn -0.0658 0.5418 -0.8380
vn -0.2605 0.5436 -0.7979
vn -0.3822 0.5441 -0.7469
vn -0.4939 0.5443 -0.6781
vn -0.5931 0.5445 -0.5931
vn -0.6780 0.5444 -0.4939
vn -0.7469 0.5441 -0.3822
vn -0.7979 0.5436 -0.2605
vn -0.8292 0.5432 -0.1317
vn -0.8380 0.5417 -0.0658
vn -0.1395 0.4570 -0.8785
vn -0.0697 0.4556 -0.8874
vn -0.2760 0.4574 -0.8454
vn -0.4050 0.4579 -0.7914
vn -0.5233 0.4581 -0.7185
vn -0.6285 0.4582 -0.6285
vn -0.7185 0.4581 -0.5233
vn -0.7914 0.4579 -0.4050
vn -0.8453 0.4574 -0.2760
vn -0.8785 0.4570 -0.1395
vn -0.8874 0.4557 -0.0697
vn 0.9466 -0.2854 -0.1503
vn 0.9178 -0.3693 -0.1458
vn 0.9269 -0.3681 -0.0728
vn 0.9558 -0.2844 -0.0750
vn 0.9110 -0.2857 -0.2974
vn 0.8832 -0.3698 -0.2885
vn 0.8530 -0.2860 -0.4365
vn 0.8269 -0.3701 -0.4233
vn 0.7745 -0.2862 -0.5641
vn 0.7508 -0.3704 -0.5469
vn 0.6775 -0.2863 -0.6775
vn 0.6568 -0.3704 -0.6568
vn 0.5641 -0.2864 -0.7745
vn 0.5469 -0.3704 -0.7508
vn 0.4365 -0.2861 -0.8530
vn 0.4233 -0.3701 -0.8270
vn 0.2974 -0.2857 -0.9110
vn 0.2885 -0.3697 -0.8832
vn 0.1503 -0.2854 -0.9466
vn 0.1458 -0.3694 -0.9178
vn 0.0750 -0.2844 -0.9558
vn 0.0728 -0.3682 -0.9269
vn 0.9862 -0.0532 -0.1565
vn 0.9955 -0.0530 -0.0782
vn 0.9493 -0.0531 -0.3098
vn 0.8890 -0.0532 -0.4549
vn 0.8072 -0.0533 -0.5879
vn 0.7061 -0.0532 -0.7061
vn 0.5879 -0.0533 -0.8072
vn 0.4549 -0.0533 -0.8890
vn 0.3098 -0.0532 -0.9493
vn 0.1565 -0.0531 -0.9862
vn 0.0782 -0.0529 -0.9955
vn 0.9286 0.3405 -0.1473
vn 0.9377 0.3395 -0.0736
vn 0.8937 0.3410 -0.2917
vn 0.8368 0.3412 -0.4282
vn 0.7598 0.3414 -0.5533
vn 0.6646 0.3415 -0.6646
vn 0.5533 0.3415 -0.7597
vn 0.4281 0.3412 -0.8368
vn 0.2917 0.3410 -0.8937
vn 0.1474 0.3406 -0.9286
vn 0.0736 0.3395 -0.9377
vn 0.5759 0.8124 -0.0915
vn 0.5827 0.8114 -0.0458
vn 0.5540 0.8127 -0.1809
vn 0.5185 0.8129 -0.2653
vn 0.4706 0.8130 -0.3428
vn 0.4117 0.8130 -0.4117
vn 0.3428 0.8130 -0.4706
vn 0.2653 0.8129 -0.5184
vn 0.1808 0.8127 -0.5539
vn 0.0914 0.8124 -0.5758
vn 0.0457 0.8114 -0.5827
vn 0.0186 0.9998 -0.0030
vn 0.0188 0.9998 -0.0018
vn 0.0178 0.9998 -0.0059
vn 0.0167 0.9998 -0.0087
vn 0.0152 0.9998 -0.0111
vn 0.0134 0.9998 -0.0134
vn 0.0112 0.9998 -0.0153
vn 0.0087 0.9998 -0.0167
vn 0.0059 0.9998 -0.0178
vn 0.0031 0.9998 -0.0186
vn 0.0015 0.9998 -0.0189
vn -0.3834 0.9216 0.0608
vn -0.3881 0.9211 0.0304
vn -0.3686 0.9218 0.1203
vn -0.3448 0.9219 0.1764
vn -0.3129 0.9220 0.2279
vn -0.2736 0.9221 0.2736
vn -0.2279 0.9220 0.3129
vn -0.1764 0.9219 0.3448
vn -0.1203 0.9218 0.3686
vn -0.0610 0.9216 0.3833
vn -0.0305 0.9211 0.3881
vn -0.6064 0.7893 0.0962
vn -0.6135 0.7883 0.0482
vn -0.5832 0.7897 0.1904
vn -0.5457 0.7901 0.2792
vn -0.4953 0.7903 0.3607
vn -0.4332 0.7904 0.4332
vn -0.3607 0.7903 0.4953
vn -0.2793 0.7901 0.5457
vn -0.1904 0.7897 0.5832
vn -0.0962 0.7893 0.6064
vn -0.0482 0.7883 0.6134
vn -0.7401 0.6622 0.1175
vn -0.7482 0.6608 0.0587
vn -0.7120 0.6626 0.2324
vn -0.6664 0.6631 0.3410
vn -0.6049 0.6633 0.4406
vn -0.5291 0.6634 0.5291
vn -0.4405 0.6634 0.6049
vn -0.3410 0.6631 0.6664
vn -0.2324 0.6626 0.7120
vn -0.1175 0.6622 0.7401
vn -0.0587 0.6608 0.7482
vn -0.8292 0.5432 0.1317
vn -0.8380 0.5418 0.0658
vn -0.7979 0.5436 0.2605
vn -0.7469 0.5441 0.3822
vn -0.6780 0.5444 0.4939
vn -0.5931 0.5445 0.5931
vn -0.4939 0.5444 0.6780
vn -0.3822 0.5441 0.7469
vn -0.2605 0.5436 0.7979
vn -0.1317 0.5432 0.8292
vn -0.0658 0.5418 0.8380
vn -0.8785 0.4570 0.1395
vn -0.8874 0.4557 0.0697
vn -0.8453 0.4574 0.2760
vn -0.7914 0.4579 0.4050
vn -0.7185 0.4581 0.5233
vn -0.6285 0.4582 0.6285
vn -0.5233 0.4581 0.7185
vn -0.4050 0.4579 0.7914
vn -0.2760 0.4574 0.8453
vn -0.1395 0.4570 0.8785
vn -0.0697 0.4556 0.8874
vn -0.1503 -0.2854 -0.9466
vn -0.1458 -0.3694 -0.9178
vn -0.0728 -0.3682 -0.9269
vn -0.0750 -0.2844 -0.9558
vn -0.2974 -0.2857 -0.9110
vn -0.2885 -0.3697 -0.8832
vn -0.4365 -0.2861 -0.8530
vn -0.4233 -0.3701 -0.8270
vn -0.5641 -0.2862 -0.7745
vn -0.5469 -0.3704 -0.7508
vn -0.6775 -0.2863 -0.6775
vn -0.6568 -0.3704 -0.6568
vn -0.7745 -0.2862 -0.5641
vn -0.7508 -0.3704 -0.5469
vn -0.8530 -0.2860 -0.4365
vn -0.8269 -0.3701 -0.4233
vn -0.9110 -0.2857 -0.2974
vn -0.8832 -0.3698 -0.2885
vn -0.9466 -0.2854 -0.1503
vn -0.9178 -0.3693 -0.1459
vn -0.9558 -0.2844 -0.0750
vn -0.9269 -0.3681 -0.0728
vn -0.1565 -0.0531 -0.9862
vn -0.0782 -0.0529 -0.9955
vn -0.3098 -0.0532 -0.9493
vn -0.4549 -0.0533 -0.8890
vn -0.5879 -0.0535 -0.8072
vn -0.7061 -0.0532 -0.7061
vn -0.8072 -0.0533 -0.5879
vn -0.8890 -0.0532 -0.4549
vn -0.9493 -0.0531 -0.3098
vn -0.9862 -0.0532 -0.1565
vn -0.9955 -0.0530 -0.0782
vn -0.1474 0.3406 -0.9286
vn -0.0736 0.3395 -0.9377
vn -0.2917 0.3410 -0.8937
vn -0.4281 0.3414 -0.8368
vn -0.5533 0.3415 -0.7597
vn -0.6646 0.3415 -0.6646
vn -0.7598 0.3414 -0.5533
vn -0.8368 0.3412 -0.4282
vn -0.8937 0.3410 -0.2916
vn -0.9286 0.3405 -0.1474
vn -0.9377 0.3394 -0.0736
vn -0.0914 0.8124 -0.5758
vn -0.0457 0.8114 -0.5827
vn -0.1809 0.8127 -0.5540
vn -0.2654 0.8129 -0.5184
vn -0.3428 0.8130 -0.4706
vn -0.4117 0.8130 -0.4117
vn -0.4706 0.8130 -0.3428
vn -0.5185 0.8129 -0.2653
vn -0.5540 0.8126 -0.1809
vn -0.5759 0.8124 -0.0915
vn -0.5827 0.8114 -0.0457
vn -0.0030 0.9998 -0.0186
vn -0.0015 0.9998 -0.0189
vn -0.0060 0.9998 -0.0179
vn -0.0087 0.9998 -0.0167
vn -0.0112 0.9998 -0.0154
vn -0.0134 0.9998 -0.0134
vn -0.0152 0.9998 -0.0111
vn -0.0167 0.9998 -0.0087
vn -0.0178 0.9998 -0.0059
vn -0.0187 0.9998 -0.0031
vn -0.0190 0.9998 -0.0015
vn 0.0606 0.9216 0.3833
vn 0.0304 0.9211 0.3882
vn 0.1203 0.9218 0.3686
vn 0.1764 0.9219 0.3448
vn 0.2279 0.9220 0.3129
vn 0.2736 0.9221 0.2736
vn 0.3128 0.9221 0.2278
vn 0.3448 0.9219 0.1764
vn 0.3686 0.9218 0.1203
vn 0.3834 0.9216 0.0608
vn 0.3880 0.9211 0.0304
vn 0.0962 0.7893 0.6064
vn 0.0482 0.7883 0.6134
vn 0.1904 0.7897 0.5832
vn 0.2793 0.7901 0.5457
vn 0.3607 0.7903 0.4953
vn 0.4332 0.7904 0.4332
vn 0.4953 0.7903 0.3607
vn 0.5457 0.7901 0.2792
vn 0.5832 0.7897 0.1903
vn 0.6064 0.7893 0.0962
vn 0.6135 0.7883 0.0482
vn 0.1175 0.6622 0.7401
vn 0.0587 0.6608 0.7482
vn 0.2324 0.6626 0.7120
vn 0.3410 0.6631 0.6664
vn 0.4406 0.6634 0.6048
vn 0.5291 0.6634 0.5291
vn 0.6049 0.6633 0.4406
vn 0.6664 0.6630 0.3410
vn 0.7120 0.6626 0.2324
vn 0.7401 0.6622 0.1175
vn 0.7482 0.6608 0.0587
vn 0.1317 0.5432 0.8292
vn 0.0658 0.5418 0.8380
vn 0.2605 0.5436 0.7979
vn 0.3822 0.5441 0.7469
vn 0.4939 0.5444 0.6780
vn 0.5931 0.5445 0.5931
vn 0.6780 0.5444 0.4939
vn 0.7469 0.5441 0.3822
vn 0.7979 0.5436 0.2605
vn 0.8292 0.5432 0.1317
vn 0.8380 0.5417 0.0658
vn 0.1395 0.4570 0.8785
vn 0.0697 0.4556 0.8874
vn 0.2760 0.4574 0.8453
vn 0.4050 0.4579 0.7914
vn 0.5233 0.4581 0.7185
vn 0.6285 0.4582 0.6285
vn 0.7185 0.4581 0.5233
vn 0.7914 0.4579 0.4050
vn 0.8453 0.4574 0.2760
vn 0.8785 0.4570 0.1395
vn 0.8874 0.4557 0.0697
vn 0.8921 0.4291 -0.1416
vn 0.9039 0.4218 -0.0710
vn 0.8585 0.4295 -0.2802
vn 0.8038 0.4300 -0.4111
vn 0.7297 0.4302 -0.5315
vn 0.6383 0.4303 -0.6383
vn 0.5315 0.4302 -0.7297
vn 0.4115 0.4300 -0.8036
vn 0.2802 0.4296 -0.8584
vn 0.1416 0.4291 -0.8921
vn 0.0707 0.4278 -0.9011
vn 0.8949 0.4231 -0.1421
vn 0.9096 0.4093 -0.0714
vn 0.8612 0.4235 -0.2811
vn 0.8063 0.4239 -0.4126
vn 0.7320 0.4242 -0.5331
vn 0.6403 0.4242 -0.6403
vn 0.5333 0.4242 -0.7319
vn 0.4127 0.4239 -0.8062
vn 0.2811 0.4235 -0.8612
vn 0.1421 0.4231 -0.8949
vn 0.0710 0.4217 -0.9039
vn 0.9048 0.4008 -0.1437
vn 0.9139 0.3996 -0.0718
vn 0.8708 0.4012 -0.2843
vn 0.8153 0.4016 -0.4172
vn 0.7402 0.4019 -0.5391
vn 0.6475 0.4020 -0.6475
vn 0.5391 0.4019 -0.7402
vn 0.4172 0.4016 -0.8153
vn 0.2843 0.4012 -0.8708
vn 0.1437 0.4008 -0.9048
vn 0.0717 0.3996 -0.9139
vn 0.9146 0.3775 -0.1452
vn 0.9237 0.3763 -0.0725
vn 0.8801 0.3779 -0.2873
vn 0.8241 0.3783 -0.4217
vn 0.7482 0.3785 -0.5449
vn 0.6545 0.3786 -0.6545
vn 0.5449 0.3785 -0.7482
vn 0.4217 0.3783 -0.8241
vn 0.2873 0.3779 -0.8801
vn 0.1452 0.3775 -0.9146
vn 0.0725 0.3763 -0.9237
vn 0.9267 0.3457 -0.1471
vn 0.9359 0.3446 -0.0735
vn 0.8919 0.3461 -0.2912
vn 0.8351 0.3465 -0.4273
vn 0.7582 0.3467 -0.5522
vn 0.6632 0.3468 -0.6632
vn 0.5522 0.3467 -0.7582
vn 0.4273 0.3465 -0.8351
vn 0.2912 0.3461 -0.8919
vn 0.1471 0.3457 -0.9267
vn 0.0735 0.3446 -0.9359
vn 0.9409 0.3040 -0.1494
vn 0.9501 0.3030 -0.0746
vn 0.9055 0.3043 -0.2956
vn 0.8479 0.3047 -0.4339
vn 0.7698 0.3049 -0.5607
vn 0.6734 0.3049 -0.6734
vn 0.5607 0.3049 -0.7698
vn 0.4339 0.3047 -0.8479
vn 0.2956 0.3043 -0.9055
vn 0.1494 0.3040 -0.9409
vn 0.0746 0.3030 -0.9501
vn 0.9562 0.2504 -0.1518
vn 0.9654 0.2496 -0.0758
vn 0.9203 0.2507 -0.3004
vn 0.8617 0.2510 -0.4410
vn 0.7824 0.2512 -0.5699
vn 0.6844 0.2513 -0.6844
vn 0.5699 0.2512 -0.7824
vn 0.4410 0.2510 -0.8617
vn 0.3004 0.2507 -0.9203
vn 0.1518 0.2504 -0.9562
vn 0.0758 0.2496 -0.9654
vn 0.9710 0.1829 -0.1542
vn 0.9802 0.1822 -0.0770
vn 0.9346 0.1831 -0.3051
vn 0.8751 0.1833 -0.4478
vn 0.7946 0.1834 -0.5788
vn 0.6951 0.1835 -0.6951
vn 0.5788 0.1834 -0.7946
vn 0.4478 0.1833 -0.8751
vn 0.3051 0.1831 -0.9346
vn 0.1542 0.1829 -0.9710
vn 0.0769 0.1822 -0.9802
vn 0.9828 0.0990 -0.1561
vn 0.9921 0.0987 -0.0779
vn 0.9459 0.0991 -0.3088
vn 0.8858 0.0992 -0.4533
vn 0.8043 0.0993 -0.5858
vn 0.7036 0.0994 -0.7036
vn 0.5859 0.0993 -0.8043
vn 0.4533 0.0992 -0.8858
vn 0.3088 0.0991 -0.9459
vn 0.1561 0.0990 -0.9828
vn 0.0779 0.0986 -0.9921
vn 0.9872 -0.0278 -0.1568
vn 0.9965 -0.0277 -0.0782
vn 0.9493 0.0529 -0.3099
vn 0.8889 0.0529 -0.4549
vn 0.8072 0.0530 -0.5879
vn 0.7061 0.0530 -0.7061
vn 0.5879 0.0530 -0.8072
vn 0.4549 0.0529 -0.8890
vn 0.3099 0.0529 -0.9493
vn 0.1566 0.0528 -0.9862
vn 0.0782 0.0526 -0.9956
vn -0.1416 0.4292 -0.8921
vn -0.0710 0.4218 -0.9039
vn -0.2802 0.4296 -0.8584
vn -0.4111 0.4300 -0.8038
vn -0.5315 0.4302 -0.7297
vn -0.6383 0.4303 -0.6383
vn -0.7297 0.4302 -0.5315
vn -0.8036 0.4299 -0.4115
vn -0.8585 0.4296 -0.2802
vn -0.8921 0.4291 -0.1416
vn -0.9011 0.4278 -0.0707
vn -0.1421 0.4231 -0.8949
vn -0.0714 0.4093 -0.9096
vn -0.2811 0.4235 -0.8612
vn -0.4126 0.4240 -0.8062
vn -0.5331 0.4242 -0.7320
vn -0.6403 0.4242 -0.6403
vn -0.7319 0.4242 -0.5333
vn -0.8062 0.4239 -0.4127
vn -0.8612 0.4235 -0.2811
vn -0.8949 0.4231 -0.1421
vn -0.9039 0.4217 -0.0710
vn -0.1437 0.4008 -0.9048
vn -0.0717 0.3996 -0.9139
vn -0.2843 0.4012 -0.8708
vn -0.4172 0.4016 -0.8153
vn -0.5391 0.4019 -0.7402
vn -0.6475 0.4020 -0.6475
vn -0.7402 0.4019 -0.5391
vn -0.8153 0.4016 -0.4172
vn -0.8708 0.4012 -0.2843
vn -0.9048 0.4008 -0.1437
vn -0.9139 0.3996 -0.0718
vn -0.1452 0.3775 -0.9146
vn -0.0725 0.3763 -0.9237
vn -0.2873 0.3779 -0.8801
vn -0.4217 0.3783 -0.8241
vn -0.5449 0.3785 -0.7482
vn -0.6545 0.3786 -0.6545
vn -0.7482 0.3785 -0.5449
vn -0.8241 0.3783 -0.4217
vn -0.8801 0.3779 -0.2873
vn -0.9146 0.3775 -0.1452
vn -0.9237 0.3763 -0.0725
vn -0.1471 0.3457 -0.9267
vn -0.0735 0.3446 -0.9359
vn -0.2912 0.3461 -0.8919
vn -0.4273 0.3465 -0.8351
vn -0.5522 0.3467 -0.7582
vn -0.6632 0.3468 -0.6632
vn -0.7582 0.3467 -0.5522
vn -0.8351 0.3465 -0.4273
vn -0.8919 0.3461 -0.2912
vn -0.9267 0.3457 -0.1471
vn -0.9359 0.3446 -0.0735
vn -0.1494 0.3040 -0.9409
vn -0.0746 0.3030 -0.9501
vn -0.2956 0.3043 -0.9055
vn -0.4339 0.3047 -0.8479
vn -0.5607 0.3049 -0.7698
vn -0.6734 0.3049 -0.6734
vn -0.7698 0.3049 -0.5607
vn -0.8479 0.3047 -0.4339
vn -0.9055 0.3043 -0.2956
vn -0.9409 0.3040 -0.1494
vn -0.9501 0.3030 -0.0746
vn -0.1518 0.2504 -0.9562
vn -0.0758 0.2496 -0.9654
vn -0.3004 0.2507 -0.9203
vn -0.4410 0.2510 -0.8617
vn -0.5699 0.2512 -0.7824
vn -0.6844 0.2513 -0.6844
vn -0.7824 0.2512 -0.5699
vn -0.8617 0.2510 -0.4410
vn -0.9203 0.2507 -0.3004
vn -0.9562 0.2504 -0.1518
vn -0.9654 0.2496 -0.0758
vn -0.1542 0.1829 -0.9710
vn -0.0769 0.1822 -0.9802
vn -0.3051 0.1831 -0.9346
vn -0.4478 0.1833 -0.8751
vn -0.5788 0.1834 -0.7946
vn -0.6951 0.1835 -0.6951
vn -0.7946 0.1834 -0.5788
vn -0.8751 0.1833 -0.4478
vn -0.9346 0.1831 -0.3051
vn -0.9710 0.1829 -0.1542
vn -0.9802 0.1822 -0.0769
vn -0.1561 0.0990 -0.9828
vn -0.0779 0.0987 -0.9921
vn -0.3088 0.0991 -0.9459
vn -0.4533 0.0992 -0.8858
vn -0.5858 0.0993 -0.8043
vn -0.7036 0.0994 -0.7036
vn -0.8043 0.0993 -0.5858
vn -0.8858 0.0992 -0.4533
vn -0.9459 0.0991 -0.3088
vn -0.9828 0.0990 -0.1561
vn -0.9921 0.0986 -0.0779
vn -0.1568 -0.0278 -0.9872
vn -0.0782 -0.0277 -0.9965
vn -0.3099 0.0529 -0.9493
vn -0.4549 0.0529 -0.8889
vn -0.5879 0.0530 -0.8072
vn -0.7061 0.0530 -0.7061
vn -0.8072 0.0530 -0.5879
vn -0.8890 0.0529 -0.4549
vn -0.9493 0.0529 -0.3099
vn -0.9862 0.0528 -0.1566
vn -0.9956 0.0526 -0.0782
vn -0.8921 0.4291 0.1416
vn -0.9039 0.4219 0.0710
vn -0.8585 0.4295 0.2802
vn -0.8038 0.4300 0.4110
vn -0.7297 0.4302 0.5315
vn -0.6383 0.4303 0.6383
vn -0.5315 0.4302 0.7297
vn -0.4115 0.4299 0.8036
vn -0.2802 0.4296 0.8584
vn -0.1416 0.4291 0.8921
vn -0.0707 0.4278 0.9011
vn -0.8949 0.4231 0.1421
vn -0.9096 0.4093 0.0714
vn -0.8612 0.4235 0.2811
vn -0.8063 0.4239 0.4126
vn -0.7320 0.4242 0.5331
vn -0.6403 0.4243 0.6403
vn -0.5333 0.4242 0.7319
vn -0.4127 0.4239 0.8062
vn -0.2811 0.4235 0.8612
vn -0.1421 0.4231 0.8949
vn -0.0710 0.4217 0.9039
vn -0.9048 0.4008 0.1437
vn -0.9139 0.3996 0.0718
vn -0.8708 0.4012 0.2843
vn -0.8153 0.4016 0.4172
vn -0.7402 0.4019 0.5391
vn -0.6475 0.4020 0.6475
vn -0.5391 0.4019 0.7402
vn -0.4172 0.4016 0.8153
vn -0.2843 0.4012 0.8708
vn -0.1437 0.4008 0.9048
vn -0.0718 0.3996 0.9139
vn -0.9146 0.3775 0.1452
vn -0.9237 0.3763 0.0725
vn -0.8801 0.3779 0.2873
vn -0.8241 0.3783 0.4217
vn -0.7482 0.3785 0.5449
vn -0.6545 0.3786 0.6545
vn -0.5449 0.3785 0.7482
vn -0.4217 0.3783 0.8241
vn -0.2873 0.3779 0.8801
vn -0.1452 0.3775 0.9146
vn -0.0725 0.3763 0.9237
vn -0.9267 0.3457 0.1471
vn -0.9359 0.3446 0.0735
vn -0.8919 0.3461 0.2912
vn -0.8351 0.3465 0.4273
vn -0.7582 0.3467 0.5522
vn -0.6632 0.3468 0.6632
vn -0.5522 0.3467 0.7582
vn -0.4273 0.3465 0.8351
vn -0.2912 0.3461 0.8919
vn -0.1471 0.3457 0.9267
vn -0.0735 0.3446 0.9359
vn -0.9409 0.3040 0.1494
vn -0.9501 0.3030 0.0746
vn -0.9055 0.3043 0.2956
vn -0.8479 0.3047 0.4339
vn -0.7698 0.3049 0.5607
vn -0.6734 0.3049 0.6734
vn -0.5607 0.3049 0.7698
vn -0.4339 0.3047 0.8479
vn -0.2956 0.3043 0.9055
vn -0.1494 0.3040 0.9409
vn -0.0746 0.3030 0.9501
vn -0.9562 0.2504 0.1518
vn -0.9654 0.2496 0.0758
vn -0.9203 0.2507 0.3004
vn -0.8617 0.2510 0.4410
vn -0.7824 0.2512 0.5699
vn -0.6844 0.2513 0.6844
vn -0.5699 0.2512 0.7824
vn -0.4410 0.2510 0.8617
vn -0.3004 0.2507 0.9203
vn -0.1518 0.2504 0.9562
vn -0.0758 0.2496 0.9654
vn -0.9710 0.1829 0.1542
vn -0.9802 0.1822 0.0769
vn -0.9346 0.1831 0.3051
vn -0.8751 0.1833 0.4478
vn -0.7946 0.1834 0.5788
vn -0.6951 0.1835 0.6951
vn -0.5788 0.1834 0.7946
vn -0.4478 0.1833 0.8751
vn -0.3051 0.1831 0.9346
vn -0.1542 0.1829 0.9710
vn -0.0769 0.1822 0.9802
vn -0.9828 0.0990 0.1561
vn -0.9921 0.0987 0.0779
vn -0.9459 0.0991 0.3088
vn -0.8858 0.0993 0.4533
vn -0.8043 0.0993 0.5858
vn -0.7036 0.0994 0.7036
vn -0.5859 0.0993 0.8043
vn -0.4533 0.0992 0.8858
vn -0.3088 0.0991 0.9459
vn -0.1561 0.0990 0.9828
vn -0.0779 0.0987 0.9921
vn -0.9872 -0.0278 0.1568
vn -0.9965 -0.0277 0.0782
vn -0.9493 0.0529 0.3099
vn -0.8889 0.0529 0.4549
vn -0.8072 0.0530 0.5879
vn -0.7061 0.0530 0.7061
vn -0.5879 0.0530 0.8072
vn -0.4549 0.0529 0.8890
vn -0.3099 0.0529 0.9493
vn -0.1566 0.0528 0.9862
vn -0.0782 0.0526 0.9956
vn 0.1416 0.4292 0.8921
vn 0.0710 0.4218 0.9039
vn 0.2802 0.4296 0.8585
vn 0.4111 0.4300 0.8038
vn 0.5315 0.4302 0.7297
vn 0.6383 0.4303 0.6383
vn 0.7297 0.4302 0.5315
vn 0.8036 0.4299 0.4115
vn 0.8585 0.4295 0.2802
vn 0.8921 0.4291 0.1416
vn 0.9011 0.4278 0.0707
vn 0.1421 0.4231 0.8949
vn 0.0714 0.4093 0.9096
vn 0.2811 0.4235 0.8612
vn 0.4126 0.4240 0.8062
vn 0.5331 0.4242 0.7320
vn 0.6403 0.4243 0.6403
vn 0.7319 0.4242 0.5333
vn 0.8062 0.4239 0.4127
vn 0.8612 0.4235 0.2811
vn 0.8949 0.4231 0.1421
vn 0.9039 0.4217 0.0710
vn 0.1437 0.4008 0.9048
vn 0.0718 0.3996 0.9139
vn 0.2843 0.4012 0.8708
vn 0.4172 0.4016 0.8153
vn 0.5391 0.4019 0.7402
vn 0.6475 0.4020 0.6475
vn 0.7402 0.4019 0.5391
vn 0.8153 0.4016 0.4172
vn 0.8708 0.4012 0.2842
vn 0.9048 0.4008 0.1437
vn 0.9139 0.3996 0.0718
vn 0.1452 0.3775 0.9146
vn 0.0725 0.3763 0.9237
vn 0.2873 0.3779 0.8801
vn 0.4217 0.3783 0.8241
vn 0.5449 0.3785 0.7482
vn 0.6545 0.3786 0.6545
vn 0.7482 0.3785 0.5449
vn 0.8241 0.3783 0.4217
vn 0.8801 0.3779 0.2873
vn 0.9146 0.3775 0.1452
vn 0.9237 0.3763 0.0725
vn 0.1471 0.3457 0.9267
vn 0.0735 0.3446 0.9359
vn 0.2912 0.3461 0.8919
vn 0.4273 0.3465 0.8351
vn 0.5522 0.3467 0.7582
vn 0.6632 0.3468 0.6632
vn 0.7582 0.3467 0.5522
vn 0.8351 0.3465 0.4273
vn 0.8919 0.3461 0.2912
vn 0.9267 0.3457 0.1471
vn 0.9359 0.3446 0.0735
vn 0.1494 0.3040 0.9409
vn 0.0746 0.3030 0.9501
vn 0.2956 0.3043 0.9055
vn 0.4339 0.3047 0.8479
vn 0.5607 0.3049 0.7698
vn 0.6734 0.3049 0.6734
vn 0.7698 0.3049 0.5607
vn 0.8479 0.3047 0.4339
vn 0.9055 0.3043 0.2956
vn 0.9409 0.3040 0.1494
vn 0.9501 0.3030 0.0746
vn 0.1518 0.2504 0.9562
vn 0.0758 0.2496 0.9654
vn 0.3004 0.2507 0.9203
vn 0.4410 0.2510 0.8617
vn 0.5699 0.2512 0.7824
vn 0.6844 0.2513 0.6844
vn 0.7824 0.2512 0.5699
vn 0.8617 0.2510 0.4410
vn 0.9203 0.2507 0.3004
vn 0.9562 0.2504 0.1518
vn 0.9654 0.2496 0.0758
vn 0.1542 0.1829 0.9710
vn 0.0769 0.1822 0.9802
vn 0.3051 0.1831 0.9346
vn 0.4478 0.1833 0.8751
vn 0.5788 0.1834 0.7946
vn 0.6951 0.1835 0.6951
vn 0.7946 0.1834 0.5788
vn 0.8751 0.1833 0.4478
vn 0.9346 0.1831 0.3051
vn 0.9710 0.1829 0.1542
vn 0.9802 0.1822 0.0769
vn 0.1561 0.0990 0.9828
vn 0.0779 0.0987 0.9921
vn 0.3088 0.0991 0.9459
vn 0.4533 0.0992 0.8858
vn 0.5858 0.0993 0.8043
vn 0.7036 0.0994 0.7036
vn 0.8043 0.0993 0.5858
vn 0.8858 0.0992 0.4533
vn 0.9459 0.0991 0.3088
vn 0.9828 0.0990 0.1561
vn 0.9921 0.0986 0.0779
vn 0.1568 -0.0278 0.9872
vn 0.0782 -0.0277 0.9965
vn 0.3099 0.0529 0.9493
vn 0.4549 0.0529 0.8889
vn 0.5879 0.0530 0.8072
vn 0.7061 0.0530 0.7061
vn 0.8072 0.0530 0.5879
vn 0.8890 0.0529 0.4549
vn 0.9493 0.0529 0.3099
vn 0.9862 0.0528 0.1566
vn 0.9956 0.0526 0.0782
vn 0.9654 -0.2110 -0.1533
vn 0.9747 -0.2102 -0.0765
vn 0.9292 -0.2112 -0.3034
vn 0.9450 -0.1086 -0.3085
vn 0.8701 -0.2115 -0.4453
vn 0.8849 -0.1088 -0.4529
vn 0.7900 -0.2116 -0.5754
vn 0.8035 -0.1089 -0.5853
vn 0.6911 -0.2117 -0.6911
vn 0.7029 -0.1089 -0.7029
vn 0.5754 -0.2116 -0.7900
vn 0.5853 -0.1089 -0.8035
vn 0.4453 -0.2115 -0.8701
vn 0.4529 -0.1088 -0.8849
vn 0.3034 -0.2112 -0.9292
vn 0.3085 -0.1087 -0.9450
vn 0.1533 -0.2110 -0.9654
vn 0.1559 -0.1085 -0.9818
vn 0.0765 -0.2102 -0.9747
vn 0.0778 -0.1081 -0.9911
vn 0.9068 -0.3961 -0.1440
vn 0.9159 -0.3949 -0.0719
vn 0.8727 -0.3965 -0.2849
vn 0.8171 -0.3969 -0.4181
vn 0.7418 -0.3972 -0.5403
vn 0.6489 -0.3973 -0.6489
vn 0.5403 -0.3972 -0.7418
vn 0.4181 -0.3969 -0.8171
vn 0.2849 -0.3966 -0.8727
vn 0.1440 -0.3961 -0.9068
vn 0.0719 -0.3949 -0.9159
vn 0.8314 -0.5397 -0.1320
vn 0.8402 -0.5383 -0.0660
vn 0.8000 -0.5402 -0.2612
vn 0.7489 -0.5406 -0.3832
vn 0.6798 -0.5409 -0.4952
vn 0.5947 -0.5410 -0.5947
vn 0.4952 -0.5409 -0.6798
vn 0.3832 -0.5406 -0.7489
vn 0.2612 -0.5402 -0.8000
vn 0.1320 -0.5397 -0.8314
vn 0.0660 -0.5383 -0.8402
vn 0.7569 -0.6424 -0.1202
vn 0.7652 -0.6410 -0.0601
vn 0.7282 -0.6428 -0.2377
vn 0.6816 -0.6433 -0.3488
vn 0.6187 -0.6436 -0.4506
vn 0.5411 -0.6437 -0.5411
vn 0.4506 -0.6436 -0.6187
vn 0.3488 -0.6433 -0.6816
vn 0.2377 -0.6428 -0.7282
vn 0.1202 -0.6424 -0.7569
vn 0.0601 -0.6410 -0.7652
vn 0.6943 -0.7112 -0.1102
vn 0.7021 -0.7099 -0.0551
vn 0.6678 -0.7117 -0.2180
vn 0.6250 -0.7121 -0.3198
vn 0.5673 -0.7124 -0.4132
vn 0.4962 -0.7124 -0.4962
vn 0.4132 -0.7124 -0.5673
vn 0.3198 -0.7121 -0.6250
vn 0.2180 -0.7117 -0.6678
vn 0.1102 -0.7112 -0.6943
vn 0.0551 -0.7099 -0.7021
vn 0.6500 -0.7529 -0.1032
vn 0.6575 -0.7517 -0.0516
vn 0.6253 -0.7533 -0.2041
vn 0.5851 -0.7537 -0.2994
vn 0.5310 -0.7539 -0.3868
vn 0.4645 -0.7540 -0.4645
vn 0.3868 -0.7539 -0.5310
vn 0.2994 -0.7537 -0.5851
vn 0.2041 -0.7533 -0.6252
vn 0.1032 -0.7529 -0.6500
vn 0.0516 -0.7517 -0.6575
vn 0.6328 -0.7678 -0.1001
vn 0.6375 -0.7689 -0.0499
vn 0.6087 -0.7682 -0.1987
vn 0.5696 -0.7686 -0.2914
vn 0.5169 -0.7688 -0.3765
vn 0.4521 -0.7689 -0.4521
vn 0.3765 -0.7688 -0.5169
vn 0.2915 -0.7685 -0.5696
vn 0.1987 -0.7682 -0.6087
vn 0.1007 -0.7678 -0.6328
vn 0.0501 -0.7668 -0.6400
vn 0.6566 -0.7470 -0.1042
vn 0.6641 -0.7458 -0.0521
vn 0.6315 -0.7474 -0.2061
vn 0.5910 -0.7478 -0.3024
vn 0.5364 -0.7481 -0.3907
vn 0.4692 -0.7481 -0.4692
vn 0.3907 -0.7481 -0.5364
vn 0.3024 -0.7478 -0.5910
vn 0.2061 -0.7474 -0.6315
vn 0.1042 -0.7470 -0.6566
vn 0.0521 -0.7458 -0.6641
vn 0.7884 -0.6024 -0.1251
vn 0.7969 -0.6009 -0.0626
vn 0.7585 -0.6028 -0.2476
vn 0.7100 -0.6032 -0.3633
vn 0.6445 -0.6035 -0.4694
vn 0.5638 -0.6036 -0.5638
vn 0.4695 -0.6035 -0.6445
vn 0.3633 -0.6032 -0.7100
vn 0.2476 -0.6028 -0.7585
vn 0.1251 -0.6024 -0.7884
vn 0.0626 -0.6009 -0.7969
vn 0.8772 -0.4595 -0.1391
vn 0.8861 -0.4582 -0.0696
vn 0.8441 -0.4600 -0.2754
vn 0.7903 -0.4605 -0.4043
vn 0.7174 -0.4607 -0.5225
vn 0.6276 -0.4608 -0.6275
vn 0.5225 -0.4607 -0.7175
vn 0.4043 -0.4604 -0.7903
vn 0.2754 -0.4600 -0.8441
vn 0.1391 -0.4596 -0.8772
vn 0.0696 -0.4582 -0.8861
vn -0.1533 -0.2110 -0.9654
vn -0.0765 -0.2102 -0.9747
vn -0.3034 -0.2112 -0.9292
vn -0.3085 -0.1087 -0.9450
vn -0.4453 -0.2115 -0.8701
vn -0.4529 -0.1088 -0.8849
vn -0.5754 -0.2116 -0.7900
vn -0.5853 -0.1089 -0.8035
vn -0.6911 -0.2117 -0.6911
vn -0.7029 -0.1089 -0.7029
vn -0.7900 -0.2116 -0.5754
vn -0.8035 -0.1089 -0.5853
vn -0.8701 -0.2115 -0.4453
vn -0.8849 -0.1088 -0.4529
vn -0.9292 -0.2112 -0.3034
vn -0.9450 -0.1087 -0.3085
vn -0.9654 -0.2110 -0.1533
vn -0.9818 -0.1085 -0.1559
vn -0.9747 -0.2102 -0.0765
vn -0.9911 -0.1081 -0.0778
vn -0.1440 -0.3961 -0.9068
vn -0.0719 -0.3949 -0.9159
vn -0.2849 -0.3966 -0.8727
vn -0.4181 -0.3969 -0.8171
vn -0.5403 -0.3972 -0.7418
vn -0.6489 -0.3973 -0.6489
vn -0.7418 -0.3972 -0.5403
vn -0.8171 -0.3969 -0.4181
vn -0.8727 -0.3965 -0.2849
vn -0.9068 -0.3961 -0.1440
vn -0.9159 -0.3949 -0.0719
vn -0.1320 -0.5397 -0.8314
vn -0.0660 -0.5383 -0.8402
vn -0.2612 -0.5402 -0.8000
vn -0.3832 -0.5406 -0.7489
vn -0.4952 -0.5409 -0.6798
vn -0.5947 -0.5410 -0.5947
vn -0.6798 -0.5410 -0.4952
vn -0.7489 -0.5406 -0.3832
vn -0.8000 -0.5402 -0.2612
vn -0.8314 -0.5397 -0.1320
vn -0.8402 -0.5383 -0.0660
vn -0.1202 -0.6424 -0.7569
vn -0.0601 -0.6410 -0.7652
vn -0.2377 -0.6428 -0.7282
vn -0.3488 -0.6433 -0.6816
vn -0.4506 -0.6436 -0.6187
vn -0.5411 -0.6437 -0.5411
vn -0.6187 -0.6436 -0.4506
vn -0.6816 -0.6433 -0.3488
vn -0.7282 -0.6428 -0.2377
vn -0.7569 -0.6424 -0.1202
vn -0.7652 -0.6410 -0.0601
vn -0.1102 -0.7112 -0.6943
vn -0.0551 -0.7099 -0.7021
vn -0.2180 -0.7117 -0.6678
vn -0.3198 -0.7121 -0.6250
vn -0.4132 -0.7124 -0.5673
vn -0.4962 -0.7124 -0.4962
vn -0.5673 -0.7124 -0.4132
vn -0.6250 -0.7121 -0.3198
vn -0.6678 -0.7117 -0.2180
vn -0.6943 -0.7112 -0.1102
vn -0.7021 -0.7099 -0.0551
vn -0.1032 -0.7529 -0.6500
vn -0.0516 -0.7517 -0.6575
vn -0.2041 -0.7533 -0.6252
vn -0.2994 -0.7537 -0.5851
vn -0.3868 -0.7539 -0.5310
vn -0.4645 -0.7540 -0.4645
vn -0.5310 -0.7539 -0.3868
vn -0.5851 -0.7537 -0.2994
vn -0.6253 -0.7533 -0.2041
vn -0.6500 -0.7529 -0.1032
vn -0.6575 -0.7517 -0.0516
vn -0.1002 -0.7678 -0.6328
vn -0.0499 -0.7689 -0.6374
vn -0.1987 -0.7682 -0.6087
vn -0.2914 -0.7685 -0.5696
vn -0.3765 -0.7687 -0.5170
vn -0.4521 -0.7689 -0.4521
vn -0.5169 -0.7689 -0.3765
vn -0.5695 -0.7686 -0.2915
vn -0.6087 -0.7682 -0.1987
vn -0.6327 -0.7678 -0.1007
vn -0.6401 -0.7667 -0.0501
vn -0.1042 -0.7470 -0.6566
vn -0.0521 -0.7458 -0.6641
vn -0.2061 -0.7474 -0.6315
vn -0.3024 -0.7478 -0.5910
vn -0.3907 -0.7481 -0.5364
vn -0.4692 -0.7481 -0.4692
vn -0.5364 -0.7481 -0.3907
vn -0.5910 -0.7478 -0.3024
vn -0.6315 -0.7474 -0.2061
vn -0.6566 -0.7470 -0.1042
vn -0.6641 -0.7458 -0.0521
vn -0.1251 -0.6024 -0.7884
vn -0.0626 -0.6009 -0.7969
vn -0.2476 -0.6028 -0.7585
vn -0.3633 -0.6032 -0.7100
vn -0.4695 -0.6035 -0.6445
vn -0.5638 -0.6036 -0.5638
vn -0.6445 -0.6035 -0.4694
vn -0.7100 -0.6032 -0.3633
vn -0.7585 -0.6028 -0.2476
vn -0.7884 -0.6024 -0.1251
vn -0.7969 -0.6009 -0.0626
vn -0.1391 -0.4596 -0.8772
vn -0.0696 -0.4582 -0.8861
vn -0.2754 -0.4600 -0.8441
vn -0.4043 -0.4604 -0.7903
vn -0.5225 -0.4607 -0.7175
vn -0.6275 -0.4608 -0.6276
vn -0.7174 -0.4607 -0.5225
vn -0.7903 -0.4605 -0.4043
vn -0.8441 -0.4600 -0.2754
vn -0.8772 -0.4595 -0.1391
vn -0.8861 -0.4582 -0.0696
vn -0.9654 -0.2110 0.1533
vn -0.9747 -0.2102 0.0765
vn -0.9292 -0.2112 0.3034
vn -0.9450 -0.1087 0.3085
vn -0.8701 -0.2114 0.4453
vn -0.8849 -0.1088 0.4529
vn -0.7900 -0.2116 0.5754
vn -0.8035 -0.1089 0.5853
vn -0.6911 -0.2117 0.6911
vn -0.7029 -0.1089 0.7029
vn -0.5754 -0.2116 0.7900
vn -0.5853 -0.1089 0.8035
vn -0.4453 -0.2115 0.8701
vn -0.4529 -0.1088 0.8849
vn -0.3034 -0.2112 0.9292
vn -0.3085 -0.1087 0.9450
vn -0.1533 -0.2110 0.9654
vn -0.1559 -0.1085 0.9818
vn -0.0765 -0.2102 0.9747
vn -0.0778 -0.1081 0.9911
vn -0.9068 -0.3961 0.1440
vn -0.9159 -0.3949 0.0719
vn -0.8727 -0.3965 0.2849
vn -0.8171 -0.3969 0.4181
vn -0.7418 -0.3972 0.5403
vn -0.6489 -0.3973 0.6489
vn -0.5403 -0.3972 0.7418
vn -0.4181 -0.3969 0.8171
vn -0.2849 -0.3965 0.8727
vn -0.1440 -0.3961 0.9068
vn -0.0719 -0.3949 0.9159
vn -0.8314 -0.5397 0.1320
vn -0.8402 -0.5383 0.0660
vn -0.8000 -0.5402 0.2612
vn -0.7489 -0.5406 0.3832
vn -0.6798 -0.5409 0.4952
vn -0.5947 -0.5410 0.5947
vn -0.4952 -0.5409 0.6798
vn -0.3832 -0.5406 0.7489
vn -0.2612 -0.5402 0.8000
vn -0.1320 -0.5397 0.8314
vn -0.0659 -0.5383 0.8402
vn -0.7569 -0.6424 0.1202
vn -0.7652 -0.6410 0.0601
vn -0.7282 -0.6428 0.2377
vn -0.6816 -0.6433 0.3488
vn -0.6187 -0.6436 0.4506
vn -0.5411 -0.6437 0.5411
vn -0.4506 -0.6436 0.6187
vn -0.3488 -0.6433 0.6816
vn -0.2377 -0.6428 0.7282
vn -0.1202 -0.6424 0.7569
vn -0.0601 -0.6410 0.7652
vn -0.6943 -0.7112 0.1102
vn -0.7021 -0.7099 0.0551
vn -0.6678 -0.7117 0.2180
vn -0.6250 -0.7121 0.3198
vn -0.5673 -0.7124 0.4132
vn -0.4962 -0.7124 0.4962
vn -0.4132 -0.7123 0.5673
vn -0.3198 -0.7121 0.6250
vn -0.2180 -0.7117 0.6678
vn -0.1102 -0.7112 0.6943
vn -0.0551 -0.7099 0.7021
vn -0.6500 -0.7529 0.1032
vn -0.6575 -0.7517 0.0516
vn -0.6253 -0.7533 0.2041
vn -0.5851 -0.7536 0.2994
vn -0.5310 -0.7539 0.3868
vn -0.4645 -0.7540 0.4645
vn -0.3868 -0.7539 0.5310
vn -0.2994 -0.7537 0.5851
vn -0.2041 -0.7533 0.6252
vn -0.1032 -0.7529 0.6500
vn -0.0516 -0.7517 0.6575
vn -0.6327 -0.7679 0.1002
vn -0.6375 -0.7688 0.0499
vn -0.6087 -0.7682 0.1987
vn -0.5696 -0.7686 0.2914
vn -0.5169 -0.7689 0.3764
vn -0.4521 -0.7689 0.4521
vn -0.3765 -0.7688 0.5169
vn -0.2915 -0.7686 0.5695
vn -0.1987 -0.7681 0.6087
vn -0.1007 -0.7677 0.6328
vn -0.0501 -0.7667 0.6400
vn -0.6566 -0.7470 0.1042
vn -0.6641 -0.7458 0.0521
vn -0.6315 -0.7475 0.2061
vn -0.5910 -0.7478 0.3024
vn -0.5364 -0.7481 0.3907
vn -0.4692 -0.7482 0.4692
vn -0.3907 -0.7481 0.5364
vn -0.3024 -0.7478 0.5910
vn -0.2062 -0.7474 0.6315
vn -0.1042 -0.7470 0.6566
vn -0.0521 -0.7458 0.6641
vn -0.7884 -0.6024 0.1251
vn -0.7969 -0.6009 0.0626
vn -0.7585 -0.6028 0.2476
vn -0.7100 -0.6032 0.3633
vn -0.6445 -0.6035 0.4694
vn -0.5638 -0.6036 0.5638
vn -0.4694 -0.6035 0.6445
vn -0.3633 -0.6032 0.7100
vn -0.2476 -0.6028 0.7585
vn -0.1251 -0.6024 0.7883
vn -0.0625 -0.6009 0.7969
vn -0.8772 -0.4596 0.1391
vn -0.8861 -0.4582 0.0696
vn -0.8441 -0.4600 0.2754
vn -0.7903 -0.4605 0.4043
vn -0.7174 -0.4607 0.5225
vn -0.6276 -0.4608 0.6276
vn -0.5225 -0.4607 0.7174
vn -0.4043 -0.4604 0.7903
vn -0.2754 -0.4601 0.8441
vn -0.1391 -0.4596 0.8772
vn -0.0696 -0.4582 0.8861
vn 0.1533 -0.2110 0.9654
vn 0.0765 -0.2102 0.9747
vn 0.3034 -0.2112 0.9292
vn 0.3085 -0.1087 0.9450
vn 0.4453 -0.2115 0.8701
vn 0.4529 -0.1088 0.8849
vn 0.5754 -0.2116 0.7900
vn 0.5853 -0.1089 0.8035
vn 0.6911 -0.2117 0.6911
vn 0.7029 -0.1089 0.7029
vn 0.7900 -0.2116 0.5754
vn 0.8035 -0.1089 0.5853
vn 0.8701 -0.2115 0.4453
vn 0.8849 -0.1088 0.4529
vn 0.9292 -0.2112 0.3034
vn 0.9450 -0.1087 0.3085
vn 0.9654 -0.2110 0.1533
vn 0.9818 -0.1085 0.1559
vn 0.9747 -0.2102 0.0765
vn 0.9911 -0.1081 0.0778
vn 0.1440 -0.3961 0.9068
vn 0.0719 -0.3949 0.9159
vn 0.2849 -0.3965 0.8727
vn 0.4181 -0.3970 0.8171
vn 0.5403 -0.3972 0.7418
vn 0.6489 -0.3973 0.6489
vn 0.7418 -0.3972 0.5403
vn 0.8171 -0.3969 0.4181
vn 0.8727 -0.3965 0.2849
vn 0.9068 -0.3961 0.1440
vn 0.9159 -0.3949 0.0719
vn 0.1320 -0.5397 0.8314
vn 0.0659 -0.5383 0.8402
vn 0.2612 -0.5402 0.8000
vn 0.3832 -0.5406 0.7489
vn 0.4952 -0.5409 0.6798
vn 0.5947 -0.5410 0.5947
vn 0.6798 -0.5409 0.4952
vn 0.7489 -0.5406 0.3832
vn 0.8000 -0.5402 0.2612
vn 0.8314 -0.5397 0.1320
vn 0.8402 -0.5383 0.0660
vn 0.1202 -0.6424 0.7569
vn 0.0601 -0.6410 0.7652
vn 0.2377 -0.6428 0.7282
vn 0.3488 -0.6433 0.6816
vn 0.4506 -0.6436 0.6187
vn 0.5411 -0.6437 0.5411
vn 0.6187 -0.6436 0.4506
vn 0.6816 -0.6433 0.3488
vn 0.7282 -0.6428 0.2377
vn 0.7569 -0.6424 0.1202
vn 0.7652 -0.6410 0.0601
vn 0.1102 -0.7112 0.6943
vn 0.0551 -0.7099 0.7021
vn 0.2180 -0.7117 0.6678
vn 0.3198 -0.7121 0.6250
vn 0.4132 -0.7123 0.5673
vn 0.4962 -0.7124 0.4962
vn 0.5673 -0.7124 0.4132
vn 0.6250 -0.7121 0.3198
vn 0.6678 -0.7117 0.2180
vn 0.6943 -0.7112 0.1102
vn 0.7021 -0.7099 0.0551
vn 0.1032 -0.7529 0.6500
vn 0.0516 -0.7517 0.6575
vn 0.2041 -0.7533 0.6252
vn 0.2994 -0.7537 0.5851
vn 0.3868 -0.7539 0.5310
vn 0.4645 -0.7540 0.4645
vn 0.5310 -0.7539 0.3868
vn 0.5851 -0.7536 0.2994
vn 0.6253 -0.7533 0.2041
vn 0.6500 -0.7529 0.1032
vn 0.6575 -0.7517 0.0516
vn 0.1002 -0.7678 0.6328
vn 0.0499 -0.7689 0.6374
vn 0.1987 -0.7682 0.6087
vn 0.2914 -0.7685 0.5696
vn 0.3765 -0.7687 0.5170
vn 0.4521 -0.7689 0.4521
vn 0.5169 -0.7688 0.3765
vn 0.5695 -0.7686 0.2915
vn 0.6086 -0.7682 0.1987
vn 0.6328 -0.7678 0.1007
vn 0.6401 -0.7667 0.0501
vn 0.1042 -0.7470 0.6566
vn 0.0521 -0.7458 0.6641
vn 0.2062 -0.7474 0.6315
vn 0.3024 -0.7478 0.5910
vn 0.3907 -0.7481 0.5364
vn 0.4692 -0.7482 0.4692
vn 0.5364 -0.7481 0.3907
vn 0.5910 -0.7478 0.3024
vn 0.6315 -0.7475 0.2061
vn 0.6566 -0.7470 0.1042
vn 0.6641 -0.7458 0.0521
vn 0.1251 -0.6024 0.7883
vn 0.0626 -0.6009 0.7969
vn 0.2476 -0.6028 0.7585
vn 0.3633 -0.6032 0.7100
vn 0.4694 -0.6035 0.6445
vn 0.5638 -0.6036 0.5638
vn 0.6445 -0.6035 0.4694
vn 0.7100 -0.6032 0.3633
vn 0.7585 -0.6028 0.2476
vn 0.7884 -0.6024 0.1251
vn 0.7969 -0.6009 0.0626
vn 0.1391 -0.4595 0.8772
vn 0.0696 -0.4582 0.8861
vn 0.2754 -0.4601 0.8441
vn 0.4043 -0.4604 0.7903
vn 0.5225 -0.4607 0.7175
vn 0.6276 -0.4608 0.6276
vn 0.7174 -0.4607 0.5225
vn 0.7903 -0.4605 0.4043
vn 0.8442 -0.4600 0.2754
vn 0.8772 -0.4596 0.1391
vn 0.8861 -0.4582 0.0696
vn 0.0082 -0.9854 -0.1703
vn 0.0011 -0.9846 -0.1747
vn 0.0011 -1.0000 -0.0000
vn 0.0030 -1.0000 -0.0000
vn 0.0081 -0.9259 -0.3777
vn 0.0011 -0.9210 -0.3895
vn 0.0072 -0.7783 -0.6278
vn 0.0010 -0.7603 -0.6496
vn 0.0033 -0.4736 -0.8807
vn 0.0006 -0.4268 -0.9044
vn 0.0004 0.0004 -1.0000
vn -0.0001 0.0699 -0.9976
vn -0.0016 0.4740 -0.8805
vn -0.0008 0.5222 -0.8528
vn -0.0029 0.7784 -0.6278
vn -0.0012 0.7969 -0.6041
vn -0.0022 0.9257 -0.3782
vn -0.0015 0.9308 -0.3655
vn -0.0050 0.9854 -0.1702
vn -0.0016 0.9862 -0.1658
vn -0.0096 1.0000 -0.0000
vn -0.0016 1.0000 -0.0000
vn 0.0181 -0.9853 -0.1698
vn 0.0173 -0.9969 -0.0770
vn 0.0184 -0.9260 -0.3771
vn 0.0193 -0.7785 -0.6274
vn 0.0156 -0.4733 -0.8808
vn -0.0030 0.0030 -1.0000
vn -0.0081 0.4758 -0.8795
vn -0.0176 0.7791 -0.6267
vn -0.0224 0.9259 -0.3771
vn -0.0247 0.9851 -0.1700
vn -0.0252 0.9967 -0.0774
vn 0.0436 -0.9846 -0.1695
vn 0.0413 -0.9962 -0.0765
vn 0.0441 -0.9252 -0.3769
vn 0.0404 -0.7774 -0.6277
vn 0.0207 -0.4736 -0.8805
vn -0.0056 0.0025 -1.0000
vn -0.0203 0.4756 -0.8794
vn -0.0430 0.7772 -0.6278
vn -0.0544 0.9240 -0.3785
vn -0.0600 0.9835 -0.1709
vn -0.0618 0.9950 -0.0779
vn 0.0869 -0.9817 -0.1697
vn 0.0830 -0.9936 -0.0763
vn 0.0840 -0.9219 -0.3782
vn 0.0760 -0.7724 -0.6306
vn 0.0532 -0.4640 -0.8842
vn 0.0051 0.0082 -1.0000
vn -0.0509 0.4707 -0.8808
vn -0.0896 0.7688 -0.6331
vn -0.1102 0.9167 -0.3841
vn -0.1217 0.9772 -0.1741
vn -0.1254 0.9889 -0.0792
vn 0.1542 -0.9730 -0.1718
vn 0.1512 -0.9855 -0.0765
vn 0.1525 -0.9108 -0.3836
vn 0.1334 -0.7577 -0.6388
vn 0.0866 -0.4473 -0.8902
vn 0.0071 0.0144 -0.9999
vn -0.0912 0.4565 -0.8850
vn -0.1647 0.7459 -0.6453
vn -0.2033 0.8952 -0.3967
vn -0.2224 0.9580 -0.1812
vn -0.2290 0.9699 -0.0822
vn 0.2662 -0.9474 -0.1776
vn 0.2620 -0.9619 -0.0784
vn 0.2580 -0.8809 -0.3969
vn 0.2251 -0.7200 -0.6565
vn 0.1411 -0.4109 -0.9007
vn 0.0004 0.0208 -0.9998
vn -0.1511 0.4242 -0.8929
vn -0.2728 0.6940 -0.6663
vn -0.3449 0.8404 -0.4180
vn -0.3763 0.9061 -0.1933
vn -0.3877 0.9176 -0.0880
vn 0.4400 -0.8777 -0.1900
vn 0.4412 -0.8938 -0.0810
vn 0.4209 -0.8028 -0.4223
vn 0.3551 -0.6350 -0.6860
vn 0.2105 -0.3440 -0.9151
vn -0.0064 0.0257 -0.9996
vn -0.2343 0.3592 -0.9034
vn -0.4152 0.5900 -0.6925
vn -0.5305 0.7215 -0.4450
vn -0.5873 0.7820 -0.2088
vn -0.6021 0.7984 -0.0010
vn 0.6799 -0.7029 -0.2090
vn 0.6855 -0.7225 -0.0897
vn 0.6308 -0.6270 -0.4571
vn 0.5073 -0.4739 -0.7198
vn 0.2845 -0.2414 -0.9278
vn -0.0152 0.0231 -0.9996
vn -0.3198 0.2537 -0.9129
vn -0.5629 0.4174 -0.7134
vn -0.7211 0.5128 -0.4659
vn -0.8006 0.5571 -0.2206
vn -0.8246 0.5658 -0.0009
vn 0.8968 -0.3813 -0.2244
vn 0.9120 -0.3978 -0.0997
vn 0.8106 -0.3343 -0.4808
vn 0.6304 -0.2423 -0.7375
vn 0.3400 -0.1215 -0.9326
vn -0.0203 0.0120 -0.9997
vn -0.3772 0.1262 -0.9175
vn -0.6625 0.2042 -0.7207
vn -0.8456 0.2497 -0.4718
vn -0.9369 0.2692 -0.2232
vn -0.9568 0.2719 -0.1031
vn 0.9728 -0.0522 -0.2258
vn 0.9985 -0.0544 0.0004
vn 0.8763 -0.0424 -0.4800
vn 0.6782 -0.0309 -0.7342
vn 0.3693 -0.0124 -0.9292
vn -0.0144 0.0015 -0.9999
vn -0.3931 0.0128 -0.9194
vn -0.6921 0.0204 -0.7216
vn -0.8819 0.0231 -0.4709
vn -0.9748 0.0231 -0.2221
vn -0.9998 0.0222 -0.0001
vn -0.0023 0.9854 0.1702
vn -0.0015 0.9862 0.1658
vn -0.0021 0.9260 0.3775
vn -0.0014 0.9308 0.3654
vn -0.0017 0.7788 0.6273
vn -0.0012 0.7969 0.6041
vn -0.0013 0.4747 0.8801
vn -0.0008 0.5222 0.8528
vn -0.0010 0.0015 1.0000
vn -0.0001 0.0698 0.9976
vn 0.0011 -0.4730 0.8810
vn 0.0005 -0.4268 0.9044
vn 0.0045 -0.7802 0.6256
vn 0.0009 -0.7603 0.6496
vn 0.0053 -0.9271 0.3749
vn 0.0011 -0.9210 0.3896
vn 0.0062 -0.9854 0.1703
vn 0.0011 -0.9846 0.1747
vn -0.0242 0.9852 0.1700
vn -0.0251 0.9967 0.0773
vn -0.0220 0.9259 0.3770
vn -0.0173 0.7791 0.6266
vn -0.0087 0.4758 0.8795
vn -0.0017 0.0041 1.0000
vn 0.0050 -0.4753 0.8798
vn 0.0174 -0.7764 0.6300
vn 0.0178 -0.9260 0.3772
vn 0.0175 -0.9853 0.1700
vn 0.0173 -0.9969 0.0773
vn -0.0597 0.9835 0.1707
vn -0.0621 0.9951 0.0774
vn -0.0538 0.9241 0.3783
vn -0.0425 0.7773 0.6276
vn -0.0219 0.4754 0.8795
vn 0.0027 0.0090 1.0000
vn 0.0219 -0.4756 0.8794
vn 0.0393 -0.7776 0.6275
vn 0.0429 -0.9253 0.3769
vn 0.0427 -0.9846 0.1698
vn 0.0418 -0.9961 0.0773
vn -0.1211 0.9774 0.1736
vn -0.1259 0.9889 0.0786
vn -0.1093 0.9170 0.3836
vn -0.0863 0.7695 0.6328
vn -0.0482 0.4707 0.8810
vn 0.0024 0.0091 1.0000
vn 0.0477 -0.4647 0.8842
vn 0.0723 -0.7719 0.6317
vn 0.0858 -0.9217 0.3783
vn 0.0857 -0.9817 0.1703
vn 0.0835 -0.9935 0.0769
vn -0.2214 0.9584 0.1802
vn -0.2297 0.9698 0.0816
vn -0.2032 0.8956 0.3957
vn -0.1611 0.7472 0.6448
vn -0.0876 0.4566 0.8853
vn 0.0025 0.0147 0.9999
vn 0.0851 -0.4482 0.8899
vn 0.1324 -0.7585 0.6381
vn 0.1495 -0.9112 0.3839
vn 0.1558 -0.9725 0.1729
vn 0.1523 -0.9853 0.0777
vn -0.3783 0.9056 0.1918
vn -0.3886 0.9173 0.0871
vn -0.3417 0.8423 0.4169
vn -0.2718 0.6950 0.6657
vn -0.1511 0.4230 0.8934
vn -0.0002 0.0212 0.9998
vn 0.1396 -0.4126 0.9001
vn 0.2242 -0.7211 0.6556
vn 0.2571 -0.8808 0.3976
vn 0.2660 -0.9471 0.1796
vn 0.2638 -0.9612 0.0802
vn -0.5872 0.7825 0.2071
vn -0.5302 0.7224 0.4439
vn -0.4148 0.5903 0.6925
vn -0.2316 0.3581 0.9045
vn -0.0010 0.0231 0.9997
vn 0.2098 -0.3458 0.9146
vn 0.3552 -0.6356 0.6855
vn 0.4204 -0.8023 0.4238
vn 0.4411 -0.8764 0.1931
vn 0.4399 -0.8939 0.0858
vn -0.8010 0.5572 0.2191
vn -0.7218 0.5124 0.4653
vn -0.5631 0.4161 0.7140
vn -0.3175 0.2522 0.9141
vn -0.0114 0.0212 0.9997
vn 0.2868 -0.2425 0.9268
vn 0.5085 -0.4723 0.7199
vn 0.6312 -0.6249 0.4595
vn 0.6798 -0.7018 0.2130
vn 0.6874 -0.7199 0.0965
vn -0.9369 0.2698 0.2224
vn -0.9570 0.2711 0.1034
vn -0.8462 0.2483 0.4715
vn -0.6628 0.2017 0.7211
vn -0.3779 0.1208 0.9179
vn -0.0186 0.0104 0.9998
vn 0.3436 -0.1170 0.9318
vn 0.6307 -0.2401 0.7379
vn 0.8122 -0.3280 0.4824
vn 0.8959 -0.3816 0.2274
vn 0.9134 -0.3937 0.1032
vn -0.9748 0.0217 0.2218
vn -0.8820 0.0213 0.4708
vn -0.6920 0.0188 0.7216
vn -0.3927 0.0126 0.9196
vn -0.0139 0.0013 0.9999
vn 0.3696 -0.0124 0.9291
vn 0.6786 -0.0262 0.7340
vn 0.8760 -0.0417 0.4804
vn 0.9726 -0.0512 0.2266
vn 0.9633 0.1466 -0.2251
vn 0.9888 0.1493 0.0001
vn 0.8680 0.1334 -0.4782
vn 0.6734 0.1046 -0.7319
vn 0.3690 0.0578 -0.9276
vn -0.0095 -0.0008 -1.0000
vn -0.3844 -0.0598 -0.9212
vn -0.6814 -0.1074 -0.7240
vn -0.8703 -0.1383 -0.4727
vn -0.9627 -0.1537 -0.2229
vn -0.9874 -0.1580 -0.0000
vn 0.9370 0.2680 -0.2242
vn 0.9577 0.2688 -0.1024
vn 0.8441 0.2444 -0.4772
vn 0.6534 0.1965 -0.7310
vn 0.3578 0.1101 -0.9273
vn -0.0090 -0.0013 -1.0000
vn -0.3714 -0.1143 -0.9214
vn -0.6575 -0.2076 -0.7243
vn -0.8387 -0.2696 -0.4731
vn -0.9270 -0.3015 -0.2231
vn -0.9454 -0.3090 -0.1038
vn 0.9028 0.3694 -0.2201
vn 0.9264 0.3765 0.0008
vn 0.8132 0.3421 -0.4707
vn 0.6319 0.2726 -0.7255
vn 0.3448 0.1588 -0.9251
vn -0.0089 -0.0013 -1.0000
vn -0.3552 -0.1684 -0.9195
vn -0.6250 -0.3025 -0.7196
vn -0.7936 -0.3886 -0.4683
vn -0.8728 -0.4354 -0.2204
vn -0.8884 -0.4477 -0.1018
vn 0.8607 0.4629 -0.2121
vn 0.8846 0.4663 0.0012
vn 0.7788 0.4293 -0.4574
vn 0.6083 0.3479 -0.7134
vn 0.3356 0.1995 -0.9206
vn -0.0081 -0.0036 -1.0000
vn -0.3397 -0.2175 -0.9150
vn -0.5877 -0.3908 -0.7085
vn -0.7359 -0.5000 -0.4565
vn -0.8066 -0.5510 -0.2139
vn -0.8180 -0.5668 -0.0980
vn 0.8103 0.5505 -0.2007
vn 0.8293 0.5517 -0.0892
vn 0.7377 0.5141 -0.4376
vn 0.5825 0.4221 -0.6946
vn 0.3250 0.2457 -0.9132
vn -0.0065 -0.0063 -1.0000
vn -0.3231 -0.2678 -0.9077
vn -0.5493 -0.4694 -0.6913
vn -0.6759 -0.5919 -0.4391
vn -0.7324 -0.6496 -0.2041
vn -0.7417 -0.6643 -0.0925
vn 0.7505 0.6337 -0.1875
vn 0.7680 0.6351 -0.0826
vn 0.6885 0.5956 -0.4138
vn 0.5515 0.4960 -0.6707
vn 0.3128 0.2937 -0.9033
vn -0.0061 -0.0067 -1.0000
vn -0.3067 -0.3152 -0.8981
vn -0.5090 -0.5404 -0.6700
vn -0.6143 -0.6689 -0.4184
vn -0.6589 -0.7271 -0.1928
vn -0.6652 -0.7416 -0.0867
vn 0.6801 0.7120 -0.1749
vn 0.6954 0.7145 -0.0768
vn 0.6289 0.6725 -0.3901
vn 0.5117 0.5670 -0.6456
vn 0.2954 0.3415 -0.8923
vn -0.0064 -0.0068 -1.0000
vn -0.2875 -0.3595 -0.8877
vn -0.4660 -0.6022 -0.6482
vn -0.5529 -0.7319 -0.3983
vn -0.5879 -0.7881 -0.1821
vn -0.5922 -0.8017 -0.0813
vn 0.5988 0.7835 -0.1661
vn 0.6112 0.7880 -0.0733
vn 0.5576 0.7417 -0.3729
vn 0.4598 0.6297 -0.6262
vn 0.2694 0.3836 -0.8833
vn -0.0073 -0.0068 -1.0000
vn -0.2634 -0.3967 -0.8794
vn -0.4196 -0.6520 -0.6315
vn -0.4926 -0.7812 -0.3835
vn -0.5214 -0.8353 -0.1742
vn -0.5248 -0.8477 -0.0777
vn 0.5069 0.8460 -0.1652
vn 0.5149 0.8540 -0.0745
vn 0.4745 0.7988 -0.3699
vn 0.3942 0.6766 -0.6219
vn 0.2323 0.4117 -0.8812
vn -0.0085 -0.0072 -0.9999
vn -0.2326 -0.4207 -0.8769
vn -0.3696 -0.6862 -0.6266
vn -0.4342 -0.8173 -0.3788
vn -0.4597 -0.8714 -0.1715
vn -0.4636 -0.8827 -0.0768
vn 0.4555 0.8726 -0.1762
vn 0.4621 0.8836 -0.0757
vn 0.4227 0.8150 -0.3964
vn 0.3409 0.6637 -0.6658
vn 0.1747 0.3436 -0.9227
vn -0.0588 -0.1181 -0.9913
vn -0.2519 -0.5079 -0.8238
vn -0.3602 -0.7317 -0.5787
vn -0.4113 -0.8408 -0.3521
vn -0.4321 -0.8873 -0.1613
vn -0.4356 -0.8967 -0.0792
vn -0.9628 -0.1532 0.2228
vn -0.8704 -0.1376 0.4727
vn -0.6815 -0.1069 0.7239
vn -0.3844 -0.0598 0.9212
vn -0.0093 -0.0008 1.0000
vn 0.3692 0.0578 0.9275
vn 0.6736 0.1038 0.7318
vn 0.8682 0.1323 0.4783
vn 0.9634 0.1455 0.2252
vn -0.9274 -0.3004 0.2228
vn -0.9453 -0.3095 0.1030
vn -0.8393 -0.2682 0.4729
vn -0.6578 -0.2066 0.7243
vn -0.3710 -0.1145 0.9215
vn -0.0083 -0.0012 1.0000
vn 0.3584 0.1104 0.9270
vn 0.6548 0.1926 0.7309
vn 0.8439 0.2451 0.4773
vn 0.9372 0.2665 0.2249
vn 0.9574 0.2695 0.1036
vn -0.8736 -0.4343 0.2196
vn -0.8881 -0.4485 0.1009
vn -0.7928 -0.3908 0.4678
vn -0.6254 -0.3015 0.7197
vn -0.3559 -0.1645 0.9199
vn -0.0076 -0.0008 1.0000
vn 0.3477 0.1551 0.9247
vn 0.6320 0.2737 0.7251
vn 0.8143 0.3390 0.4712
vn 0.9020 0.3706 0.2214
vn -0.8055 -0.5532 0.2127
vn -0.8174 -0.5678 0.0969
vn -0.7381 -0.4973 0.4560
vn -0.5881 -0.3899 0.7087
vn -0.3395 -0.2155 0.9156
vn -0.0074 -0.0001 1.0000
vn 0.3367 0.2014 0.9198
vn 0.6094 0.3471 0.7129
vn 0.7790 0.4282 0.4581
vn 0.8604 0.4624 0.2140
vn -0.7326 -0.6498 0.2027
vn -0.7408 -0.6655 0.0917
vn -0.6765 -0.5917 0.4384
vn -0.5495 -0.4689 0.6915
vn -0.3221 -0.2666 0.9084
vn -0.0057 -0.0025 1.0000
vn 0.3256 0.2489 0.9122
vn 0.5833 0.4220 0.6940
vn 0.7376 0.5134 0.4386
vn 0.8099 0.5502 0.2031
vn 0.8279 0.5534 0.0908
vn -0.6590 -0.7274 0.1913
vn -0.6640 -0.7428 0.0860
vn -0.6146 -0.6692 0.4176
vn -0.5089 -0.5403 0.6702
vn -0.3053 -0.3142 0.8989
vn -0.0035 -0.0049 1.0000
vn 0.3146 0.2951 0.9022
vn 0.5517 0.4964 0.6702
vn 0.6879 0.5956 0.4149
vn 0.7499 0.6336 0.1900
vn 0.7664 0.6368 0.0841
vn -0.5881 -0.7884 0.1808
vn -0.5911 -0.8025 0.0810
vn -0.5528 -0.7324 0.3976
vn -0.4655 -0.6025 0.6483
vn -0.2858 -0.3588 0.8886
vn -0.0037 -0.0049 1.0000
vn 0.2966 0.3432 0.8912
vn 0.5109 0.5679 0.6454
vn 0.6276 0.6730 0.3913
vn 0.6794 0.7120 0.1773
vn 0.6938 0.7159 0.0779
vn -0.5213 -0.8356 0.1732
vn -0.5240 -0.8481 0.0779
vn -0.4921 -0.7818 0.3830
vn -0.4186 -0.6524 0.6318
vn -0.2613 -0.3961 0.8802
vn -0.0048 -0.0050 1.0000
vn 0.2695 0.3852 0.8826
vn 0.4578 0.6308 0.6265
vn 0.5556 0.7425 0.3743
vn 0.5979 0.7837 0.1682
vn 0.6098 0.7891 0.0738
vn -0.4597 -0.8714 0.1711
vn -0.4638 -0.8825 0.0778
vn -0.4332 -0.8178 0.3788
vn -0.3680 -0.6865 0.6271
vn -0.2304 -0.4202 0.8777
vn -0.0069 -0.0060 1.0000
vn 0.2312 0.4125 0.8811
vn 0.3914 0.6773 0.6230
vn 0.4718 0.7997 0.3713
vn 0.5061 0.8463 0.1666
vn 0.5149 0.8541 0.0737
vn -0.4314 -0.8876 0.1612
vn -0.4355 -0.8968 0.0779
vn -0.4099 -0.8413 0.3525
vn -0.3582 -0.7319 0.5797
vn -0.2497 -0.5073 0.8248
vn -0.0579 -0.1173 0.9914
vn 0.1730 0.3435 0.9231
vn 0.3378 0.6638 0.6673
vn 0.4199 0.8157 0.3979
vn 0.4539 0.8733 0.1772
vn 0.4620 0.8835 0.0777
vn -0.1839 0.9476 -0.2611
vn -0.0867 0.9585 -0.2716
vn -0.0809 0.9894 -0.1210
vn -0.1856 0.9754 -0.1189
vn -0.1566 0.8282 -0.5381
vn -0.0837 0.8273 -0.5554
vn -0.1041 0.6129 -0.7833
vn -0.0639 0.5991 -0.7981
vn -0.0258 0.3233 -0.9459
vn -0.0238 0.3035 -0.9525
vn 0.0672 -0.0015 -0.9977
vn 0.0331 -0.0195 -0.9993
vn 0.1676 -0.3202 -0.9324
vn 0.0994 -0.3366 -0.9364
vn 0.2569 -0.5945 -0.7619
vn 0.1645 -0.6148 -0.7713
vn 0.3223 -0.7918 -0.5188
vn 0.2160 -0.8199 -0.5302
vn 0.3594 -0.8986 -0.2516
vn 0.2458 -0.9340 -0.2592
vn 0.3677 -0.9224 -0.1185
vn 0.2526 -0.9595 -0.1244
vn -0.4035 0.8801 -0.2503
vn -0.4194 0.9006 -0.1141
vn -0.3363 0.7840 -0.5218
vn -0.2103 0.6003 -0.7716
vn -0.0409 0.3362 -0.9409
vn 0.1455 0.0308 -0.9889
vn 0.3166 -0.2677 -0.9100
vn 0.4523 -0.5153 -0.7280
vn 0.5442 -0.6840 -0.4858
vn 0.5907 -0.7727 -0.2325
vn 0.6003 -0.7923 -0.1088
vn -0.6313 0.7389 -0.2355
vn -0.6553 0.7477 -0.1071
vn -0.5312 0.6837 -0.5004
vn -0.3429 0.5540 -0.7586
vn -0.0758 0.3438 -0.9360
vn 0.2084 0.0821 -0.9746
vn 0.4537 -0.1714 -0.8745
vn 0.6289 -0.3761 -0.6804
vn 0.7330 -0.5144 -0.4451
vn 0.7832 -0.5851 -0.2104
vn 0.7935 -0.6007 -0.0973
vn -0.7988 0.5604 -0.2189
vn -0.8252 0.5564 -0.0975
vn -0.6907 0.5450 -0.4753
vn -0.4642 0.4852 -0.7410
vn -0.1304 0.3404 -0.9312
vn 0.2334 0.1379 -0.9626
vn 0.5315 -0.0677 -0.8444
vn 0.7311 -0.2328 -0.6413
vn 0.8445 -0.3422 -0.4120
vn 0.8953 -0.4014 -0.1931
vn 0.9047 -0.4167 -0.0883
vn -0.8844 0.4156 -0.2122
vn -0.9103 0.4034 -0.0933
vn -0.7753 0.4297 -0.4629
vn -0.5457 0.4107 -0.7304
vn -0.1883 0.3277 -0.9258
vn 0.2082 0.1760 -0.9621
vn 0.5371 0.0075 -0.8435
vn 0.7575 -0.1336 -0.6390
vn 0.8820 -0.2323 -0.4101
vn 0.9378 -0.2891 -0.1920
vn 0.9484 -0.3049 -0.0870
vn -0.9116 0.3449 -0.2236
vn -0.9375 0.3322 -0.1036
vn -0.7962 0.3710 -0.4779
vn -0.5677 0.3679 -0.7365
vn -0.2296 0.3086 -0.9231
vn 0.1489 0.1909 -0.9703
vn 0.4813 0.0418 -0.8756
vn 0.7232 -0.0987 -0.6836
vn 0.8702 -0.2053 -0.4479
vn 0.9399 -0.2678 -0.2116
vn 0.9524 -0.2898 -0.0952
vn -0.8971 0.3631 -0.2516
vn -0.9298 0.3479 -0.1201
vn -0.7672 0.3801 -0.5167
vn -0.5392 0.3675 -0.7577
vn -0.2404 0.3030 -0.9221
vn 0.0818 0.1859 -0.9792
vn 0.3864 0.0324 -0.9218
vn 0.6398 -0.1292 -0.7576
vn 0.8145 -0.2646 -0.5163
vn 0.9039 -0.3481 -0.2486
vn 0.9212 -0.3719 -0.1141
vn -0.8431 0.4541 -0.2881
vn -0.8834 0.4463 -0.1427
vn -0.6966 0.4452 -0.5626
vn -0.4780 0.4001 -0.7819
vn -0.2284 0.3079 -0.9236
vn 0.0291 0.1683 -0.9853
vn 0.2860 -0.0149 -0.9581
vn 0.5246 -0.2214 -0.8221
vn 0.7067 -0.4058 -0.5796
vn 0.8049 -0.5212 -0.2836
vn 0.8240 -0.5514 -0.1304
vn -0.7348 0.6012 -0.3141
vn -0.7780 0.6077 -0.1595
vn -0.5895 0.5517 -0.5900
vn -0.4002 0.4595 -0.7929
vn -0.2023 0.3215 -0.9250
vn -0.0005 0.1309 -0.9914
vn 0.2079 -0.1139 -0.9715
vn 0.4040 -0.3845 -0.8300
vn 0.5467 -0.6106 -0.5729
vn 0.6161 -0.7384 -0.2743
vn 0.6288 -0.7672 -0.1267
vn -0.6426 0.6680 -0.3754
vn -0.6940 0.6989 -0.1727
vn -0.4841 0.5552 -0.6763
vn -0.3002 0.4049 -0.8637
vn -0.1236 0.2250 -0.9665
vn 0.0501 0.0025 -0.9987
vn 0.2230 -0.2645 -0.9383
vn 0.3737 -0.5336 -0.7587
vn 0.4699 -0.7312 -0.4945
vn 0.5096 -0.8295 -0.2286
vn 0.5142 -0.8486 -0.1244
vn 0.3594 -0.8988 0.2510
vn 0.2432 -0.9349 0.2585
vn 0.2523 -0.9601 0.1209
vn 0.3687 -0.9221 0.1175
vn 0.3246 -0.7911 0.5184
vn 0.2115 -0.8209 0.5305
vn 0.2586 -0.5938 0.7620
vn 0.1597 -0.6148 0.7723
vn 0.1680 -0.3192 0.9327
vn 0.0964 -0.3355 0.9371
vn 0.0703 0.0004 0.9975
vn 0.0339 -0.0178 0.9993
vn -0.0259 0.3244 0.9456
vn -0.0181 0.3051 0.9522
vn -0.1052 0.6130 0.7831
vn -0.0542 0.6000 0.7982
vn -0.1581 0.8274 0.5389
vn -0.0733 0.8275 0.5566
vn -0.1843 0.9470 0.2632
vn -0.0801 0.9583 0.2743
vn -0.1879 0.9746 0.1222
vn -0.0805 0.9885 0.1281
vn 0.5908 -0.7725 0.2327
vn 0.6007 -0.7921 0.1082
vn 0.5467 -0.6821 0.4856
vn 0.4572 -0.5121 0.7272
vn 0.3197 -0.2659 0.9095
vn 0.1449 0.0306 0.9890
vn -0.0404 0.3363 0.9409
vn -0.2132 0.5988 0.7720
vn -0.3370 0.7832 0.5225
vn -0.4037 0.8797 0.2514
vn -0.4195 0.9006 0.1136
vn 0.7848 -0.5827 0.2111
vn 0.7940 -0.6002 0.0969
vn 0.7342 -0.5124 0.4454
vn 0.6298 -0.3748 0.6804
vn 0.4553 -0.1703 0.8739
vn 0.2123 0.0839 0.9736
vn -0.0723 0.3446 0.9359
vn -0.3401 0.5554 0.7589
vn -0.5344 0.6808 0.5009
vn -0.6326 0.7378 0.2354
vn -0.6559 0.7472 0.1069
vn 0.8954 -0.4003 0.1947
vn 0.9052 -0.4158 0.0881
vn 0.8443 -0.3413 0.4132
vn 0.7311 -0.2318 0.6417
vn 0.5324 -0.0668 0.8438
vn 0.2370 0.1394 0.9615
vn -0.1255 0.3422 0.9312
vn -0.4636 0.4841 0.7421
vn -0.6907 0.5457 0.4745
vn -0.8014 0.5572 0.2176
vn -0.8253 0.5562 0.0979
vn 0.9378 -0.2878 0.1943
vn 0.9489 -0.3035 0.0867
vn 0.8814 -0.2315 0.4118
vn 0.7570 -0.1328 0.6397
vn 0.5382 0.0092 0.8428
vn 0.2118 0.1769 0.9612
vn -0.1839 0.3272 0.9269
vn -0.5439 0.4111 0.7316
vn -0.7772 0.4270 0.4621
vn -0.8869 0.4116 0.2096
vn -0.9102 0.4034 0.0938
vn 0.9389 -0.2691 0.2148
vn 0.9530 -0.2857 0.1007
vn 0.8700 -0.2041 0.4489
vn 0.7236 -0.0983 0.6832
vn 0.4821 0.0410 0.8752
vn 0.1542 0.1892 0.9697
vn -0.2224 0.3098 0.9244
vn -0.5649 0.3685 0.7383
vn -0.7977 0.3685 0.4773
vn -0.9126 0.3451 0.2194
vn -0.9398 0.3276 0.0970
vn 0.9033 -0.3469 0.2525
vn 0.9208 -0.3714 0.1187
vn 0.8136 -0.2632 0.5184
vn 0.6395 -0.1290 0.7579
vn 0.3879 0.0307 0.9212
vn 0.0878 0.1833 0.9791
vn -0.2334 0.3012 0.9246
vn -0.5370 0.3636 0.7612
vn -0.7688 0.3759 0.5173
vn -0.8993 0.3609 0.2468
vn -0.9310 0.3471 0.1129
vn 0.8042 -0.5200 0.2879
vn 0.8233 -0.5512 0.1354
vn 0.7057 -0.4043 0.5818
vn 0.5245 -0.2219 0.8220
vn 0.2879 -0.0186 0.9575
vn 0.0326 0.1624 0.9862
vn -0.2241 0.3027 0.9264
vn -0.4748 0.3971 0.7854
vn -0.6963 0.4447 0.5634
vn -0.8449 0.4541 0.2827
vn -0.8848 0.4465 0.1335
vn 0.6153 -0.7377 0.2778
vn 0.6279 -0.7673 0.1307
vn 0.5456 -0.6099 0.5748
vn 0.4038 -0.3859 0.8295
vn 0.2096 -0.1200 0.9704
vn 0.0010 0.1187 0.9929
vn -0.1995 0.3112 0.9292
vn -0.3985 0.4540 0.7969
vn -0.5889 0.5527 0.5897
vn -0.7347 0.6046 0.3076
vn -0.7783 0.6098 0.1496
vn 0.4430 -0.8627 0.2437
vn 0.4344 -0.9001 0.0349
vn 0.4065 -0.7482 0.5243
vn 0.3128 -0.5205 0.7945
vn 0.1640 -0.2126 0.9633
vn -0.0040 0.0896 0.9960
vn -0.1659 0.3368 0.9268
vn -0.2972 0.4282 0.8534
vn -0.4761 0.5827 0.6587
vn -0.6325 0.6858 0.3601
vn -0.6874 0.7080 0.1620
vn -0.4928 0.8231 -0.2823
vn -0.5303 0.8107 -0.2479
vn -0.5604 0.8282 -0.0018
vn -0.5266 0.8501 -0.0041
vn -0.3999 0.7425 -0.5373
vn -0.4515 0.7469 -0.4881
vn -0.2792 0.6144 -0.7379
vn -0.3391 0.6294 -0.6992
vn -0.1463 0.4358 -0.8881
vn -0.2072 0.4520 -0.8676
vn 0.0017 0.1873 -0.9823
vn -0.0570 0.1977 -0.9786
vn 0.1625 -0.1394 -0.9768
vn 0.1090 -0.1406 -0.9840
vn 0.3065 -0.4866 -0.8181
vn 0.2609 -0.4993 -0.8262
vn 0.3942 -0.7445 -0.5389
vn 0.3563 -0.7598 -0.5437
vn 0.4253 -0.8705 -0.2478
vn 0.3949 -0.8842 -0.2494
vn 0.4314 -0.9022 0.0012
vn -0.4171 0.8749 -0.2460
vn -0.4419 0.8971 -0.0015
vn -0.3368 0.8176 -0.4669
vn -0.2393 0.7257 -0.6450
vn -0.1299 0.5973 -0.7914
vn 0.0001 0.4068 -0.9135
vn 0.1583 0.1154 -0.9806
vn 0.3287 -0.2663 -0.9061
vn 0.4512 -0.6183 -0.6435
vn 0.4942 -0.8149 -0.3027
vn 0.4991 -0.8666 0.0017
vn -0.3278 0.9247 -0.1937
vn -0.3470 0.9331 -0.0948
vn -0.2649 0.8901 -0.3708
vn -0.1896 0.8378 -0.5120
vn -0.1075 0.7643 -0.6359
vn -0.0074 0.6501 -0.7598
vn 0.1361 0.4536 -0.8808
vn 0.3342 0.1215 -0.9346
vn 0.5381 -0.2994 -0.7879
vn 0.6486 -0.6366 -0.4172
vn 0.6622 -0.7493 0.0026
vn -0.2078 0.9705 -0.1224
vn -0.2209 0.9736 -0.0571
vn -0.1692 0.9591 -0.2268
vn -0.1244 0.9417 -0.3126
vn -0.0769 0.9170 -0.3915
vn -0.0155 0.8793 -0.4760
vn 0.0776 0.8117 -0.5789
vn 0.2484 0.6739 -0.6959
vn 0.5446 0.4168 -0.7278
vn 0.8605 0.1750 -0.4785
vn 0.9957 0.0930 0.0039
vn -0.0040 0.9999 0.0119
vn 0.0007 0.9999 0.0167
vn -0.0159 0.9997 0.0170
vn -0.0285 0.9996 0.0040
vn -0.0358 0.9990 -0.0266
vn -0.0328 0.9972 -0.0668
vn -0.0172 0.9931 -0.1161
vn 0.0219 0.9861 -0.1644
vn 0.1036 0.9739 -0.2018
vn 0.2460 0.9547 -0.1675
vn 0.3334 0.9363 -0.1101
vn 0.3940 0.8704 0.2953
vn 0.4889 0.8558 0.1692
vn 0.2235 0.8742 0.4311
vn 0.0951 0.8918 0.4422
vn 0.0133 0.9134 0.4068
vn -0.0422 0.9339 0.3551
vn -0.0828 0.9521 0.2945
vn -0.1119 0.9684 0.2230
vn -0.1346 0.9802 0.1454
vn -0.1451 0.9871 0.0674
vn -0.1481 0.9883 0.0363
vn 0.7988 0.2330 0.5546
vn 0.9429 0.1373 0.3036
vn 0.4699 0.3844 0.7946
vn 0.2336 0.5207 0.8212
vn 0.0803 0.6302 0.7723
vn -0.0299 0.7207 0.6926
vn -0.1145 0.8009 0.5878
vn -0.1801 0.8699 0.4592
vn -0.2289 0.9228 0.3098
vn -0.2580 0.9543 0.1509
vn -0.2665 0.9610 0.0742
vn 0.7640 -0.4209 0.4890
vn 0.8304 -0.4955 0.2547
vn 0.5348 -0.1961 0.8219
vn 0.3053 0.0431 0.9513
vn 0.1260 0.2579 0.9579
vn -0.0163 0.4496 0.8931
vn -0.1286 0.6190 0.7748
vn -0.2194 0.7636 0.6073
vn -0.2826 0.8688 0.4067
vn -0.3184 0.9273 0.1966
vn -0.3280 0.9400 0.0941
vn 0.6367 -0.6641 0.3918
vn 0.6799 -0.7063 0.1971
vn 0.4885 -0.5004 0.7148
vn 0.3111 -0.2827 0.9073
vn 0.1445 -0.0463 0.9884
vn -0.0049 0.2035 0.9791
vn -0.1392 0.4491 0.8826
vn -0.2478 0.6657 0.7039
vn -0.3230 0.8210 0.4708
vn -0.3609 0.9049 0.2256
vn -0.3704 0.9227 0.1066
vn 0.6056 -0.7347 0.3057
vn 0.6318 -0.7552 0.1747
vn 0.4987 -0.6266 0.5990
vn 0.3509 -0.4564 0.8177
vn 0.1982 -0.2470 0.9485
vn 0.0491 -0.0041 0.9988
vn -0.0965 0.2671 0.9588
vn -0.2299 0.5392 0.8102
vn -0.3301 0.7589 0.5613
vn -0.3826 0.8836 0.2700
vn -0.3921 0.9131 0.1120
vn 0.4264 -0.8688 0.2518
vn 0.3916 -0.7424 0.5436
vn 0.3056 -0.4856 0.8190
vn 0.1638 -0.1433 0.9760
vn 0.0020 0.1824 0.9832
vn -0.1461 0.4343 0.8888
vn -0.2791 0.6158 0.7368
vn -0.3375 0.6166 0.7112
vn -0.4000 0.7450 0.5338
vn -0.4547 0.7385 0.4978
vn -0.4938 0.8240 0.2778
vn -0.5347 0.8075 0.2491
vn 0.4959 -0.8120 0.3078
vn 0.4500 -0.6142 0.6483
vn 0.3284 -0.2666 0.9061
vn 0.1605 0.1106 0.9808
vn 0.0016 0.4022 0.9156
vn -0.1282 0.5970 0.7919
vn -0.2372 0.7276 0.6437
vn -0.3368 0.8192 0.4642
vn -0.4159 0.8765 0.2425
vn 0.6466 -0.6339 0.4244
vn 0.5367 -0.2965 0.7900
vn 0.3368 0.1158 0.9344
vn 0.1398 0.4476 0.8832
vn -0.0031 0.6486 0.7612
vn -0.1053 0.7628 0.6380
vn -0.1901 0.8380 0.5115
vn -0.2649 0.8909 0.3690
vn -0.3256 0.9254 0.1941
vn -0.3478 0.9332 0.0907
vn 0.8597 0.1747 0.4800
vn 0.5520 0.4093 0.7265
vn 0.2570 0.6664 0.6999
vn 0.0822 0.8082 0.5831
vn -0.0134 0.8780 0.4785
vn -0.0748 0.9170 0.3918
vn -0.1237 0.9409 0.3153
vn -0.1686 0.9593 0.2264
vn -0.2065 0.9709 0.1213
vn -0.2205 0.9738 0.0559
vn 0.2483 0.9537 0.1696
vn 0.3345 0.9353 0.1151
vn 0.1066 0.9730 0.2047
vn 0.0239 0.9862 0.1639
vn -0.0148 0.9933 0.1144
vn -0.0315 0.9972 0.0679
vn -0.0349 0.9990 0.0276
vn -0.0280 0.9996 -0.0036
vn -0.0164 0.9997 -0.0166
vn -0.0064 0.9999 -0.0108
vn 0.0004 0.9999 -0.0111
vn -0.1450 0.9872 -0.0667
vn -0.1479 0.9884 -0.0355
vn -0.1346 0.9804 -0.1438
vn -0.1124 0.9687 -0.2214
vn -0.0834 0.9525 -0.2930
vn -0.0427 0.9342 -0.3541
vn 0.0128 0.9143 -0.4049
vn 0.0943 0.8930 -0.4402
vn 0.2255 0.8734 -0.4317
vn 0.3943 0.8708 -0.2937
vn 0.4811 0.8612 -0.1641
vn -0.2582 0.9541 -0.1515
vn -0.2670 0.9608 -0.0743
vn -0.2285 0.9228 -0.3103
vn -0.1785 0.8702 -0.4593
vn -0.1117 0.8022 -0.5866
vn -0.0314 0.7215 -0.6918
vn 0.0765 0.6302 -0.7727
vn 0.2312 0.5229 -0.8204
vn 0.4676 0.3911 -0.7927
vn 0.7975 0.2343 -0.5560
vn 0.9413 0.1445 -0.3050
vn -0.3178 0.9275 -0.1968
vn -0.3281 0.9399 -0.0945
vn -0.2835 0.8677 -0.4083
vn -0.2183 0.7618 -0.6099
vn -0.1268 0.6172 -0.7765
vn -0.0133 0.4467 -0.8946
vn 0.1252 0.2569 -0.9583
vn 0.3046 0.0464 -0.9513
vn 0.5337 -0.1911 -0.8238
vn 0.7634 -0.4165 -0.4936
vn 0.8301 -0.4936 -0.2596
vn -0.3620 0.9047 -0.2248
vn -0.3711 0.9226 -0.1055
vn -0.3228 0.8208 -0.4713
vn -0.2471 0.6626 -0.7070
vn -0.1374 0.4425 -0.8862
vn -0.0023 0.1960 -0.9806
vn 0.1466 -0.0497 -0.9880
vn 0.3120 -0.2825 -0.9071
vn 0.4882 -0.4969 -0.7175
vn 0.6369 -0.6602 -0.3981
vn 0.6798 -0.7046 -0.2035
vn -0.3801 0.8859 -0.2660
vn -0.3920 0.9136 -0.1084
vn -0.3280 0.7656 -0.5535
vn -0.2301 0.5484 -0.8039
vn -0.0966 0.2699 -0.9580
vn 0.0523 -0.0139 -0.9985
vn 0.2037 -0.2670 -0.9419
vn 0.3541 -0.4789 -0.8033
vn 0.4952 -0.6424 -0.5849
vn 0.5994 -0.7407 -0.3034
vn 0.6266 -0.7583 -0.1799
vn 0.0279 0.9993 -0.0256
vn 0.1285 0.9917 -0.0100
vn 0.1269 0.9917 -0.0200
vn 0.1220 0.9917 -0.0396
vn 0.1141 0.9918 -0.0581
vn 0.1035 0.9918 -0.0752
vn 0.0904 0.9918 -0.0904
vn 0.0752 0.9918 -0.1035
vn 0.0581 0.9918 -0.1141
vn 0.0396 0.9917 -0.1220
vn 0.0200 0.9917 -0.1269
vn 0.0100 0.9917 -0.1285
vn 0.4120 0.9089 -0.0649
vn 0.4170 0.9083 -0.0324
vn 0.3963 0.9091 -0.1285
vn 0.3707 0.9093 -0.1889
vn 0.3363 0.9095 -0.2444
vn 0.2939 0.9096 -0.2939
vn 0.2444 0.9095 -0.3363
vn 0.1889 0.9093 -0.3707
vn 0.1285 0.9091 -0.3962
vn 0.0649 0.9089 -0.4120
vn 0.0324 0.9083 -0.4170
vn 0.8851 0.4440 -0.1396
vn 0.8939 0.4428 -0.0695
vn 0.8521 0.4442 -0.2768
vn 0.7980 0.4445 -0.4070
vn 0.7244 0.4448 -0.5267
vn 0.6333 0.4449 -0.6333
vn 0.5267 0.4448 -0.7244
vn 0.4070 0.4446 -0.7979
vn 0.2768 0.4442 -0.8521
vn 0.1396 0.4440 -0.8851
vn 0.0695 0.4429 -0.8939
vn 0.9512 -0.2698 -0.1501
vn 0.9603 -0.2689 -0.0747
vn 0.9157 -0.2702 -0.2975
vn 0.8576 -0.2706 -0.4374
vn 0.7786 -0.2709 -0.5661
vn 0.6807 -0.2710 -0.6807
vn 0.5661 -0.2708 -0.7785
vn 0.4374 -0.2705 -0.8576
vn 0.2975 -0.2702 -0.9157
vn 0.1500 -0.2698 -0.9512
vn 0.0747 -0.2689 -0.9603
vn 0.7928 -0.5965 -0.1250
vn 0.8013 -0.5950 -0.0624
vn 0.7629 -0.5971 -0.2478
vn 0.7142 -0.5978 -0.3642
vn 0.6481 -0.5982 -0.4713
vn 0.5665 -0.5984 -0.5665
vn 0.4713 -0.5982 -0.6481
vn 0.3642 -0.5978 -0.7142
vn 0.2478 -0.5971 -0.7629
vn 0.1250 -0.5965 -0.7928
vn 0.0624 -0.5950 -0.8013
vn 0.7393 -0.6632 -0.1166
vn 0.7425 -0.6674 -0.0578
vn 0.7114 -0.6638 -0.2309
vn 0.6659 -0.6644 -0.3393
vn 0.6042 -0.6648 -0.4394
vn 0.5281 -0.6650 -0.5280
vn 0.4394 -0.6648 -0.6041
vn 0.3396 -0.6645 -0.6657
vn 0.2311 -0.6638 -0.7113
vn 0.1166 -0.6632 -0.7393
vn 0.0581 -0.6617 -0.7475
vn 0.7741 -0.6211 -0.1223
vn 0.7826 -0.6196 -0.0611
vn 0.7448 -0.6218 -0.2422
vn 0.6971 -0.6224 -0.3558
vn 0.6326 -0.6229 -0.4602
vn 0.5531 -0.6231 -0.5531
vn 0.4602 -0.6229 -0.6326
vn 0.3558 -0.6224 -0.6971
vn 0.2422 -0.6218 -0.7448
vn 0.1222 -0.6211 -0.7742
vn 0.0610 -0.6196 -0.7826
vn 0.9055 -0.3994 -0.1433
vn 0.9146 -0.3981 -0.0715
vn 0.8714 -0.4001 -0.2838
vn 0.8159 -0.4008 -0.4167
vn 0.7406 -0.4012 -0.5390
vn 0.6476 -0.4014 -0.6477
vn 0.5390 -0.4012 -0.7406
vn 0.4168 -0.4007 -0.8159
vn 0.2838 -0.4001 -0.8714
vn 0.1432 -0.3994 -0.9055
vn 0.0714 -0.3980 -0.9146
vn 0.9695 0.1908 -0.1536
vn 0.9787 0.1902 -0.0768
vn 0.9333 0.1908 -0.3043
vn 0.8741 0.1907 -0.4468
vn 0.7936 0.1905 -0.5778
vn 0.6941 0.1905 -0.6942
vn 0.5778 0.1905 -0.7936
vn 0.4469 0.1907 -0.8740
vn 0.3042 0.1907 -0.9333
vn 0.1536 0.1908 -0.9695
vn 0.0766 0.1902 -0.9788
vn 0.8224 0.5537 -0.1307
vn 0.8311 0.5523 -0.0652
vn 0.7913 0.5541 -0.2585
vn 0.7408 0.5545 -0.3792
vn 0.6726 0.5547 -0.4899
vn 0.5883 0.5547 -0.5883
vn 0.4900 0.5546 -0.6725
vn 0.3792 0.5544 -0.7408
vn 0.2585 0.5541 -0.7913
vn 0.1307 0.5537 -0.8224
vn 0.0652 0.5523 -0.8311
vn -0.0256 0.9993 -0.0279
vn -0.0100 0.9917 -0.1285
vn -0.0200 0.9917 -0.1269
vn -0.0396 0.9917 -0.1220
vn -0.0581 0.9918 -0.1141
vn -0.0752 0.9918 -0.1035
vn -0.0904 0.9918 -0.0904
vn -0.1035 0.9918 -0.0752
vn -0.1141 0.9918 -0.0581
vn -0.1220 0.9917 -0.0396
vn -0.1269 0.9917 -0.0200
vn -0.1285 0.9917 -0.0100
vn -0.0649 0.9089 -0.4120
vn -0.0324 0.9083 -0.4170
vn -0.1285 0.9091 -0.3962
vn -0.1889 0.9093 -0.3707
vn -0.2444 0.9095 -0.3363
vn -0.2939 0.9096 -0.2939
vn -0.3363 0.9095 -0.2444
vn -0.3707 0.9093 -0.1889
vn -0.3963 0.9091 -0.1285
vn -0.4120 0.9089 -0.0649
vn -0.4170 0.9083 -0.0324
vn -0.1396 0.4440 -0.8851
vn -0.0695 0.4428 -0.8939
vn -0.2768 0.4442 -0.8521
vn -0.4070 0.4446 -0.7979
vn -0.5267 0.4448 -0.7244
vn -0.6333 0.4449 -0.6333
vn -0.7244 0.4448 -0.5267
vn -0.7980 0.4445 -0.4070
vn -0.8521 0.4442 -0.2768
vn -0.8851 0.4440 -0.1396
vn -0.8939 0.4429 -0.0695
vn -0.1500 -0.2698 -0.9512
vn -0.0747 -0.2689 -0.9603
vn -0.2974 -0.2702 -0.9157
vn -0.4374 -0.2706 -0.8576
vn -0.5661 -0.2708 -0.7785
vn -0.6807 -0.2709 -0.6807
vn -0.7785 -0.2708 -0.5661
vn -0.8576 -0.2706 -0.4374
vn -0.9157 -0.2702 -0.2975
vn -0.9512 -0.2698 -0.1501
vn -0.9603 -0.2689 -0.0747
vn -0.1250 -0.5965 -0.7928
vn -0.0624 -0.5950 -0.8013
vn -0.2478 -0.5971 -0.7629
vn -0.3642 -0.5978 -0.7142
vn -0.4712 -0.5982 -0.6481
vn -0.5665 -0.5984 -0.5665
vn -0.6481 -0.5982 -0.4713
vn -0.7142 -0.5978 -0.3642
vn -0.7629 -0.5971 -0.2478
vn -0.7928 -0.5965 -0.1250
vn -0.8013 -0.5950 -0.0624
vn -0.1165 -0.6631 -0.7394
vn -0.0578 -0.6674 -0.7425
vn -0.2309 -0.6638 -0.7114
vn -0.3395 -0.6644 -0.6658
vn -0.4393 -0.6649 -0.6041
vn -0.5280 -0.6650 -0.5282
vn -0.6041 -0.6648 -0.4393
vn -0.6658 -0.6644 -0.3396
vn -0.7113 -0.6638 -0.2311
vn -0.7393 -0.6631 -0.1167
vn -0.7474 -0.6618 -0.0581
vn -0.1223 -0.6211 -0.7742
vn -0.0610 -0.6196 -0.7826
vn -0.2422 -0.6218 -0.7448
vn -0.3558 -0.6225 -0.6971
vn -0.4602 -0.6229 -0.6326
vn -0.5530 -0.6231 -0.5531
vn -0.6326 -0.6229 -0.4602
vn -0.6971 -0.6224 -0.3558
vn -0.7448 -0.6218 -0.2422
vn -0.7742 -0.6211 -0.1223
vn -0.7826 -0.6196 -0.0611
vn -0.1433 -0.3994 -0.9055
vn -0.0715 -0.3980 -0.9146
vn -0.2837 -0.4001 -0.8714
vn -0.4168 -0.4008 -0.8159
vn -0.5390 -0.4012 -0.7406
vn -0.6476 -0.4014 -0.6477
vn -0.7406 -0.4012 -0.5390
vn -0.8159 -0.4008 -0.4167
vn -0.8714 -0.4001 -0.2838
vn -0.9055 -0.3994 -0.1433
vn -0.9146 -0.3980 -0.0714
vn -0.1536 0.1908 -0.9695
vn -0.0767 0.1902 -0.9787
vn -0.3043 0.1908 -0.9333
vn -0.4469 0.1907 -0.8740
vn -0.5778 0.1906 -0.7936
vn -0.6941 0.1905 -0.6942
vn -0.7936 0.1905 -0.5778
vn -0.8741 0.1906 -0.4469
vn -0.9333 0.1907 -0.3042
vn -0.9695 0.1908 -0.1536
vn -0.9787 0.1902 -0.0767
vn -0.1307 0.5537 -0.8224
vn -0.0652 0.5523 -0.8311
vn -0.2585 0.5541 -0.7913
vn -0.3792 0.5544 -0.7408
vn -0.4899 0.5547 -0.6725
vn -0.5883 0.5547 -0.5883
vn -0.6725 0.5546 -0.4900
vn -0.7408 0.5544 -0.3792
vn -0.7913 0.5541 -0.2585
vn -0.8224 0.5537 -0.1307
vn -0.8311 0.5523 -0.0652
vn -0.0279 0.9993 0.0256
vn -0.1285 0.9917 0.0100
vn -0.1269 0.9917 0.0200
vn -0.1220 0.9917 0.0396
vn -0.1141 0.9918 0.0581
vn -0.1035 0.9918 0.0752
vn -0.0904 0.9918 0.0904
vn -0.0752 0.9918 0.1035
vn -0.0581 0.9918 0.1141
vn -0.0396 0.9917 0.1220
vn -0.0200 0.9917 0.1269
vn -0.0100 0.9917 0.1285
vn -0.4120 0.9089 0.0649
vn -0.4170 0.9083 0.0324
vn -0.3963 0.9091 0.1285
vn -0.3707 0.9093 0.1889
vn -0.3363 0.9095 0.2444
vn -0.2939 0.9095 0.2939
vn -0.2444 0.9095 0.3363
vn -0.1889 0.9093 0.3707
vn -0.1285 0.9091 0.3963
vn -0.0648 0.9089 0.4120
vn -0.0325 0.9083 0.4170
vn -0.8851 0.4440 0.1396
vn -0.8939 0.4428 0.0695
vn -0.8521 0.4442 0.2768
vn -0.7980 0.4445 0.4070
vn -0.7244 0.4448 0.5267
vn -0.6333 0.4449 0.6333
vn -0.5267 0.4448 0.7244
vn -0.4070 0.4446 0.7979
vn -0.2768 0.4442 0.8521
vn -0.1396 0.4440 0.8851
vn -0.0696 0.4429 0.8939
vn -0.9512 -0.2698 0.1501
vn -0.9603 -0.2689 0.0747
vn -0.9157 -0.2702 0.2975
vn -0.8576 -0.2706 0.4374
vn -0.7786 -0.2708 0.5661
vn -0.6807 -0.2709 0.6807
vn -0.5661 -0.2708 0.7786
vn -0.4374 -0.2705 0.8576
vn -0.2975 -0.2702 0.9157
vn -0.1501 -0.2698 0.9512
vn -0.0748 -0.2689 0.9603
vn -0.7928 -0.5965 0.1250
vn -0.8013 -0.5950 0.0624
vn -0.7629 -0.5971 0.2478
vn -0.7142 -0.5978 0.3642
vn -0.6481 -0.5982 0.4713
vn -0.5665 -0.5984 0.5665
vn -0.4713 -0.5982 0.6481
vn -0.3642 -0.5978 0.7142
vn -0.2478 -0.5971 0.7629
vn -0.1250 -0.5965 0.7928
vn -0.0624 -0.5950 0.8013
vn -0.7393 -0.6632 0.1167
vn -0.7425 -0.6674 0.0578
vn -0.7114 -0.6638 0.2308
vn -0.6658 -0.6645 0.3394
vn -0.6042 -0.6648 0.4394
vn -0.5281 -0.6650 0.5281
vn -0.4393 -0.6648 0.6041
vn -0.3396 -0.6644 0.6657
vn -0.2311 -0.6638 0.7113
vn -0.1167 -0.6631 0.7393
vn -0.0581 -0.6617 0.7475
vn -0.7741 -0.6211 0.1223
vn -0.7826 -0.6196 0.0611
vn -0.7448 -0.6218 0.2422
vn -0.6971 -0.6224 0.3558
vn -0.6326 -0.6229 0.4601
vn -0.5530 -0.6231 0.5531
vn -0.4602 -0.6229 0.6326
vn -0.3558 -0.6224 0.6971
vn -0.2422 -0.6218 0.7448
vn -0.1223 -0.6211 0.7742
vn -0.0611 -0.6196 0.7826
vn -0.9055 -0.3994 0.1433
vn -0.9146 -0.3981 0.0715
vn -0.8714 -0.4001 0.2838
vn -0.8159 -0.4008 0.4167
vn -0.7406 -0.4012 0.5390
vn -0.6476 -0.4014 0.6477
vn -0.5390 -0.4012 0.7406
vn -0.4168 -0.4008 0.8159
vn -0.2837 -0.4001 0.8715
vn -0.1433 -0.3994 0.9055
vn -0.0715 -0.3980 0.9146
vn -0.9695 0.1908 0.1536
vn -0.9787 0.1902 0.0768
vn -0.9333 0.1908 0.3043
vn -0.8741 0.1907 0.4469
vn -0.7936 0.1906 0.5778
vn -0.6942 0.1905 0.6941
vn -0.5778 0.1905 0.7936
vn -0.4469 0.1906 0.8740
vn -0.3042 0.1908 0.9333
vn -0.1537 0.1908 0.9695
vn -0.0768 0.1902 0.9787
vn -0.8224 0.5537 0.1307
vn -0.8311 0.5523 0.0652
vn -0.7913 0.5541 0.2585
vn -0.7408 0.5545 0.3792
vn -0.6725 0.5547 0.4899
vn -0.5883 0.5548 0.5883
vn -0.4899 0.5547 0.6725
vn -0.3792 0.5544 0.7408
vn -0.2585 0.5541 0.7913
vn -0.1306 0.5537 0.8224
vn -0.0652 0.5523 0.8311
vn 0.0256 0.9993 0.0279
vn 0.0100 0.9917 0.1285
vn 0.0200 0.9917 0.1269
vn 0.0396 0.9917 0.1220
vn 0.0581 0.9918 0.1141
vn 0.0752 0.9918 0.1035
vn 0.0904 0.9918 0.0904
vn 0.1035 0.9918 0.0752
vn 0.1141 0.9918 0.0581
vn 0.1220 0.9917 0.0396
vn 0.1269 0.9917 0.0200
vn 0.1285 0.9917 0.0100
vn 0.0649 0.9089 0.4120
vn 0.0325 0.9083 0.4170
vn 0.1285 0.9091 0.3963
vn 0.1889 0.9093 0.3707
vn 0.2444 0.9095 0.3363
vn 0.2939 0.9095 0.2939
vn 0.3363 0.9095 0.2444
vn 0.3707 0.9093 0.1889
vn 0.3963 0.9091 0.1285
vn 0.4120 0.9089 0.0649
vn 0.4170 0.9083 0.0324
vn 0.1396 0.4440 0.8851
vn 0.0696 0.4428 0.8939
vn 0.2768 0.4442 0.8521
vn 0.4070 0.4446 0.7979
vn 0.5267 0.4448 0.7244
vn 0.6333 0.4449 0.6333
vn 0.7244 0.4448 0.5267
vn 0.7980 0.4445 0.4070
vn 0.8521 0.4443 0.2768
vn 0.8851 0.4440 0.1396
vn 0.8939 0.4429 0.0695
vn 0.1501 -0.2698 0.9512
vn 0.0748 -0.2689 0.9603
vn 0.2974 -0.2702 0.9157
vn 0.4374 -0.2705 0.8576
vn 0.5661 -0.2708 0.7786
vn 0.6806 -0.2709 0.6807
vn 0.7786 -0.2708 0.5661
vn 0.8576 -0.2706 0.4374
vn 0.9157 -0.2702 0.2975
vn 0.9512 -0.2698 0.1501
vn 0.9603 -0.2689 0.0747
vn 0.1250 -0.5965 0.7928
vn 0.0624 -0.5950 0.8013
vn 0.2478 -0.5971 0.7629
vn 0.3642 -0.5978 0.7142
vn 0.4713 -0.5982 0.6481
vn 0.5665 -0.5984 0.5665
vn 0.6481 -0.5982 0.4713
vn 0.7142 -0.5978 0.3642
vn 0.7629 -0.5971 0.2478
vn 0.7928 -0.5965 0.1250
vn 0.8013 -0.5950 0.0624
vn 0.1167 -0.6631 0.7394
vn 0.0578 -0.6674 0.7425
vn 0.2309 -0.6638 0.7114
vn 0.3395 -0.6644 0.6658
vn 0.4392 -0.6649 0.6041
vn 0.5281 -0.6650 0.5281
vn 0.6041 -0.6648 0.4393
vn 0.6657 -0.6644 0.3396
vn 0.7113 -0.6638 0.2311
vn 0.7393 -0.6632 0.1167
vn 0.7474 -0.6618 0.0581
vn 0.1223 -0.6211 0.7741
vn 0.0611 -0.6196 0.7826
vn 0.2422 -0.6218 0.7448
vn 0.3558 -0.6224 0.6971
vn 0.4601 -0.6229 0.6326
vn 0.5530 -0.6231 0.5531
vn 0.6326 -0.6229 0.4602
vn 0.6971 -0.6224 0.3558
vn 0.7448 -0.6218 0.2422
vn 0.7742 -0.6211 0.1223
vn 0.7826 -0.6196 0.0611
vn 0.1433 -0.3994 0.9055
vn 0.0716 -0.3980 0.9146
vn 0.2837 -0.4001 0.8715
vn 0.4168 -0.4008 0.8159
vn 0.5390 -0.4012 0.7406
vn 0.6476 -0.4014 0.6477
vn 0.7406 -0.4012 0.5390
vn 0.8159 -0.4007 0.4167
vn 0.8714 -0.4001 0.2838
vn 0.9055 -0.3994 0.1433
vn 0.9146 -0.3980 0.0714
vn 0.1537 0.1908 0.9695
vn 0.0768 0.1902 0.9787
vn 0.3043 0.1908 0.9333
vn 0.4469 0.1907 0.8741
vn 0.5778 0.1906 0.7936
vn 0.6941 0.1905 0.6942
vn 0.7936 0.1907 0.5778
vn 0.8741 0.1906 0.4469
vn 0.9333 0.1907 0.3043
vn 0.9695 0.1908 0.1536
vn 0.9787 0.1902 0.0767
vn 0.1307 0.5537 0.8224
vn 0.0652 0.5523 0.8311
vn 0.2585 0.5541 0.7913
vn 0.3792 0.5545 0.7408
vn 0.4899 0.5547 0.6725
vn 0.5883 0.5548 0.5883
vn 0.6725 0.5547 0.4900
vn 0.7408 0.5544 0.3792
vn 0.7913 0.5541 0.2585
vn 0.8224 0.5537 0.1307
vn 0.8311 0.5523 0.0652
vn 0.3653 0.9291 -0.0580
vn 0.4512 0.8896 -0.0715
vn 0.4568 0.8889 -0.0359
vn 0.3699 0.9286 -0.0290
vn 0.3512 0.9293 -0.1147
vn 0.4339 0.8898 -0.1414
vn 0.3286 0.9294 -0.1681
vn 0.4059 0.8900 -0.2076
vn 0.2982 0.9295 -0.2172
vn 0.3684 0.8902 -0.2682
vn 0.2608 0.9295 -0.2608
vn 0.3221 0.8902 -0.3221
vn 0.2172 0.9295 -0.2982
vn 0.2682 0.8902 -0.3684
vn 0.1681 0.9294 -0.3286
vn 0.2076 0.8900 -0.4059
vn 0.1147 0.9293 -0.3512
vn 0.1415 0.8898 -0.4339
vn 0.0580 0.9291 -0.3652
vn 0.0715 0.8896 -0.4512
vn 0.0290 0.9286 -0.3699
vn 0.0359 0.8889 -0.4568
vn 0.2415 0.9697 -0.0383
vn 0.2446 0.9694 -0.0192
vn 0.2322 0.9697 -0.0758
vn 0.2172 0.9698 -0.1111
vn 0.1971 0.9698 -0.1435
vn 0.1724 0.9698 -0.1724
vn 0.1435 0.9698 -0.1971
vn 0.1111 0.9698 -0.2172
vn 0.0758 0.9697 -0.2322
vn 0.0383 0.9697 -0.2415
vn 0.0192 0.9694 -0.2446
vn 0.1813 0.9830 -0.0288
vn 0.1836 0.9829 -0.0144
vn 0.1743 0.9831 -0.0569
vn 0.1630 0.9831 -0.0834
vn 0.1479 0.9831 -0.1077
vn 0.1294 0.9831 -0.1294
vn 0.1077 0.9831 -0.1479
vn 0.0834 0.9831 -0.1630
vn 0.0569 0.9831 -0.1743
vn 0.0288 0.9830 -0.1813
vn 0.0144 0.9829 -0.1836
vn 0.1541 0.9877 -0.0245
vn 0.1562 0.9877 -0.0123
vn 0.1482 0.9878 -0.0484
vn 0.1386 0.9878 -0.0709
vn 0.1258 0.9878 -0.0916
vn 0.1100 0.9878 -0.1100
vn 0.0916 0.9878 -0.1258
vn 0.0709 0.9878 -0.1386
vn 0.0484 0.9878 -0.1482
vn 0.0245 0.9877 -0.1541
vn 0.0123 0.9877 -0.1562
vn 0.1471 0.9888 -0.0233
vn 0.1550 0.9878 -0.0123
vn 0.1414 0.9889 -0.0461
vn 0.1323 0.9889 -0.0677
vn 0.1201 0.9889 -0.0874
vn 0.1050 0.9889 -0.1050
vn 0.0876 0.9889 -0.1201
vn 0.0677 0.9889 -0.1323
vn 0.0461 0.9889 -0.1414
vn 0.0233 0.9888 -0.1471
vn 0.0118 0.9888 -0.1490
vn 0.1691 0.9852 -0.0268
vn 0.1713 0.9851 -0.0134
vn 0.1626 0.9853 -0.0531
vn 0.1521 0.9853 -0.0778
vn 0.1380 0.9853 -0.1005
vn 0.1207 0.9853 -0.1207
vn 0.1005 0.9853 -0.1380
vn 0.0778 0.9853 -0.1521
vn 0.0531 0.9853 -0.1626
vn 0.0268 0.9852 -0.1691
vn 0.0134 0.9851 -0.1713
vn 0.2223 0.9743 -0.0353
vn 0.2252 0.9742 -0.0177
vn 0.2137 0.9744 -0.0698
vn 0.1999 0.9745 -0.1023
vn 0.1814 0.9745 -0.1321
vn 0.1586 0.9745 -0.1586
vn 0.1321 0.9745 -0.1814
vn 0.1023 0.9745 -0.1999
vn 0.0697 0.9744 -0.2137
vn 0.0353 0.9743 -0.2223
vn 0.0177 0.9742 -0.2252
vn 0.3480 0.9358 -0.0552
vn 0.3524 0.9354 -0.0277
vn 0.3347 0.9360 -0.1092
vn 0.3130 0.9361 -0.1602
vn 0.2840 0.9362 -0.2069
vn 0.2484 0.9363 -0.2484
vn 0.2069 0.9362 -0.2840
vn 0.1602 0.9361 -0.3131
vn 0.1092 0.9360 -0.3347
vn 0.0552 0.9358 -0.3481
vn 0.0277 0.9354 -0.3524
vn 0.6669 0.7376 -0.1059
vn 0.6744 0.7364 -0.0529
vn 0.6416 0.7379 -0.2094
vn 0.6004 0.7383 -0.3072
vn 0.5450 0.7385 -0.3969
vn 0.4767 0.7386 -0.4767
vn 0.3969 0.7386 -0.5450
vn 0.3072 0.7383 -0.6004
vn 0.2094 0.7379 -0.6416
vn 0.1059 0.7376 -0.6669
vn 0.0529 0.7364 -0.6745
vn 0.8383 0.5287 -0.1333
vn 0.8471 0.5273 -0.0665
vn 0.8065 0.5292 -0.2635
vn 0.7550 0.5297 -0.3865
vn 0.6854 0.5299 -0.4993
vn 0.5996 0.5301 -0.5996
vn 0.4993 0.5300 -0.6854
vn 0.3865 0.5296 -0.7550
vn 0.2635 0.5292 -0.8065
vn 0.1333 0.5287 -0.8383
vn 0.0665 0.5273 -0.8471
vn -0.0580 0.9291 -0.3652
vn -0.0715 0.8896 -0.4512
vn -0.0358 0.8889 -0.4567
vn -0.0290 0.9286 -0.3699
vn -0.1147 0.9293 -0.3512
vn -0.1414 0.8898 -0.4339
vn -0.1682 0.9294 -0.3286
vn -0.2076 0.8900 -0.4059
vn -0.2172 0.9295 -0.2982
vn -0.2682 0.8902 -0.3684
vn -0.2608 0.9295 -0.2608
vn -0.3221 0.8902 -0.3221
vn -0.2982 0.9295 -0.2172
vn -0.3684 0.8902 -0.2682
vn -0.3286 0.9294 -0.1681
vn -0.4059 0.8900 -0.2076
vn -0.3512 0.9293 -0.1146
vn -0.4339 0.8898 -0.1414
vn -0.3653 0.9291 -0.0580
vn -0.4512 0.8896 -0.0715
vn -0.3699 0.9286 -0.0290
vn -0.4568 0.8889 -0.0359
vn -0.0383 0.9697 -0.2415
vn -0.0192 0.9694 -0.2446
vn -0.0758 0.9697 -0.2322
vn -0.1111 0.9698 -0.2172
vn -0.1435 0.9698 -0.1971
vn -0.1724 0.9698 -0.1724
vn -0.1971 0.9698 -0.1435
vn -0.2172 0.9698 -0.1111
vn -0.2322 0.9697 -0.0758
vn -0.2415 0.9697 -0.0383
vn -0.2446 0.9694 -0.0192
vn -0.0288 0.9830 -0.1813
vn -0.0144 0.9829 -0.1836
vn -0.0569 0.9831 -0.1743
vn -0.0834 0.9831 -0.1630
vn -0.1077 0.9831 -0.1479
vn -0.1294 0.9831 -0.1294
vn -0.1479 0.9831 -0.1077
vn -0.1630 0.9831 -0.0834
vn -0.1743 0.9831 -0.0569
vn -0.1813 0.9830 -0.0288
vn -0.1836 0.9829 -0.0144
vn -0.0245 0.9877 -0.1541
vn -0.0123 0.9877 -0.1562
vn -0.0484 0.9878 -0.1482
vn -0.0709 0.9878 -0.1386
vn -0.0916 0.9878 -0.1258
vn -0.1100 0.9878 -0.1100
vn -0.1258 0.9878 -0.0916
vn -0.1386 0.9878 -0.0709
vn -0.1482 0.9878 -0.0484
vn -0.1541 0.9877 -0.0245
vn -0.1562 0.9877 -0.0123
vn -0.0233 0.9888 -0.1471
vn -0.0123 0.9878 -0.1550
vn -0.0462 0.9889 -0.1415
vn -0.0677 0.9889 -0.1323
vn -0.0874 0.9889 -0.1201
vn -0.1050 0.9889 -0.1050
vn -0.1200 0.9889 -0.0875
vn -0.1324 0.9889 -0.0677
vn -0.1414 0.9889 -0.0461
vn -0.1471 0.9888 -0.0233
vn -0.1490 0.9888 -0.0118
vn -0.0268 0.9852 -0.1691
vn -0.0134 0.9851 -0.1713
vn -0.0531 0.9853 -0.1626
vn -0.0778 0.9853 -0.1521
vn -0.1005 0.9853 -0.1380
vn -0.1207 0.9853 -0.1207
vn -0.1380 0.9853 -0.1005
vn -0.1521 0.9853 -0.0778
vn -0.1626 0.9853 -0.0531
vn -0.1691 0.9852 -0.0268
vn -0.1713 0.9851 -0.0134
vn -0.0353 0.9743 -0.2223
vn -0.0177 0.9742 -0.2252
vn -0.0697 0.9744 -0.2137
vn -0.1023 0.9745 -0.1999
vn -0.1321 0.9745 -0.1814
vn -0.1586 0.9745 -0.1586
vn -0.1814 0.9745 -0.1321
vn -0.1999 0.9745 -0.1023
vn -0.2137 0.9744 -0.0697
vn -0.2223 0.9743 -0.0353
vn -0.2252 0.9742 -0.0177
vn -0.0552 0.9358 -0.3481
vn -0.0277 0.9354 -0.3524
vn -0.1092 0.9360 -0.3347
vn -0.1602 0.9361 -0.3131
vn -0.2069 0.9362 -0.2840
vn -0.2484 0.9363 -0.2484
vn -0.2840 0.9362 -0.2069
vn -0.3130 0.9361 -0.1602
vn -0.3347 0.9360 -0.1092
vn -0.3480 0.9359 -0.0552
vn -0.3524 0.9354 -0.0277
vn -0.1059 0.7376 -0.6669
vn -0.0529 0.7364 -0.6744
vn -0.2094 0.7379 -0.6416
vn -0.3072 0.7383 -0.6004
vn -0.3969 0.7386 -0.5450
vn -0.4767 0.7386 -0.4767
vn -0.5450 0.7385 -0.3969
vn -0.6004 0.7383 -0.3072
vn -0.6416 0.7379 -0.2094
vn -0.6669 0.7376 -0.1059
vn -0.6745 0.7364 -0.0529
vn -0.1333 0.5287 -0.8383
vn -0.0665 0.5273 -0.8471
vn -0.2635 0.5292 -0.8065
vn -0.3865 0.5296 -0.7550
vn -0.4993 0.5300 -0.6854
vn -0.5996 0.5301 -0.5996
vn -0.6854 0.5299 -0.4993
vn -0.7550 0.5297 -0.3865
vn -0.8065 0.5292 -0.2635
vn -0.8383 0.5287 -0.1333
vn -0.8471 0.5273 -0.0665
vn -0.3653 0.9291 0.0580
vn -0.4512 0.8896 0.0715
vn -0.4568 0.8889 0.0359
vn -0.3699 0.9286 0.0290
vn -0.3512 0.9293 0.1147
vn -0.4339 0.8898 0.1414
vn -0.3286 0.9294 0.1682
vn -0.4059 0.8900 0.2076
vn -0.2982 0.9295 0.2172
vn -0.3684 0.8902 0.2682
vn -0.2608 0.9295 0.2608
vn -0.3221 0.8902 0.3221
vn -0.2172 0.9295 0.2982
vn -0.2682 0.8901 0.3684
vn -0.1682 0.9294 0.3286
vn -0.2076 0.8900 0.4060
vn -0.1147 0.9293 0.3512
vn -0.1415 0.8898 0.4339
vn -0.0580 0.9291 0.3653
vn -0.0715 0.8896 0.4512
vn -0.0290 0.9286 0.3699
vn -0.0359 0.8889 0.4568
vn -0.2415 0.9697 0.0383
vn -0.2446 0.9694 0.0192
vn -0.2322 0.9697 0.0758
vn -0.2172 0.9698 0.1111
vn -0.1971 0.9698 0.1435
vn -0.1724 0.9698 0.1724
vn -0.1435 0.9698 0.1971
vn -0.1111 0.9698 0.2172
vn -0.0758 0.9697 0.2322
vn -0.0383 0.9697 0.2415
vn -0.0192 0.9694 0.2446
vn -0.1813 0.9830 0.0288
vn -0.1836 0.9829 0.0144
vn -0.1743 0.9831 0.0569
vn -0.1630 0.9831 0.0834
vn -0.1479 0.9831 0.1077
vn -0.1294 0.9831 0.1294
vn -0.1077 0.9831 0.1479
vn -0.0834 0.9831 0.1630
vn -0.0569 0.9831 0.1743
vn -0.0288 0.9830 0.1813
vn -0.0144 0.9829 0.1836
vn -0.1541 0.9877 0.0245
vn -0.1562 0.9877 0.0123
vn -0.1482 0.9878 0.0484
vn -0.1386 0.9878 0.0709
vn -0.1258 0.9878 0.0916
vn -0.1100 0.9878 0.1100
vn -0.0916 0.9878 0.1258
vn -0.0709 0.9878 0.1386
vn -0.0484 0.9878 0.1482
vn -0.0245 0.9877 0.1541
vn -0.0123 0.9877 0.1562
vn -0.1471 0.9888 0.0233
vn -0.1550 0.9878 0.0123
vn -0.1414 0.9889 0.0461
vn -0.1323 0.9889 0.0677
vn -0.1201 0.9889 0.0874
vn -0.1050 0.9889 0.1050
vn -0.0875 0.9889 0.1201
vn -0.0677 0.9889 0.1323
vn -0.0461 0.9889 0.1415
vn -0.0234 0.9888 0.1471
vn -0.0118 0.9888 0.1490
vn -0.1691 0.9852 0.0268
vn -0.1713 0.9851 0.0134
vn -0.1626 0.9853 0.0531
vn -0.1521 0.9853 0.0778
vn -0.1380 0.9853 0.1005
vn -0.1207 0.9853 0.1207
vn -0.1005 0.9853 0.1380
vn -0.0778 0.9853 0.1521
vn -0.0531 0.9853 0.1626
vn -0.0268 0.9852 0.1691
vn -0.0135 0.9851 0.1713
vn -0.2223 0.9743 0.0353
vn -0.2252 0.9742 0.0177
vn -0.2137 0.9744 0.0698
vn -0.1999 0.9745 0.1023
vn -0.1814 0.9745 0.1321
vn -0.1586 0.9745 0.1586
vn -0.1321 0.9745 0.1814
vn -0.1023 0.9745 0.1999
vn -0.0697 0.9744 0.2137
vn -0.0353 0.9743 0.2223
vn -0.0177 0.9742 0.2252
vn -0.3480 0.9359 0.0552
vn -0.3524 0.9354 0.0277
vn -0.3347 0.9360 0.1092
vn -0.3130 0.9361 0.1602
vn -0.2840 0.9362 0.2069
vn -0.2484 0.9363 0.2484
vn -0.2069 0.9362 0.2840
vn -0.1602 0.9361 0.3130
vn -0.1092 0.9360 0.3346
vn -0.0552 0.9358 0.3481
vn -0.0277 0.9354 0.3524
vn -0.6669 0.7376 0.1059
vn -0.6745 0.7364 0.0529
vn -0.6416 0.7379 0.2094
vn -0.6004 0.7383 0.3072
vn -0.5450 0.7386 0.3969
vn -0.4766 0.7387 0.4766
vn -0.3969 0.7386 0.5450
vn -0.3072 0.7383 0.6004
vn -0.2094 0.7379 0.6416
vn -0.1059 0.7376 0.6669
vn -0.0530 0.7364 0.6745
vn -0.8383 0.5287 0.1333
vn -0.8471 0.5273 0.0665
vn -0.8065 0.5292 0.2635
vn -0.7550 0.5297 0.3865
vn -0.6854 0.5300 0.4993
vn -0.5996 0.5301 0.5996
vn -0.4993 0.5300 0.6854
vn -0.3865 0.5297 0.7550
vn -0.2635 0.5292 0.8065
vn -0.1332 0.5288 0.8382
vn -0.0665 0.5273 0.8470
vn 0.0580 0.9291 0.3652
vn 0.0715 0.8896 0.4512
vn 0.0359 0.8889 0.4568
vn 0.0290 0.9286 0.3699
vn 0.1147 0.9292 0.3512
vn 0.1415 0.8898 0.4339
vn 0.1682 0.9294 0.3286
vn 0.2076 0.8900 0.4060
vn 0.2172 0.9295 0.2982
vn 0.2682 0.8901 0.3684
vn 0.2608 0.9295 0.2608
vn 0.3221 0.8902 0.3221
vn 0.2982 0.9295 0.2172
vn 0.3684 0.8902 0.2682
vn 0.3286 0.9294 0.1682
vn 0.4059 0.8900 0.2076
vn 0.3512 0.9293 0.1147
vn 0.4339 0.8898 0.1414
vn 0.3653 0.9291 0.0580
vn 0.4512 0.8896 0.0715
vn 0.3699 0.9286 0.0290
vn 0.4568 0.8889 0.0359
vn 0.0383 0.9697 0.2415
vn 0.0192 0.9694 0.2446
vn 0.0758 0.9697 0.2322
vn 0.1111 0.9698 0.2172
vn 0.1435 0.9698 0.1971
vn 0.1724 0.9698 0.1724
vn 0.1971 0.9698 0.1435
vn 0.2172 0.9698 0.1111
vn 0.2322 0.9697 0.0758
vn 0.2415 0.9697 0.0383
vn 0.2446 0.9694 0.0192
vn 0.0288 0.9830 0.1813
vn 0.0144 0.9829 0.1836
vn 0.0569 0.9831 0.1743
vn 0.0834 0.9831 0.1630
vn 0.1077 0.9831 0.1479
vn 0.1294 0.9831 0.1294
vn 0.1479 0.9831 0.1077
vn 0.1630 0.9831 0.0834
vn 0.1743 0.9831 0.0569
vn 0.1813 0.9830 0.0288
vn 0.1836 0.9829 0.0144
vn 0.0245 0.9877 0.1541
vn 0.0123 0.9877 0.1562
vn 0.0484 0.9878 0.1482
vn 0.0709 0.9878 0.1386
vn 0.0916 0.9878 0.1258
vn 0.1100 0.9878 0.1100
vn 0.1258 0.9878 0.0916
vn 0.1386 0.9878 0.0709
vn 0.1482 0.9878 0.0484
vn 0.1541 0.9877 0.0245
vn 0.1562 0.9877 0.0123
vn 0.0233 0.9888 0.1471
vn 0.0123 0.9878 0.1550
vn 0.0462 0.9889 0.1415
vn 0.0677 0.9889 0.1323
vn 0.0874 0.9889 0.1201
vn 0.1051 0.9889 0.1051
vn 0.1201 0.9889 0.0875
vn 0.1324 0.9889 0.0677
vn 0.1414 0.9889 0.0461
vn 0.1471 0.9888 0.0233
vn 0.1490 0.9888 0.0118
vn 0.0268 0.9852 0.1691
vn 0.0135 0.9851 0.1713
vn 0.0531 0.9853 0.1626
vn 0.0778 0.9853 0.1521
vn 0.1005 0.9853 0.1380
vn 0.1207 0.9853 0.1207
vn 0.1380 0.9853 0.1005
vn 0.1521 0.9853 0.0778
vn 0.1626 0.9853 0.0531
vn 0.1691 0.9852 0.0268
vn 0.1713 0.9851 0.0134
vn 0.0353 0.9743 0.2223
vn 0.0177 0.9742 0.2252
vn 0.0697 0.9744 0.2137
vn 0.1023 0.9745 0.1999
vn 0.1321 0.9745 0.1814
vn 0.1586 0.9745 0.1586
vn 0.1814 0.9745 0.1321
vn 0.1999 0.9745 0.1023
vn 0.2137 0.9744 0.0698
vn 0.2223 0.9743 0.0353
vn 0.2252 0.9742 0.0177
vn 0.0552 0.9358 0.3480
vn 0.0277 0.9354 0.3524
vn 0.1092 0.9360 0.3346
vn 0.1602 0.9361 0.3131
vn 0.2069 0.9362 0.2840
vn 0.2484 0.9363 0.2484
vn 0.2840 0.9362 0.2069
vn 0.3130 0.9361 0.1602
vn 0.3347 0.9360 0.1092
vn 0.3480 0.9359 0.0552
vn 0.3524 0.9354 0.0277
vn 0.1059 0.7376 0.6669
vn 0.0529 0.7364 0.6744
vn 0.2094 0.7379 0.6416
vn 0.3072 0.7383 0.6004
vn 0.3969 0.7386 0.5450
vn 0.4767 0.7387 0.4766
vn 0.5450 0.7386 0.3969
vn 0.6004 0.7383 0.3072
vn 0.6416 0.7379 0.2094
vn 0.6669 0.7376 0.1059
vn 0.6745 0.7364 0.0529
vn 0.1333 0.5288 0.8382
vn 0.0665 0.5273 0.8471
vn 0.2635 0.5292 0.8065
vn 0.3865 0.5297 0.7550
vn 0.4993 0.5300 0.6854
vn 0.5996 0.5301 0.5996
vn 0.6854 0.5300 0.4993
vn 0.7550 0.5297 0.3865
vn 0.8065 0.5292 0.2635
vn 0.8383 0.5287 0.1333
vn 0.8471 0.5273 0.0665
vn 0.0036 -1.0000 0.0036
vn 0.0130 -0.9999 0.0010
vn 0.0135 -0.9999 0.0027
vn 0.0129 -0.9999 0.0047
vn 0.0151 -0.9999 0.0017
vn 0.0146 -0.9998 0.0134
vn 0.0050 -1.0000 0.0037
vn 0.0101 -0.9999 0.0039
vn 0.0060 -0.9999 0.0123
vn 0.0039 -0.9999 0.0132
vn 0.0018 -0.9999 0.0137
vn 0.0010 -0.9999 0.0130
vn 0.0274 -0.9996 0.0043
vn 0.0301 -0.9995 0.0024
vn 0.0264 -0.9996 0.0086
vn 0.0247 -0.9996 0.0125
vn 0.0223 -0.9996 0.0164
vn 0.0223 -0.9995 0.0221
vn 0.0163 -0.9996 0.0224
vn 0.0126 -0.9996 0.0247
vn 0.0086 -0.9996 0.0264
vn 0.0043 -0.9996 0.0275
vn 0.0024 -0.9995 0.0301
vn 0.0494 -0.9987 0.0078
vn 0.0543 -0.9985 0.0043
vn 0.0476 -0.9988 0.0153
vn 0.0444 -0.9988 0.0227
vn 0.0404 -0.9988 0.0294
vn 0.0353 -0.9988 0.0353
vn 0.0294 -0.9988 0.0404
vn 0.0227 -0.9988 0.0444
vn 0.0155 -0.9987 0.0476
vn 0.0079 -0.9987 0.0494
vn 0.0043 -0.9985 0.0543
vn 0.0865 -0.9962 0.0137
vn 0.0903 -0.9959 0.0071
vn 0.0831 -0.9962 0.0271
vn 0.0778 -0.9962 0.0398
vn 0.0706 -0.9962 0.0514
vn 0.0618 -0.9962 0.0618
vn 0.0514 -0.9962 0.0706
vn 0.0397 -0.9962 0.0777
vn 0.0271 -0.9962 0.0832
vn 0.0137 -0.9962 0.0864
vn 0.0071 -0.9959 0.0903
vn 0.1452 -0.9891 0.0230
vn 0.1471 -0.9891 0.0115
vn 0.1396 -0.9892 0.0455
vn 0.1305 -0.9892 0.0668
vn 0.1184 -0.9892 0.0863
vn 0.1036 -0.9892 0.1036
vn 0.0862 -0.9892 0.1184
vn 0.0668 -0.9892 0.1305
vn 0.0455 -0.9892 0.1396
vn 0.0230 -0.9891 0.1452
vn 0.0115 -0.9891 0.1471
vn 0.2397 -0.9701 0.0380
vn 0.2428 -0.9699 0.0191
vn 0.2305 -0.9702 0.0752
vn 0.2156 -0.9702 0.1103
vn 0.1956 -0.9703 0.1425
vn 0.1711 -0.9703 0.1711
vn 0.1425 -0.9703 0.1956
vn 0.1103 -0.9702 0.2156
vn 0.0752 -0.9702 0.2305
vn 0.0380 -0.9701 0.2397
vn 0.0191 -0.9699 0.2428
vn 0.4072 -0.9110 0.0646
vn 0.4123 -0.9105 0.0324
vn 0.3916 -0.9112 0.1278
vn 0.3663 -0.9114 0.1874
vn 0.3324 -0.9116 0.2421
vn 0.2907 -0.9116 0.2907
vn 0.2421 -0.9116 0.3324
vn 0.1874 -0.9114 0.3663
vn 0.1278 -0.9112 0.3915
vn 0.0646 -0.9110 0.4072
vn 0.0324 -0.9105 0.4123
vn 0.6739 -0.7311 0.1070
vn 0.6814 -0.7299 0.0535
vn 0.6482 -0.7315 0.2116
vn 0.6067 -0.7318 0.3104
vn 0.5506 -0.7321 0.4010
vn 0.4816 -0.7322 0.4816
vn 0.4010 -0.7321 0.5506
vn 0.3104 -0.7319 0.6066
vn 0.2116 -0.7315 0.6482
vn 0.1070 -0.7311 0.6739
vn 0.0535 -0.7299 0.6815
vn 0.9158 -0.3743 0.1455
vn 0.9249 -0.3732 0.0726
vn 0.8814 -0.3747 0.2878
vn 0.8252 -0.3750 0.4224
vn 0.7492 -0.3752 0.5458
vn 0.6554 -0.3753 0.6554
vn 0.5458 -0.3752 0.7492
vn 0.4224 -0.3750 0.8252
vn 0.2878 -0.3746 0.8814
vn 0.1455 -0.3743 0.9158
vn 0.0726 -0.3732 0.9249
vn 0.9756 -0.1554 0.1550
vn 0.9849 -0.1547 0.0773
vn 0.9390 -0.1556 0.3066
vn 0.8793 -0.1557 0.4500
vn 0.7984 -0.1558 0.5816
vn 0.6985 -0.1559 0.6985
vn 0.5816 -0.1558 0.7984
vn 0.4500 -0.1557 0.8793
vn 0.3066 -0.1556 0.9390
vn 0.1550 -0.1554 0.9756
vn 0.0773 -0.1548 0.9849
vn -0.0036 -1.0000 0.0036
vn -0.0010 -0.9999 0.0130
vn -0.0026 -0.9999 0.0135
vn -0.0047 -0.9999 0.0129
vn -0.0017 -0.9999 0.0151
vn -0.0031 -1.0000 0.0052
vn -0.0049 -1.0000 0.0036
vn -0.0106 -0.9999 0.0006
vn -0.0124 -0.9999 0.0059
vn -0.0133 -0.9999 0.0038
vn -0.0137 -0.9999 0.0018
vn -0.0130 -0.9999 0.0010
vn -0.0043 -0.9996 0.0274
vn -0.0024 -0.9995 0.0301
vn -0.0086 -0.9996 0.0265
vn -0.0125 -0.9996 0.0247
vn -0.0185 -0.9995 0.0255
vn -0.0196 -0.9996 0.0196
vn -0.0224 -0.9996 0.0163
vn -0.0247 -0.9996 0.0126
vn -0.0264 -0.9996 0.0086
vn -0.0274 -0.9996 0.0043
vn -0.0301 -0.9995 0.0024
vn -0.0077 -0.9987 0.0494
vn -0.0043 -0.9985 0.0543
vn -0.0153 -0.9988 0.0476
vn -0.0227 -0.9988 0.0444
vn -0.0293 -0.9988 0.0403
vn -0.0353 -0.9988 0.0353
vn -0.0404 -0.9988 0.0294
vn -0.0444 -0.9988 0.0227
vn -0.0476 -0.9987 0.0155
vn -0.0494 -0.9987 0.0079
vn -0.0543 -0.9985 0.0043
vn -0.0137 -0.9962 0.0864
vn -0.0071 -0.9959 0.0903
vn -0.0271 -0.9962 0.0831
vn -0.0398 -0.9962 0.0778
vn -0.0514 -0.9962 0.0706
vn -0.0618 -0.9962 0.0618
vn -0.0706 -0.9962 0.0514
vn -0.0777 -0.9962 0.0397
vn -0.0832 -0.9962 0.0271
vn -0.0865 -0.9962 0.0137
vn -0.0903 -0.9959 0.0071
vn -0.0230 -0.9891 0.1452
vn -0.0115 -0.9891 0.1471
vn -0.0455 -0.9892 0.1396
vn -0.0668 -0.9892 0.1305
vn -0.0863 -0.9892 0.1184
vn -0.1036 -0.9892 0.1036
vn -0.1184 -0.9892 0.0863
vn -0.1305 -0.9892 0.0668
vn -0.1396 -0.9892 0.0455
vn -0.1452 -0.9891 0.0230
vn -0.1471 -0.9891 0.0115
vn -0.0380 -0.9701 0.2397
vn -0.0191 -0.9699 0.2428
vn -0.0752 -0.9702 0.2305
vn -0.1103 -0.9702 0.2156
vn -0.1425 -0.9703 0.1956
vn -0.1711 -0.9703 0.1711
vn -0.1956 -0.9703 0.1425
vn -0.2156 -0.9702 0.1103
vn -0.2305 -0.9702 0.0752
vn -0.2397 -0.9701 0.0380
vn -0.2428 -0.9699 0.0191
vn -0.0646 -0.9110 0.4072
vn -0.0324 -0.9105 0.4123
vn -0.1278 -0.9112 0.3915
vn -0.1874 -0.9114 0.3663
vn -0.2421 -0.9116 0.3324
vn -0.2907 -0.9116 0.2907
vn -0.3324 -0.9116 0.2421
vn -0.3663 -0.9114 0.1874
vn -0.3916 -0.9112 0.1278
vn -0.4072 -0.9110 0.0646
vn -0.4123 -0.9105 0.0324
vn -0.1070 -0.7311 0.6739
vn -0.0535 -0.7299 0.6815
vn -0.2116 -0.7315 0.6482
vn -0.3104 -0.7319 0.6066
vn -0.4010 -0.7321 0.5506
vn -0.4816 -0.7322 0.4816
vn -0.5506 -0.7321 0.4010
vn -0.6067 -0.7319 0.3104
vn -0.6482 -0.7315 0.2116
vn -0.6739 -0.7311 0.1070
vn -0.6814 -0.7300 0.0536
vn -0.1455 -0.3743 0.9158
vn -0.0726 -0.3732 0.9249
vn -0.2878 -0.3746 0.8814
vn -0.4224 -0.3750 0.8252
vn -0.5458 -0.3752 0.7492
vn -0.6554 -0.3753 0.6554
vn -0.7492 -0.3752 0.5458
vn -0.8252 -0.3750 0.4224
vn -0.8814 -0.3747 0.2878
vn -0.9158 -0.3743 0.1455
vn -0.9249 -0.3732 0.0726
vn -0.1550 -0.1554 0.9756
vn -0.0773 -0.1548 0.9849
vn -0.3066 -0.1556 0.9390
vn -0.4500 -0.1557 0.8793
vn -0.5816 -0.1558 0.7984
vn -0.6985 -0.1559 0.6985
vn -0.7984 -0.1558 0.5816
vn -0.8793 -0.1557 0.4500
vn -0.9390 -0.1556 0.3066
vn -0.9756 -0.1554 0.1550
vn -0.9849 -0.1548 0.0773
vn -0.0036 -1.0000 -0.0036
vn -0.0130 -0.9999 -0.0010
vn -0.0135 -0.9999 -0.0026
vn -0.0130 -0.9999 -0.0047
vn -0.0151 -0.9999 -0.0017
vn -0.0146 -0.9998 -0.0134
vn -0.0050 -1.0000 -0.0037
vn -0.0101 -0.9999 -0.0039
vn -0.0059 -0.9999 -0.0124
vn -0.0038 -0.9999 -0.0133
vn -0.0018 -0.9999 -0.0137
vn -0.0010 -0.9999 -0.0130
vn -0.0274 -0.9996 -0.0043
vn -0.0301 -0.9995 -0.0024
vn -0.0264 -0.9996 -0.0086
vn -0.0247 -0.9996 -0.0125
vn -0.0223 -0.9996 -0.0164
vn -0.0223 -0.9995 -0.0222
vn -0.0163 -0.9996 -0.0224
vn -0.0126 -0.9996 -0.0247
vn -0.0086 -0.9996 -0.0264
vn -0.0043 -0.9996 -0.0274
vn -0.0024 -0.9995 -0.0301
vn -0.0494 -0.9987 -0.0078
vn -0.0543 -0.9985 -0.0043
vn -0.0476 -0.9988 -0.0153
vn -0.0444 -0.9988 -0.0227
vn -0.0404 -0.9988 -0.0294
vn -0.0353 -0.9988 -0.0353
vn -0.0294 -0.9988 -0.0404
vn -0.0227 -0.9988 -0.0444
vn -0.0155 -0.9987 -0.0476
vn -0.0079 -0.9987 -0.0494
vn -0.0043 -0.9985 -0.0543
vn -0.0865 -0.9962 -0.0137
vn -0.0903 -0.9959 -0.0071
vn -0.0831 -0.9962 -0.0271
vn -0.0778 -0.9962 -0.0398
vn -0.0706 -0.9962 -0.0514
vn -0.0618 -0.9962 -0.0618
vn -0.0514 -0.9962 -0.0706
vn -0.0398 -0.9962 -0.0777
vn -0.0271 -0.9962 -0.0831
vn -0.0137 -0.9962 -0.0864
vn -0.0071 -0.9959 -0.0903
vn -0.1452 -0.9891 -0.0230
vn -0.1471 -0.9891 -0.0115
vn -0.1396 -0.9892 -0.0455
vn -0.1305 -0.9892 -0.0668
vn -0.1184 -0.9892 -0.0863
vn -0.1036 -0.9892 -0.1036
vn -0.0863 -0.9892 -0.1184
vn -0.0668 -0.9892 -0.1305
vn -0.0455 -0.9892 -0.1396
vn -0.0230 -0.9891 -0.1452
vn -0.0115 -0.9891 -0.1471
vn -0.2397 -0.9701 -0.0380
vn -0.2428 -0.9699 -0.0191
vn -0.2305 -0.9702 -0.0752
vn -0.2156 -0.9702 -0.1103
vn -0.1956 -0.9703 -0.1424
vn -0.1710 -0.9703 -0.1710
vn -0.1424 -0.9703 -0.1956
vn -0.1103 -0.9702 -0.2156
vn -0.0752 -0.9702 -0.2305
vn -0.0380 -0.9701 -0.2397
vn -0.0191 -0.9699 -0.2428
vn -0.4072 -0.9110 -0.0646
vn -0.4123 -0.9105 -0.0324
vn -0.3916 -0.9112 -0.1278
vn -0.3663 -0.9114 -0.1874
vn -0.3324 -0.9116 -0.2421
vn -0.2907 -0.9116 -0.2907
vn -0.2421 -0.9115 -0.3324
vn -0.1874 -0.9114 -0.3663
vn -0.1278 -0.9112 -0.3916
vn -0.0646 -0.9110 -0.4072
vn -0.0324 -0.9105 -0.4123
vn -0.6739 -0.7311 -0.1070
vn -0.6814 -0.7299 -0.0535
vn -0.6482 -0.7315 -0.2116
vn -0.6066 -0.7319 -0.3104
vn -0.5506 -0.7321 -0.4010
vn -0.4816 -0.7322 -0.4816
vn -0.4010 -0.7321 -0.5506
vn -0.3104 -0.7319 -0.6066
vn -0.2116 -0.7315 -0.6482
vn -0.1070 -0.7311 -0.6738
vn -0.0535 -0.7299 -0.6815
vn -0.9158 -0.3743 -0.1455
vn -0.9249 -0.3732 -0.0726
vn -0.8813 -0.3747 -0.2878
vn -0.8252 -0.3751 -0.4223
vn -0.7492 -0.3753 -0.5457
vn -0.6554 -0.3754 -0.6554
vn -0.5457 -0.3753 -0.7492
vn -0.4223 -0.3752 -0.8252
vn -0.2878 -0.3747 -0.8814
vn -0.1455 -0.3744 -0.9158
vn -0.0726 -0.3732 -0.9249
vn -0.9756 -0.1554 -0.1550
vn -0.9849 -0.1547 -0.0773
vn -0.9390 -0.1556 -0.3066
vn -0.8793 -0.1557 -0.4500
vn -0.7984 -0.1559 -0.5816
vn -0.6985 -0.1560 -0.6985
vn -0.5816 -0.1559 -0.7984
vn -0.4500 -0.1558 -0.8794
vn -0.3066 -0.1555 -0.9391
vn -0.1550 -0.1554 -0.9756
vn -0.0773 -0.1549 -0.9849
vn 0.0036 -1.0000 -0.0036
vn 0.0010 -0.9999 -0.0130
vn 0.0026 -0.9999 -0.0135
vn 0.0047 -0.9999 -0.0129
vn 0.0017 -0.9999 -0.0151
vn 0.0031 -1.0000 -0.0052
vn 0.0036 -1.0000 -0.0050
vn 0.0040 -0.9999 -0.0101
vn 0.0124 -0.9999 -0.0059
vn 0.0132 -0.9999 -0.0038
vn 0.0137 -0.9999 -0.0018
vn 0.0130 -0.9999 -0.0010
vn 0.0043 -0.9996 -0.0274
vn 0.0024 -0.9995 -0.0301
vn 0.0086 -0.9996 -0.0264
vn 0.0126 -0.9996 -0.0247
vn 0.0184 -0.9995 -0.0255
vn 0.0221 -0.9995 -0.0223
vn 0.0224 -0.9996 -0.0163
vn 0.0247 -0.9996 -0.0126
vn 0.0264 -0.9996 -0.0086
vn 0.0274 -0.9996 -0.0043
vn 0.0301 -0.9995 -0.0024
vn 0.0076 -0.9987 -0.0494
vn 0.0043 -0.9985 -0.0543
vn 0.0153 -0.9988 -0.0476
vn 0.0227 -0.9988 -0.0444
vn 0.0294 -0.9988 -0.0404
vn 0.0353 -0.9988 -0.0353
vn 0.0404 -0.9988 -0.0294
vn 0.0444 -0.9988 -0.0227
vn 0.0475 -0.9988 -0.0155
vn 0.0494 -0.9987 -0.0079
vn 0.0543 -0.9985 -0.0043
vn 0.0137 -0.9962 -0.0864
vn 0.0071 -0.9959 -0.0903
vn 0.0271 -0.9962 -0.0831
vn 0.0398 -0.9962 -0.0778
vn 0.0514 -0.9962 -0.0706
vn 0.0618 -0.9962 -0.0618
vn 0.0706 -0.9962 -0.0514
vn 0.0777 -0.9962 -0.0397
vn 0.0832 -0.9962 -0.0271
vn 0.0865 -0.9962 -0.0137
vn 0.0903 -0.9959 -0.0071
vn 0.0230 -0.9891 -0.1452
vn 0.0115 -0.9891 -0.1471
vn 0.0455 -0.9892 -0.1396
vn 0.0668 -0.9892 -0.1305
vn 0.0863 -0.9892 -0.1184
vn 0.1036 -0.9892 -0.1036
vn 0.1184 -0.9892 -0.0863
vn 0.1305 -0.9892 -0.0668
vn 0.1396 -0.9892 -0.0455
vn 0.1452 -0.9891 -0.0230
vn 0.1471 -0.9891 -0.0115
vn 0.0380 -0.9701 -0.2397
vn 0.0191 -0.9699 -0.2428
vn 0.0752 -0.9702 -0.2305
vn 0.1103 -0.9702 -0.2156
vn 0.1424 -0.9703 -0.1956
vn 0.1710 -0.9703 -0.1710
vn 0.1956 -0.9703 -0.1424
vn 0.2156 -0.9702 -0.1103
vn 0.2305 -0.9702 -0.0752
vn 0.2397 -0.9701 -0.0380
vn 0.2428 -0.9699 -0.0191
vn 0.0646 -0.9110 -0.4072
vn 0.0324 -0.9105 -0.4123
vn 0.1278 -0.9112 -0.3916
vn 0.1874 -0.9114 -0.3663
vn 0.2421 -0.9115 -0.3324
vn 0.2907 -0.9116 -0.2907
vn 0.3324 -0.9116 -0.2421
vn 0.3663 -0.9114 -0.1874
vn 0.3916 -0.9112 -0.1278
vn 0.4072 -0.9110 -0.0646
vn 0.4123 -0.9105 -0.0324
vn 0.1070 -0.7311 -0.6738
vn 0.0535 -0.7299 -0.6815
vn 0.2116 -0.7315 -0.6482
vn 0.3104 -0.7319 -0.6066
vn 0.4010 -0.7321 -0.5506
vn 0.4816 -0.7322 -0.4816
vn 0.5506 -0.7321 -0.4010
vn 0.6066 -0.7319 -0.3104
vn 0.6482 -0.7315 -0.2116
vn 0.6739 -0.7311 -0.1070
vn 0.6814 -0.7299 -0.0535
vn 0.1455 -0.3744 -0.9158
vn 0.0726 -0.3732 -0.9249
vn 0.2878 -0.3747 -0.8814
vn 0.4223 -0.3751 -0.8252
vn 0.5457 -0.3753 -0.7492
vn 0.6554 -0.3754 -0.6554
vn 0.7492 -0.3753 -0.5457
vn 0.8252 -0.3750 -0.4223
vn 0.8813 -0.3747 -0.2878
vn 0.9158 -0.3743 -0.1455
vn 0.9250 -0.3731 -0.0723
vn 0.1549 -0.1554 -0.9756
vn 0.0773 -0.1549 -0.9849
vn 0.3066 -0.1555 -0.9390
vn 0.4500 -0.1558 -0.8793
vn 0.5816 -0.1559 -0.7984
vn 0.6985 -0.1560 -0.6985
vn 0.7984 -0.1559 -0.5816
vn 0.8793 -0.1557 -0.4501
vn 0.9390 -0.1556 -0.3066
vn 0.9756 -0.1554 -0.1550
vn 0.9849 -0.1548 -0.0773
s 1
f 2909//1 2921//2 2939//3
f 2939//3 2931//4 2909//1
f 2869//5 2877//6 2921//2
f 2921//2 2909//1 2869//5
f 2819//7 2827//8 2877//6
f 2877//6 2869//5 2819//7
f 2737//9 2747//10 2827//8
f 2827//8 2819//7 2737//9
f 2669//11 2673//12 2747//10
f 2747//10 2737//9 2669//11
f 2567//13 2575//14 2673//12
f 2673//12 2669//11 2567//13
f 2476//15 2480//16 2575//14
f 2575//14 2567//13 2476//15
f 2358//17 2362//18 2480//16
f 2480//16 2476//15 2358//17
f 2158//19 2162//20 2362//18
f 2362//18 2358//17 2158//19
f 1715//21 1812//22 2162//20
f 2162//20 2158//19 1715//21
f 2901//23 2909//1 2931//4
f 2931//4 2917//24 2901//23
f 2863//25 2869//5 2909//1
f 2909//1 2901//23 2863//25
f 2813//26 2819//7 2869//5
f 2869//5 2863//25 2813//26
f 2729//27 2737//9 2819//7
f 2819//7 2813//26 2729//27
f 2663//28 2669//11 2737//9
f 2737//9 2729//27 2663//28
f 2561//29 2567//13 2669//11
f 2669//11 2663//28 2561//29
f 2468//30 2476//15 2567//13
f 2567//13 2561//29 2468//30
f 2350//31 2358//17 2476//15
f 2476//15 2468//30 2350//31
f 2152//32 2158//19 2358//17
f 2358//17 2350//31 2152//32
f 1717//33 1715//21 2158//19
f 2158//19 2152//32 1717//33
f 2903//34 2901//23 2917//24
f 2917//24 2923//35 2903//34
f 2865//36 2863//25 2901//23
f 2901//23 2903//34 2865//36
f 2815//37 2813//26 2863//25
f 2863//25 2865//36 2815//37
f 2733//38 2729//27 2813//26
f 2813//26 2815//37 2733//38
f 2665//39 2663//28 2729//27
f 2729//27 2733//38 2665//39
f 2564//40 2561//29 2663//28
f 2663//28 2665//39 2564//40
f 2473//41 2468//30 2561//29
f 2561//29 2564//40 2473//41
f 2354//42 2350//31 2468//30
f 2468//30 2473//41 2354//42
f 2155//43 2152//32 2350//31
f 2350//31 2354//42 2155//43
f 1927//44 1717//33 2152//32
f 2152//32 2155//43 1927//44
f 2911//45 2903//34 2923//35
f 2923//35 2935//46 2911//45
f 2875//47 2865//36 2903//34
f 2903//34 2911//45 2875//47
f 2823//48 2815//37 2865//36
f 2865//36 2875//47 2823//48
f 2741//49 2733//38 2815//37
f 2815//37 2823//48 2741//49
f 2671//50 2665//39 2733//38
f 2733//38 2741//49 2671//50
f 2571//51 2564//40 2665//39
f 2665//39 2671//50 2571//51
f 2478//52 2473//41 2564//40
f 2564//40 2571//51 2478//52
f 2360//53 2354//42 2473//41
f 2473//41 2478//52 2360//53
f 2160//54 2155//43 2354//42
f 2354//42 2360//53 2160//54
f 1718//55 1927//44 2155//43
f 2155//43 2160//54 1718//55
f 2929//56 2911//45 2935//46
f 2935//46 2947//57 2929//56
f 2881//58 2875//47 2911//45
f 2911//45 2929//56 2881//58
f 2829//59 2823//48 2875//47
f 2875//47 2881//58 2829//59
f 2751//60 2741//49 2823//48
f 2823//48 2829//59 2751//60
f 2677//61 2671//50 2741//49
f 2741//49 2751//60 2677//61
f 2577//62 2571//51 2671//50
f 2671//50 2677//61 2577//62
f 2482//63 2478//52 2571//51
f 2571//51 2577//62 2482//63
f 2364//64 2360//53 2478//52
f 2478//52 2482//63 2364//64
f 2164//65 2160//54 2360//53
f 2360//53 2364//64 2164//65
f 1842//66 1718//55 2160//54
f 2160//54 2164//65 1842//66
f 2945//67 2929//56 2947//57
f 2947//57 2959//68 2945//67
f 2897//69 2881//58 2929//56
f 2929//56 2945//67 2897//69
f 2835//70 2829//59 2881//58
f 2881//58 2897//69 2835//70
f 2761//71 2751//60 2829//59
f 2829//59 2835//70 2761//71
f 2679//72 2677//61 2751//60
f 2751//60 2761//71 2679//72
f 2579//73 2577//62 2677//61
f 2677//61 2679//72 2579//73
f 2486//74 2482//63 2577//62
f 2577//62 2579//73 2486//74
f 2368//75 2364//64 2482//63
f 2482//63 2486//74 2368//75
f 2172//76 2164//65 2364//64
f 2364//64 2368//75 2172//76
f 1725//77 1842//66 2164//65
f 2164//65 2172//76 1725//77
f 2965//78 2945//67 2959//68
f 2959//68 2981//79 2965//78
f 2907//80 2897//69 2945//67
f 2945//67 2965//78 2907//80
f 2845//81 2835//70 2897//69
f 2897//69 2907//80 2845//81
f 2769//82 2761//71 2835//70
f 2835//70 2845//81 2769//82
f 2685//83 2679//72 2761//71
f 2761//71 2769//82 2685//83
f 2587//84 2579//73 2679//72
f 2679//72 2685//83 2587//84
f 2491//85 2486//74 2579//73
f 2579//73 2587//84 2491//85
f 2370//86 2368//75 2486//74
f 2486//74 2491//85 2370//86
f 2174//87 2172//76 2368//75
f 2368//75 2370//86 2174//87
f 1834//88 1725//77 2172//76
f 2172//76 2174//87 1834//88
f 2982//89 2965//78 2981//79
f 2981//79 2988//90 2982//89
f 2933//91 2907//80 2965//78
f 2965//78 2982//89 2933//91
f 2855//92 2845//81 2907//80
f 2907//80 2933//91 2855//92
f 2779//93 2769//82 2845//81
f 2845//81 2855//92 2779//93
f 2691//94 2685//83 2769//82
f 2769//82 2779//93 2691//94
f 2595//95 2587//84 2685//83
f 2685//83 2691//94 2595//95
f 2500//96 2491//85 2587//84
f 2587//84 2595//95 2500//96
f 2374//97 2370//86 2491//85
f 2491//85 2500//96 2374//97
f 2178//98 2174//87 2370//86
f 2370//86 2374//97 2178//98
f 1716//99 1834//88 2174//87
f 2174//87 2178//98 1716//99
f 2990//100 2982//89 2988//90
f 2988//90 3002//101 2990//100
f 2949//102 2933//91 2982//89
f 2982//89 2990//100 2949//102
f 2871//103 2855//92 2933//91
f 2933//91 2949//102 2871//103
f 2791//104 2779//93 2855//92
f 2855//92 2871//103 2791//104
f 2699//105 2691//94 2779//93
f 2779//93 2791//104 2699//105
f 2601//106 2595//95 2691//94
f 2691//94 2699//105 2601//106
f 2506//107 2500//96 2595//95
f 2595//95 2601//106 2506//107
f 2378//108 2374//97 2500//96
f 2500//96 2506//107 2378//108
f 2180//109 2178//98 2374//97
f 2374//97 2378//108 2180//109
f 1714//110 1716//99 2178//98
f 2178//98 2180//109 1714//110
f 3008//111 2990//100 3002//101
f 3002//101 3024//112 3008//111
f 2973//113 2949//102 2990//100
f 2990//100 3008//111 2973//113
f 2889//114 2871//103 2949//102
f 2949//102 2973//113 2889//114
f 2805//115 2791//104 2871//103
f 2871//103 2889//114 2805//115
f 2711//116 2699//105 2791//104
f 2791//104 2805//115 2711//116
f 2611//117 2601//106 2699//105
f 2699//105 2711//116 2611//117
f 2521//118 2506//107 2601//106
f 2601//106 2611//117 2521//118
f 2387//119 2378//108 2506//107
f 2506//107 2521//118 2387//119
f 2191//120 2180//109 2378//108
f 2378//108 2387//119 2191//120
f 1810//121 1714//110 2180//109
f 2180//109 2191//120 1810//121
f 1464//122 1460//123 1813//124
f 1813//124 1821//125 1464//122
f 1264//126 1260//127 1460//123
f 1460//123 1464//122 1264//126
f 1146//128 1142//129 1260//127
f 1260//127 1264//126 1146//128
f 1055//130 1047//131 1142//129
f 1142//129 1146//128 1055//130
f 953//132 949//133 1047//131
f 1047//131 1055//130 953//132
f 885//134 875//135 949//133
f 949//133 953//132 885//134
f 803//136 795//137 875//135
f 875//135 885//134 803//136
f 753//138 745//139 795//137
f 795//137 803//136 753//138
f 713//140 701//141 745//139
f 745//139 753//138 713//140
f 691//142 683//143 701//141
f 701//141 713//140 691//142
f 1470//144 1464//122 1821//125
f 1821//125 1829//145 1470//144
f 1272//146 1264//126 1464//122
f 1464//122 1470//144 1272//146
f 1154//147 1146//128 1264//126
f 1264//126 1272//146 1154//147
f 1061//148 1055//130 1146//128
f 1146//128 1154//147 1061//148
f 959//149 953//132 1055//130
f 1055//130 1061//148 959//149
f 893//150 885//134 953//132
f 953//132 959//149 893//150
f 809//151 803//136 885//134
f 885//134 893//150 809//151
f 759//152 753//138 803//136
f 803//136 809//151 759//152
f 721//153 713//140 753//138
f 753//138 759//152 721//153
f 705//154 691//142 713//140
f 713//140 721//153 705//154
f 1469//155 1470//144 1829//145
f 1829//145 1835//156 1469//155
f 1268//157 1272//146 1470//144
f 1470//144 1469//155 1268//157
f 1151//158 1154//147 1272//146
f 1272//146 1268//157 1151//158
f 1060//159 1061//148 1154//147
f 1154//147 1151//158 1060//159
f 957//160 959//149 1061//148
f 1061//148 1060//159 957//160
f 889//161 893//150 959//149
f 959//149 957//160 889//161
f 807//162 809//151 893//150
f 893//150 889//161 807//162
f 757//163 759//152 809//151
f 809//151 807//162 757//163
f 719//164 721//153 759//152
f 759//152 757//163 719//164
f 699//165 705//154 721//153
f 721//153 719//164 699//165
f 1462//166 1469//155 1835//156
f 1835//156 1839//167 1462//166
f 1262//168 1268//157 1469//155
f 1469//155 1462//166 1262//168
f 1144//169 1151//158 1268//157
f 1268//157 1262//168 1144//169
f 1051//170 1060//159 1151//158
f 1151//158 1144//169 1051//170
f 951//171 957//160 1060//159
f 1060//159 1051//170 951//171
f 881//172 889//161 957//160
f 957//160 951//171 881//172
f 799//173 807//162 889//161
f 889//161 881//172 799//173
f 747//174 757//163 807//162
f 807//162 799//173 747//174
f 711//175 719//164 757//163
f 757//163 747//174 711//175
f 687//176 699//165 719//164
f 719//164 711//175 687//176
f 1458//177 1462//166 1839//167
f 1839//167 1843//178 1458//177
f 1258//179 1262//168 1462//166
f 1462//166 1458//177 1258//179
f 1140//180 1144//169 1262//168
f 1262//168 1258//179 1140//180
f 1045//181 1051//170 1144//169
f 1144//169 1140//180 1045//181
f 945//182 951//171 1051//170
f 1051//170 1045//181 945//182
f 871//183 881//172 951//171
f 951//171 945//182 871//183
f 793//184 799//173 881//172
f 881//172 871//183 793//184
f 741//185 747//174 799//173
f 799//173 793//184 741//185
f 693//186 711//175 747//174
f 747//174 741//185 693//186
f 675//187 687//176 711//175
f 711//175 693//186 675//187
f 1450//188 1458//177 1843//178
f 1843//178 1838//189 1450//188
f 1254//190 1258//179 1458//177
f 1458//177 1450//188 1254//190
f 1136//191 1140//180 1258//179
f 1258//179 1254//190 1136//191
f 1043//192 1045//181 1140//180
f 1140//180 1136//191 1043//192
f 943//193 945//182 1045//181
f 1045//181 1043//192 943//193
f 861//194 871//183 945//182
f 945//182 943//193 861//194
f 787//195 793//184 871//183
f 871//183 861//194 787//195
f 725//196 741//185 793//184
f 793//184 787//195 725//196
f 677//197 693//186 741//185
f 741//185 725//196 677//197
f 663//198 675//187 693//186
f 693//186 677//197 663//198
f 1448//199 1450//188 1838//189
f 1838//189 1834//200 1448//199
f 1252//201 1254//190 1450//188
f 1450//188 1448//199 1252//201
f 1133//202 1136//191 1254//190
f 1254//190 1252//201 1133//202
f 1035//203 1043//192 1136//191
f 1136//191 1133//202 1035//203
f 937//204 943//193 1043//192
f 1043//192 1035//203 937//204
f 853//205 861//194 943//193
f 943//193 937//204 853//205
f 777//206 787//195 861//194
f 861//194 853//205 777//206
f 715//207 725//196 787//195
f 787//195 777//206 715//207
f 657//208 677//197 725//196
f 725//196 715//207 657//208
f 642//209 663//198 677//197
f 677//197 657//208 642//209
f 1444//210 1448//199 1834//200
f 1834//200 1828//211 1444//210
f 1248//212 1252//201 1448//199
f 1448//199 1444//210 1248//212
f 1122//213 1133//202 1252//201
f 1252//201 1248//212 1122//213
f 1027//214 1035//203 1133//202
f 1133//202 1122//213 1027//214
f 931//215 937//204 1035//203
f 1035//203 1027//214 931//215
f 843//216 853//205 937//204
f 937//204 931//215 843//216
f 767//217 777//206 853//205
f 853//205 843//216 767//217
f 689//218 715//207 777//206
f 777//206 767//217 689//218
f 640//219 657//208 715//207
f 715//207 689//218 640//219
f 634//220 642//209 657//208
f 657//208 640//219 634//220
f 1442//221 1444//210 1828//211
f 1828//211 1820//222 1442//221
f 1244//223 1248//212 1444//210
f 1444//210 1442//221 1244//223
f 1116//224 1122//213 1248//212
f 1248//212 1244//223 1116//224
f 1021//225 1027//214 1122//213
f 1122//213 1116//224 1021//225
f 923//226 931//215 1027//214
f 1027//214 1021//225 923//226
f 831//227 843//216 931//215
f 931//215 923//226 831//227
f 751//228 767//217 843//216
f 843//216 831//227 751//228
f 673//229 689//218 767//217
f 767//217 751//228 673//229
f 632//230 640//219 689//218
f 689//218 673//229 632//230
f 620//231 634//220 640//219
f 640//219 632//230 620//231
f 1429//232 1442//221 1820//222
f 1820//222 1811//233 1429//232
f 1233//234 1244//223 1442//221
f 1442//221 1429//232 1233//234
f 1106//235 1116//224 1244//223
f 1244//223 1233//234 1106//235
f 1011//236 1021//225 1116//224
f 1116//224 1106//235 1011//236
f 911//237 923//226 1021//225
f 1021//225 1011//236 911//237
f 817//238 831//227 923//226
f 923//226 911//237 817//238
f 733//239 751//228 831//227
f 831//227 817//238 733//239
f 649//240 673//229 751//228
f 751//228 733//239 649//240
f 614//241 632//230 673//229
f 673//229 649//240 614//241
f 597//242 620//231 632//230
f 632//230 614//241 597//242
f 714//243 702//244 684//245
f 684//245 692//246 714//243
f 754//247 746//248 702//244
f 702//244 714//243 754//247
f 804//249 796//250 746//248
f 746//248 754//247 804//249
f 886//251 876//252 796//250
f 796//250 804//249 886//251
f 954//253 950//254 876//252
f 876//252 886//251 954//253
f 1056//255 1048//256 950//254
f 950//254 954//253 1056//255
f 1147//257 1143//258 1048//256
f 1048//256 1056//255 1147//257
f 1265//259 1261//260 1143//258
f 1143//258 1147//257 1265//259
f 1465//261 1461//262 1261//260
f 1261//260 1265//259 1465//261
f 1915//263 1817//264 1461//262
f 1461//262 1465//261 1915//263
f 722//265 714//243 692//246
f 692//246 706//266 722//265
f 760//267 754//247 714//243
f 714//243 722//265 760//267
f 810//268 804//249 754//247
f 754//247 760//267 810//268
f 894//269 886//251 804//249
f 804//249 810//268 894//269
f 960//270 954//253 886//251
f 886//251 894//269 960//270
f 1062//271 1056//255 954//253
f 954//253 960//270 1062//271
f 1155//272 1147//257 1056//255
f 1056//255 1062//271 1155//272
f 1273//273 1265//259 1147//257
f 1147//257 1155//272 1273//273
f 1471//274 1465//261 1265//259
f 1265//259 1273//273 1471//274
f 1917//275 1915//263 1465//261
f 1465//261 1471//274 1917//275
f 720//276 722//265 706//266
f 706//266 700//277 720//276
f 758//278 760//267 722//265
f 722//265 720//276 758//278
f 808//279 810//268 760//267
f 760//267 758//278 808//279
f 890//280 894//269 810//268
f 810//268 808//279 890//280
f 958//281 960//270 894//269
f 894//269 890//280 958//281
f 1059//282 1062//271 960//270
f 960//270 958//281 1059//282
f 1150//283 1155//272 1062//271
f 1062//271 1059//282 1150//283
f 1269//284 1273//273 1155//272
f 1155//272 1150//283 1269//284
f 1468//285 1471//274 1273//273
f 1273//273 1269//284 1468//285
f 1697//286 1917//275 1471//274
f 1471//274 1468//285 1697//286
f 712//287 720//276 700//277
f 700//277 688//288 712//287
f 748//289 758//278 720//276
f 720//276 712//287 748//289
f 800//290 808//279 758//278
f 758//278 748//289 800//290
f 882//291 890//280 808//279
f 808//279 800//290 882//291
f 952//292 958//281 890//280
f 890//280 882//291 952//292
f 1052//293 1059//282 958//281
f 958//281 952//292 1052//293
f 1145//294 1150//283 1059//282
f 1059//282 1052//293 1145//294
f 1263//295 1269//284 1150//283
f 1150//283 1145//294 1263//295
f 1463//296 1468//285 1269//284
f 1269//284 1263//295 1463//296
f 1919//297 1697//286 1468//285
f 1468//285 1463//296 1919//297
f 694//298 712//287 688//288
f 688//288 676//299 694//298
f 742//300 748//289 712//287
f 712//287 694//298 742//300
f 794//301 800//290 748//289
f 748//289 742//300 794//301
f 872//302 882//291 800//290
f 800//290 794//301 872//302
f 946//303 952//292 882//291
f 882//291 872//302 946//303
f 1046//304 1052//293 952//292
f 952//292 946//303 1046//304
f 1141//305 1145//294 1052//293
f 1052//293 1046//304 1141//305
f 1259//306 1263//295 1145//294
f 1145//294 1141//305 1259//306
f 1459//307 1463//296 1263//295
f 1263//295 1259//306 1459//307
f 1845//308 1919//297 1463//296
f 1463//296 1459//307 1845//308
f 678//309 694//298 676//299
f 676//299 664//310 678//309
f 726//311 742//300 694//298
f 694//298 678//309 726//311
f 788//312 794//301 742//300
f 742//300 726//311 788//312
f 862//313 872//302 794//301
f 794//301 788//312 862//313
f 944//314 946//303 872//302
f 872//302 862//313 944//314
f 1044//315 1046//304 946//303
f 946//303 944//314 1044//315
f 1137//316 1141//305 1046//304
f 1046//304 1044//315 1137//316
f 1255//317 1259//306 1141//305
f 1141//305 1137//316 1255//317
f 1451//318 1459//307 1259//306
f 1259//306 1255//317 1451//318
f 1898//319 1845//308 1459//307
f 1459//307 1451//318 1898//319
f 658//320 678//309 664//310
f 664//310 642//321 658//320
f 716//322 726//311 678//309
f 678//309 658//320 716//322
f 778//323 788//312 726//311
f 726//311 716//322 778//323
f 854//324 862//313 788//312
f 788//312 778//323 854//324
f 938//325 944//314 862//313
f 862//313 854//324 938//325
f 1036//326 1044//315 944//314
f 944//314 938//325 1036//326
f 1132//327 1137//316 1044//315
f 1044//315 1036//326 1132//327
f 1253//328 1255//317 1137//316
f 1137//316 1132//327 1253//328
f 1449//329 1451//318 1255//317
f 1255//317 1253//328 1449//329
f 1837//330 1898//319 1451//318
f 1451//318 1449//329 1837//330
f 641//331 658//320 642//321
f 642//321 635//332 641//331
f 690//333 716//322 658//320
f 658//320 641//331 690//333
f 768//334 778//323 716//322
f 716//322 690//333 768//334
f 844//335 854//324 778//323
f 778//323 768//334 844//335
f 932//336 938//325 854//324
f 854//324 844//335 932//336
f 1028//337 1036//326 938//325
f 938//325 932//336 1028//337
f 1123//338 1132//327 1036//326
f 1036//326 1028//337 1123//338
f 1249//339 1253//328 1132//327
f 1132//327 1123//338 1249//339
f 1445//340 1449//329 1253//328
f 1253//328 1249//339 1445//340
f 1918//341 1837//330 1449//329
f 1449//329 1445//340 1918//341
f 633//342 641//331 635//332
f 635//332 621//343 633//342
f 674//344 690//333 641//331
f 641//331 633//342 674//344
f 752//345 768//334 690//333
f 690//333 674//344 752//345
f 832//346 844//335 768//334
f 768//334 752//345 832//346
f 924//347 932//336 844//335
f 844//335 832//346 924//347
f 1022//348 1028//337 932//336
f 932//336 924//347 1022//348
f 1117//349 1123//338 1028//337
f 1028//337 1022//348 1117//349
f 1245//350 1249//339 1123//338
f 1123//338 1117//349 1245//350
f 1443//351 1445//340 1249//339
f 1249//339 1245//350 1443//351
f 1916//352 1918//341 1445//340
f 1445//340 1443//351 1916//352
f 616//353 633//342 621//343
f 621//343 600//354 616//353
f 654//355 674//344 633//342
f 633//342 616//353 654//355
f 737//356 752//345 674//344
f 674//344 654//355 737//356
f 822//357 832//346 752//345
f 752//345 737//356 822//357
f 914//358 924//347 832//346
f 832//346 822//357 914//358
f 1014//359 1022//348 924//347
f 924//347 914//358 1014//359
f 1104//360 1117//349 1022//348
f 1022//348 1014//359 1104//360
f 1237//361 1245//350 1117//349
f 1117//349 1104//360 1237//361
f 1433//362 1443//351 1245//350
f 1245//350 1237//361 1433//362
f 1819//363 1916//352 1443//351
f 1443//351 1433//362 1819//363
f 2159//364 2163//365 1816//366
f 1816//366 1822//367 2159//364
f 2359//368 2363//369 2163//365
f 2163//365 2159//364 2359//368
f 2477//370 2481//371 2363//369
f 2363//369 2359//368 2477//370
f 2568//372 2576//373 2481//371
f 2481//371 2477//370 2568//372
f 2670//374 2674//375 2576//373
f 2576//373 2568//372 2670//374
f 2738//376 2748//377 2674//375
f 2674//375 2670//374 2738//376
f 2820//378 2828//379 2748//377
f 2748//377 2738//376 2820//378
f 2870//380 2878//381 2828//379
f 2828//379 2820//378 2870//380
f 2910//382 2922//383 2878//381
f 2878//381 2870//380 2910//382
f 2932//384 2940//385 2922//383
f 2922//383 2910//382 2932//384
f 2153//386 2159//364 1822//367
f 1822//367 1830//387 2153//386
f 2351//388 2359//368 2159//364
f 2159//364 2153//386 2351//388
f 2469//389 2477//370 2359//368
f 2359//368 2351//388 2469//389
f 2562//390 2568//372 2477//370
f 2477//370 2469//389 2562//390
f 2664//391 2670//374 2568//372
f 2568//372 2562//390 2664//391
f 2730//392 2738//376 2670//374
f 2670//374 2664//391 2730//392
f 2814//393 2820//378 2738//376
f 2738//376 2730//392 2814//393
f 2864//394 2870//380 2820//378
f 2820//378 2814//393 2864//394
f 2902//395 2910//382 2870//380
f 2870//380 2864//394 2902//395
f 2918//396 2932//384 2910//382
f 2910//382 2902//395 2918//396
f 2154//397 2153//386 1830//387
f 1830//387 1836//398 2154//397
f 2355//399 2351//388 2153//386
f 2153//386 2154//397 2355//399
f 2472//400 2469//389 2351//388
f 2351//388 2355//399 2472//400
f 2563//401 2562//390 2469//389
f 2469//389 2472//400 2563//401
f 2666//402 2664//391 2562//390
f 2562//390 2563//401 2666//402
f 2734//403 2730//392 2664//391
f 2664//391 2666//402 2734//403
f 2816//404 2814//393 2730//392
f 2730//392 2734//403 2816//404
f 2866//405 2864//394 2814//393
f 2814//393 2816//404 2866//405
f 2904//406 2902//395 2864//394
f 2864//394 2866//405 2904//406
f 2924//407 2918//396 2902//395
f 2902//395 2904//406 2924//407
f 2161//408 2154//397 1836//398
f 1836//398 1840//409 2161//408
f 2361//410 2355//399 2154//397
f 2154//397 2161//408 2361//410
f 2479//411 2472//400 2355//399
f 2355//399 2361//410 2479//411
f 2572//412 2563//401 2472//400
f 2472//400 2479//411 2572//412
f 2672//413 2666//402 2563//401
f 2563//401 2572//412 2672//413
f 2742//414 2734//403 2666//402
f 2666//402 2672//413 2742//414
f 2824//415 2816//404 2734//403
f 2734//403 2742//414 2824//415
f 2876//416 2866//405 2816//404
f 2816//404 2824//415 2876//416
f 2912//417 2904//406 2866//405
f 2866//405 2876//416 2912//417
f 2936//418 2924//407 2904//406
f 2904//406 2912//417 2936//418
f 2165//419 2161//408 1840//409
f 1840//409 1844//420 2165//419
f 2365//421 2361//410 2161//408
f 2161//408 2165//419 2365//421
f 2483//422 2479//411 2361//410
f 2361//410 2365//421 2483//422
f 2578//423 2572//412 2479//411
f 2479//411 2483//422 2578//423
f 2678//424 2672//413 2572//412
f 2572//412 2578//423 2678//424
f 2752//425 2742//414 2672//413
f 2672//413 2678//424 2752//425
f 2830//426 2824//415 2742//414
f 2742//414 2752//425 2830//426
f 2882//427 2876//416 2824//415
f 2824//415 2830//426 2882//427
f 2930//428 2912//417 2876//416
f 2876//416 2882//427 2930//428
f 2948//429 2936//418 2912//417
f 2912//417 2930//428 2948//429
f 2173//430 2165//419 1844//420
f 1844//420 1841//431 2173//430
f 2369//432 2365//421 2165//419
f 2165//419 2173//430 2369//432
f 2487//433 2483//422 2365//421
f 2365//421 2369//432 2487//433
f 2580//434 2578//423 2483//422
f 2483//422 2487//433 2580//434
f 2680//435 2678//424 2578//423
f 2578//423 2580//434 2680//435
f 2762//436 2752//425 2678//424
f 2678//424 2680//435 2762//436
f 2836//437 2830//426 2752//425
f 2752//425 2762//436 2836//437
f 2898//438 2882//427 2830//426
f 2830//426 2836//437 2898//438
f 2946//439 2930//428 2882//427
f 2882//427 2898//438 2946//439
f 2960//440 2948//429 2930//428
f 2930//428 2946//439 2960//440
f 2175//441 2173//430 1841//431
f 1841//431 1837//442 2175//441
f 2371//443 2369//432 2173//430
f 2173//430 2175//441 2371//443
f 2490//444 2487//433 2369//432
f 2369//432 2371//443 2490//444
f 2588//445 2580//434 2487//433
f 2487//433 2490//444 2588//445
f 2686//446 2680//435 2580//434
f 2580//434 2588//445 2686//446
f 2770//447 2762//436 2680//435
f 2680//435 2686//446 2770//447
f 2846//448 2836//437 2762//436
f 2762//436 2770//447 2846//448
f 2908//449 2898//438 2836//437
f 2836//437 2846//448 2908//449
f 2966//450 2946//439 2898//438
f 2898//438 2908//449 2966//450
f 2981//451 2960//440 2946//439
f 2946//439 2966//450 2981//451
f 2179//452 2175//441 1837//442
f 1837//442 1831//453 2179//452
f 2375//454 2371//443 2175//441
f 2175//441 2179//452 2375//454
f 2501//455 2490//444 2371//443
f 2371//443 2375//454 2501//455
f 2596//456 2588//445 2490//444
f 2490//444 2501//455 2596//456
f 2692//457 2686//446 2588//445
f 2588//445 2596//456 2692//457
f 2780//458 2770//447 2686//446
f 2686//446 2692//457 2780//458
f 2856//459 2846//448 2770//447
f 2770//447 2780//458 2856//459
f 2934//460 2908//449 2846//448
f 2846//448 2856//459 2934//460
f 2983//461 2966//450 2908//449
f 2908//449 2934//460 2983//461
f 2989//462 2981//451 2966//450
f 2966//450 2983//461 2989//462
f 2181//463 2179//452 1831//453
f 1831//453 1823//464 2181//463
f 2379//465 2375//454 2179//452
f 2179//452 2181//463 2379//465
f 2507//466 2501//455 2375//454
f 2375//454 2379//465 2507//466
f 2602//467 2596//456 2501//455
f 2501//455 2507//466 2602//467
f 2700//468 2692//457 2596//456
f 2596//456 2602//467 2700//468
f 2792//469 2780//458 2692//457
f 2692//457 2700//468 2792//469
f 2872//470 2856//459 2780//458
f 2780//458 2792//469 2872//470
f 2950//471 2934//460 2856//459
f 2856//459 2872//470 2950//471
f 2991//472 2983//461 2934//460
f 2934//460 2950//471 2991//472
f 3003//473 2989//462 2983//461
f 2983//461 2991//472 3003//473
f 2194//474 2181//463 1823//464
f 1823//464 1818//475 2194//474
f 2391//476 2379//465 2181//463
f 2181//463 2194//474 2391//476
f 2518//477 2507//466 2379//465
f 2379//465 2391//476 2518//477
f 2614//478 2602//467 2507//466
f 2507//466 2518//477 2614//478
f 2712//479 2700//468 2602//467
f 2602//467 2614//478 2712//479
f 2806//480 2792//469 2700//468
f 2700//468 2712//479 2806//480
f 2890//481 2872//470 2792//469
f 2792//469 2806//480 2890//481
f 2974//482 2950//471 2872//470
f 2872//470 2890//481 2974//482
f 3009//483 2991//472 2950//471
f 2950//471 2974//482 3009//483
f 3025//484 3003//473 2991//472
f 2991//472 3009//483 3025//484
f 3040//485 3008//111 3024//112
f 3024//112 3048//486 3040//485
f 3018//487 2973//113 3008//111
f 3008//111 3040//485 3018//487
f 2943//488 2889//114 2973//113
f 2973//113 3018//487 2943//488
f 2841//489 2805//115 2889//114
f 2889//114 2943//488 2841//489
f 2731//490 2711//116 2805//115
f 2805//115 2841//489 2731//490
f 2645//491 2611//117 2711//116
f 2711//116 2731//490 2645//491
f 2529//492 2521//118 2611//117
f 2611//117 2645//491 2529//492
f 2402//493 2387//119 2521//118
f 2521//118 2529//492 2402//493
f 2208//494 2191//120 2387//119
f 2387//119 2402//493 2208//494
f 1806//495 1810//121 2191//120
f 2191//120 2208//494 1806//495
f 3072//496 3040//485 3048//486
f 3048//486 3078//497 3072//496
f 3044//498 3018//487 3040//485
f 3040//485 3072//496 3044//498
f 2994//499 2943//488 3018//487
f 3018//487 3044//498 2994//499
f 2883//500 2841//489 2943//488
f 2943//488 2994//499 2883//500
f 2773//501 2731//490 2841//489
f 2841//489 2883//500 2773//501
f 2659//502 2645//491 2731//490
f 2731//490 2773//501 2659//502
f 2539//503 2529//492 2645//491
f 2645//491 2659//502 2539//503
f 2410//504 2402//493 2529//492
f 2529//492 2539//503 2410//504
f 2222//505 2208//494 2402//493
f 2402//493 2410//504 2222//505
f 1694//506 1806//495 2208//494
f 2208//494 2222//505 1694//506
f 3092//507 3072//496 3078//497
f 3078//497 3116//508 3092//507
f 3074//509 3044//498 3072//496
f 3072//496 3092//507 3074//509
f 3030//510 2994//499 3044//498
f 3044//498 3074//509 3030//510
f 2937//511 2883//500 2994//499
f 2994//499 3030//510 2937//511
f 2810//512 2773//501 2883//500
f 2883//500 2937//511 2810//512
f 2683//513 2659//502 2773//501
f 2773//501 2810//512 2683//513
f 2554//514 2539//503 2659//502
f 2659//502 2683//513 2554//514
f 2420//515 2410//504 2539//503
f 2539//503 2554//514 2420//515
f 2238//516 2222//505 2410//504
f 2410//504 2420//515 2238//516
f 1930//517 1694//506 2222//505
f 2222//505 2238//516 1930//517
f 3132//518 3092//507 3116//508
f 3116//508 3142//519 3132//518
f 3090//520 3074//509 3092//507
f 3092//507 3132//518 3090//520
f 3054//521 3030//510 3074//509
f 3074//509 3090//520 3054//521
f 2984//522 2937//511 3030//510
f 3030//510 3054//521 2984//522
f 2837//523 2810//512 2937//511
f 2937//511 2984//522 2837//523
f 2705//524 2683//513 2810//512
f 2810//512 2837//523 2705//524
f 2574//525 2554//514 2683//513
f 2683//513 2705//524 2574//525
f 2430//526 2420//515 2554//514
f 2554//514 2574//525 2430//526
f 2247//527 2238//516 2420//515
f 2420//515 2430//526 2247//527
f 1913//528 1930//517 2238//516
f 2238//516 2247//527 1913//528
f 3150//529 3132//518 3142//519
f 3142//519 3156//530 3150//529
f 3128//531 3090//520 3132//518
f 3132//518 3150//529 3128//531
f 3076//532 3054//521 3090//520
f 3090//520 3128//531 3076//532
f 3014//533 2984//522 3054//521
f 3054//521 3076//532 3014//533
f 2861//534 2837//523 2984//522
f 2984//522 3014//533 2861//534
f 2723//535 2705//524 2837//523
f 2837//523 2861//534 2723//535
f 2585//536 2574//525 2705//524
f 2705//524 2723//535 2585//536
f 2438//537 2430//526 2574//525
f 2574//525 2585//536 2438//537
f 2253//538 2247//527 2430//526
f 2430//526 2438//537 2253//538
f 1711//539 1913//528 2247//527
f 2247//527 2253//538 1711//539
f 3162//540 3150//529 3156//530
f 3156//530 3172//541 3162//540
f 3148//542 3128//531 3150//529
f 3150//529 3162//540 3148//542
f 3088//543 3076//532 3128//531
f 3128//531 3148//542 3088//543
f 3036//544 3014//533 3076//532
f 3076//532 3088//543 3036//544
f 2893//545 2861//534 3014//533
f 3014//533 3036//544 2893//545
f 2743//546 2723//535 2861//534
f 2861//534 2893//545 2743//546
f 2599//547 2585//536 2723//535
f 2723//535 2743//546 2599//547
f 2450//548 2438//537 2585//536
f 2585//536 2599//547 2450//548
f 2267//549 2253//538 2438//537
f 2438//537 2450//548 2267//549
f 1794//550 1711//539 2253//538
f 2253//538 2267//549 1794//550
f 3178//551 3162//540 3172//541
f 3172//541 3184//552 3178//551
f 3154//553 3148//542 3162//540
f 3162//540 3178//551 3154//553
f 3118//554 3088//543 3148//542
f 3148//542 3154//553 3118//554
f 3046//555 3036//544 3088//543
f 3088//543 3118//554 3046//555
f 2915//556 2893//545 3036//544
f 3036//544 3046//555 2915//556
f 2763//557 2743//546 2893//545
f 2893//545 2915//556 2763//557
f 2615//558 2599//547 2743//546
f 2743//546 2763//557 2615//558
f 2452//559 2450//548 2599//547
f 2599//547 2615//558 2452//559
f 2277//560 2267//549 2450//548
f 2450//548 2452//559 2277//560
f 1710//561 1794//550 2267//549
f 2267//549 2277//560 1710//561
f 3188//562 3178//551 3184//552
f 3184//552 3200//563 3188//562
f 3164//564 3154//553 3178//551
f 3178//551 3188//562 3164//564
f 3130//565 3118//554 3154//553
f 3154//553 3164//564 3130//565
f 3058//566 3046//555 3118//554
f 3118//554 3130//565 3058//566
f 2941//567 2915//556 3046//555
f 3046//555 3058//566 2941//567
f 2775//568 2763//557 2915//556
f 2915//556 2941//567 2775//568
f 2627//569 2615//558 2763//557
f 2763//557 2775//568 2627//569
f 2458//570 2452//559 2615//558
f 2615//558 2627//569 2458//570
f 2287//571 2277//560 2452//559
f 2452//559 2458//570 2287//571
f 1910//572 1710//561 2277//560
f 2277//560 2287//571 1910//572
f 3198//573 3188//562 3200//563
f 3200//563 3209//574 3198//573
f 3170//575 3164//564 3188//562
f 3188//562 3198//573 3170//575
f 3136//576 3130//565 3164//564
f 3164//564 3170//575 3136//576
f 3064//577 3058//566 3130//565
f 3130//565 3136//576 3064//577
f 2955//578 2941//567 3058//566
f 3058//566 3064//577 2955//578
f 2781//579 2775//568 2941//567
f 2941//567 2955//578 2781//579
f 2636//580 2627//569 2775//568
f 2775//568 2781//579 2636//580
f 2462//581 2458//570 2627//569
f 2627//569 2636//580 2462//581
f 2295//582 2287//571 2458//570
f 2458//570 2462//581 2295//582
f 1909//583 1910//572 2287//571
f 2287//571 2295//582 1909//583
f 3202//584 3198//573 3209//574
f 3209//574 3213//585 3202//584
f 3174//586 3170//575 3198//573
f 3198//573 3202//584 3174//586
f 3138//587 3136//576 3170//575
f 3170//575 3174//586 3138//587
f 3066//588 3064//577 3136//576
f 3136//576 3138//587 3066//588
f 2961//589 2955//578 3064//577
f 3064//577 3066//588 2961//589
f 2783//590 2781//579 2955//578
f 2955//578 2961//589 2783//590
f 2642//591 2636//580 2781//579
f 2781//579 2783//590 2642//591
f 2464//592 2462//581 2636//580
f 2636//580 2642//591 2464//592
f 2297//593 2295//582 2462//581
f 2462//581 2464//592 2297//593
f 1784//594 1909//583 2295//582
f 2295//582 2297//593 1784//594
f 1414//595 1429//232 1811//233
f 1811//233 1807//596 1414//595
f 1220//597 1233//234 1429//232
f 1429//232 1414//595 1220//597
f 1093//598 1106//235 1233//234
f 1233//234 1220//597 1093//598
f 977//599 1011//236 1106//235
f 1106//235 1093//598 977//599
f 891//600 911//237 1011//236
f 1011//236 977//599 891//600
f 781//601 817//238 911//237
f 911//237 891//600 781//601
f 679//602 733//239 817//238
f 817//238 781//601 679//602
f 604//603 649//240 733//239
f 733//239 679//602 604//603
f 571//604 614//241 649//240
f 649//240 604//603 571//604
f 561//605 597//242 614//241
f 614//241 571//604 561//605
f 1400//606 1414//595 1807//596
f 1807//596 1804//607 1400//606
f 1212//608 1220//597 1414//595
f 1414//595 1400//606 1212//608
f 1083//609 1093//598 1220//597
f 1220//597 1212//608 1083//609
f 963//610 977//599 1093//598
f 1093//598 1083//609 963//610
f 849//611 891//600 977//599
f 977//599 963//610 849//611
f 739//612 781//601 891//600
f 891//600 849//611 739//612
f 628//613 679//602 781//601
f 781//601 739//612 628//613
f 565//614 604//603 679//602
f 679//602 628//613 565//614
f 530//615 571//604 604//603
f 604//603 565//614 530//615
f 524//616 561//605 571//604
f 571//604 530//615 524//616
f 1386//617 1400//606 1804//607
f 1804//607 1802//618 1386//617
f 1202//619 1212//608 1400//606
f 1400//606 1386//617 1202//619
f 1070//620 1083//609 1212//608
f 1212//608 1202//619 1070//620
f 939//621 963//610 1083//609
f 1083//609 1070//620 939//621
f 814//622 849//611 963//610
f 963//610 939//621 814//622
f 685//623 739//612 849//611
f 849//611 814//622 685//623
f 585//624 628//613 739//612
f 739//612 685//623 585//624
f 528//625 565//614 628//613
f 628//613 585//624 528//625
f 510//626 530//615 565//614
f 565//614 528//625 510//626
f 508//627 524//616 530//615
f 530//615 510//626 508//627
f 1375//628 1386//617 1802//618
f 1802//618 1800//629 1375//628
f 1192//630 1202//619 1386//617
f 1386//617 1375//628 1192//630
f 1050//631 1070//620 1202//619
f 1202//619 1192//630 1050//631
f 917//632 939//621 1070//620
f 1070//620 1050//631 917//632
f 785//633 814//622 939//621
f 939//621 917//632 785//633
f 638//634 685//623 814//622
f 814//622 785//633 638//634
f 553//635 585//624 685//623
f 685//623 638//634 553//635
f 512//636 528//625 585//624
f 585//624 553//635 512//636
f 492//637 510//626 528//625
f 528//625 512//636 492//637
f 482//638 508//627 510//626
f 510//626 492//637 482//638
f 1369//639 1375//628 1800//629
f 1800//629 1798//640 1369//639
f 1184//641 1192//630 1375//628
f 1375//628 1369//639 1184//641
f 1037//642 1050//631 1192//630
f 1192//630 1184//641 1037//642
f 899//643 917//632 1050//631
f 1050//631 1037//642 899//643
f 761//644 785//633 917//632
f 917//632 899//643 761//644
f 608//645 638//634 785//633
f 785//633 761//644 608//645
f 526//646 553//635 638//634
f 638//634 608//645 526//646
f 496//647 512//636 553//635
f 553//635 526//646 496//647
f 454//648 492//637 512//636
f 512//636 496//647 454//648
f 448//649 482//638 492//637
f 492//637 454//648 448//649
f 1355//650 1369//639 1798//640
f 1798//640 1795//651 1355//650
f 1172//652 1184//641 1369//639
f 1369//639 1355//650 1172//652
f 1023//653 1037//642 1184//641
f 1184//641 1172//652 1023//653
f 879//654 899//643 1037//642
f 1037//642 1023//653 879//654
f 729//655 761//644 899//643
f 899//643 879//654 729//655
f 579//656 608//645 761//644
f 761//644 729//655 579//656
f 514//657 526//646 608//645
f 608//645 579//656 514//657
f 457//658 496//647 526//646
f 526//646 514//657 457//658
f 442//659 454//648 496//647
f 496//647 457//658 442//659
f 432//660 448//649 454//648
f 454//648 442//659 432//660
f 1345//661 1355//650 1795//651
f 1795//651 1792//662 1345//661
f 1170//663 1172//652 1355//650
f 1355//650 1345//661 1170//663
f 1007//664 1023//653 1172//652
f 1172//652 1170//663 1007//664
f 859//665 879//654 1023//653
f 1023//653 1007//664 859//665
f 707//666 729//655 879//654
f 879//654 859//665 707//666
f 563//667 579//656 729//655
f 729//655 707//666 563//667
f 506//668 514//657 579//656
f 579//656 563//667 506//668
f 450//669 457//658 514//657
f 514//657 506//668 450//669
f 420//670 442//659 457//658
f 457//658 450//669 420//670
f 412//671 432//660 442//659
f 442//659 420//670 412//671
f 1335//672 1345//661 1792//662
f 1792//662 1790//673 1335//672
f 1164//674 1170//663 1345//661
f 1345//661 1335//672 1164//674
f 995//675 1007//664 1170//663
f 1170//663 1164//674 995//675
f 847//676 859//665 1007//664
f 1007//664 995//675 847//676
f 681//677 707//666 859//665
f 859//665 847//676 681//677
f 547//678 563//667 707//666
f 707//666 681//677 547//678
f 494//679 506//668 563//667
f 563//667 547//678 494//679
f 440//680 450//669 506//668
f 506//668 494//679 440//680
f 410//681 420//670 450//669
f 450//669 440//680 410//681
f 398//682 412//671 420//670
f 420//670 410//681 398//682
f 1327//683 1335//672 1790//673
f 1790//673 1788//684 1327//683
f 1160//685 1164//674 1335//672
f 1335//672 1327//683 1160//685
f 988//686 995//675 1164//674
f 1164//674 1160//685 988//686
f 841//687 847//676 995//675
f 995//675 988//686 841//687
f 667//688 681//677 847//676
f 847//676 841//687 667//688
f 538//689 547//678 681//677
f 681//677 667//688 538//689
f 488//690 494//679 547//678
f 547//678 538//689 488//690
f 434//691 440//680 494//679
f 494//679 488//690 434//691
f 400//692 410//681 440//680
f 440//680 434//691 400//692
f 381//693 398//682 410//681
f 410//681 400//692 381//693
f 1324//694 1327//683 1788//684
f 1788//684 1785//695 1324//694
f 1156//696 1160//685 1327//683
f 1327//683 1324//694 1156//696
f 979//697 988//686 1160//685
f 1160//685 1156//696 979//697
f 837//698 841//687 988//686
f 988//686 979//697 837//698
f 659//699 667//688 841//687
f 841//687 837//698 659//699
f 534//700 538//689 667//688
f 667//688 659//699 534//700
f 484//701 488//690 538//689
f 538//689 534//700 484//701
f 428//702 434//691 488//690
f 488//690 484//701 428//702
f 395//703 400//692 434//691
f 434//691 428//702 395//703
f 374//704 381//693 400//692
f 400//692 395//703 374//704
f 572//705 616//353 600//354
f 600//354 562//706 572//705
f 605//707 654//355 616//353
f 616//353 572//705 605//707
f 680//708 737//356 654//355
f 654//355 605//707 680//708
f 782//709 822//357 737//356
f 737//356 680//708 782//709
f 892//710 914//358 822//357
f 822//357 782//709 892//710
f 978//711 1014//359 914//358
f 914//358 892//710 978//711
f 1094//712 1104//360 1014//359
f 1014//359 978//711 1094//712
f 1221//713 1237//361 1104//360
f 1104//360 1094//712 1221//713
f 1415//714 1433//362 1237//361
f 1237//361 1221//713 1415//714
f 1809//715 1819//363 1433//362
f 1433//362 1415//714 1809//715
f 531//716 572//705 562//706
f 562//706 525//717 531//716
f 566//718 605//707 572//705
f 572//705 531//716 566//718
f 629//719 680//708 605//707
f 605//707 566//718 629//719
f 740//720 782//709 680//708
f 680//708 629//719 740//720
f 850//721 892//710 782//709
f 782//709 740//720 850//721
f 964//722 978//711 892//710
f 892//710 850//721 964//722
f 1084//723 1094//712 978//711
f 978//711 964//722 1084//723
f 1213//724 1221//713 1094//712
f 1094//712 1084//723 1213//724
f 1401//725 1415//714 1221//713
f 1221//713 1213//724 1401//725
f 1931//726 1809//715 1415//714
f 1415//714 1401//725 1931//726
f 511//727 531//716 525//717
f 525//717 509//728 511//727
f 529//729 566//718 531//716
f 531//716 511//727 529//729
f 586//730 629//719 566//718
f 566//718 529//729 586//730
f 686//731 740//720 629//719
f 629//719 586//730 686//731
f 813//732 850//721 740//720
f 740//720 686//731 813//732
f 940//733 964//722 850//721
f 850//721 813//732 940//733
f 1069//734 1084//723 964//722
f 964//722 940//733 1069//734
f 1203//735 1213//724 1084//723
f 1084//723 1069//734 1203//735
f 1385//736 1401//725 1213//724
f 1213//724 1203//735 1385//736
f 1693//737 1931//726 1401//725
f 1401//725 1385//736 1693//737
f 493//738 511//727 509//728
f 509//728 483//739 493//738
f 513//740 529//729 511//727
f 511//727 493//738 513//740
f 554//741 586//730 529//729
f 529//729 513//740 554//741
f 639//742 686//731 586//730
f 586//730 554//741 639//742
f 786//743 813//732 686//731
f 686//731 639//742 786//743
f 918//744 940//733 813//732
f 813//732 786//743 918//744
f 1049//745 1069//734 940//733
f 940//733 918//744 1049//745
f 1193//746 1203//735 1069//734
f 1069//734 1049//745 1193//746
f 1376//747 1385//736 1203//735
f 1203//735 1193//746 1376//747
f 1712//748 1693//737 1385//736
f 1385//736 1376//747 1712//748
f 455//749 493//738 483//739
f 483//739 449//750 455//749
f 497//751 513//740 493//738
f 493//738 455//749 497//751
f 527//752 554//741 513//740
f 513//740 497//751 527//752
f 609//753 639//742 554//741
f 554//741 527//752 609//753
f 762//754 786//743 639//742
f 639//742 609//753 762//754
f 900//755 918//744 786//743
f 786//743 762//754 900//755
f 1038//756 1049//745 918//744
f 918//744 900//755 1038//756
f 1185//757 1193//746 1049//745
f 1049//745 1038//756 1185//757
f 1370//758 1376//747 1193//746
f 1193//746 1185//757 1370//758
f 1912//759 1712//748 1376//747
f 1376//747 1370//758 1912//759
f 443//760 455//749 449//750
f 449//750 433//761 443//760
f 458//762 497//751 455//749
f 455//749 443//760 458//762
f 515//763 527//752 497//751
f 497//751 458//762 515//763
f 580//764 609//753 527//752
f 527//752 515//763 580//764
f 730//765 762//754 609//753
f 609//753 580//764 730//765
f 880//766 900//755 762//754
f 762//754 730//765 880//766
f 1024//767 1038//756 900//755
f 900//755 880//766 1024//767
f 1173//768 1185//757 1038//756
f 1038//756 1024//767 1173//768
f 1356//769 1370//758 1185//757
f 1185//757 1173//768 1356//769
f 1797//770 1912//759 1370//758
f 1370//758 1356//769 1797//770
f 421//771 443//760 433//761
f 433//761 413//772 421//771
f 451//773 458//762 443//760
f 443//760 421//771 451//773
f 507//774 515//763 458//762
f 458//762 451//773 507//774
f 564//775 580//764 515//763
f 515//763 507//774 564//775
f 708//776 730//765 580//764
f 580//764 564//775 708//776
f 860//777 880//766 730//765
f 730//765 708//776 860//777
f 1008//778 1024//767 880//766
f 880//766 860//777 1008//778
f 1171//779 1173//768 1024//767
f 1024//767 1008//778 1171//779
f 1346//780 1356//769 1173//768
f 1173//768 1171//779 1346//780
f 1911//781 1797//770 1356//769
f 1356//769 1346//780 1911//781
f 411//782 421//771 413//772
f 413//772 399//783 411//782
f 441//784 451//773 421//771
f 421//771 411//782 441//784
f 495//785 507//774 451//773
f 451//773 441//784 495//785
f 548//786 564//775 507//774
f 507//774 495//785 548//786
f 682//787 708//776 564//775
f 564//775 548//786 682//787
f 848//788 860//777 708//776
f 708//776 682//787 848//788
f 996//789 1008//778 860//777
f 860//777 848//788 996//789
f 1165//790 1171//779 1008//778
f 1008//778 996//789 1165//790
f 1336//791 1346//780 1171//779
f 1171//779 1165//790 1336//791
f 1709//792 1911//781 1346//780
f 1346//780 1336//791 1709//792
f 401//793 411//782 399//783
f 399//783 382//794 401//793
f 435//795 441//784 411//782
f 411//782 401//793 435//795
f 489//796 495//785 441//784
f 441//784 435//795 489//796
f 539//797 548//786 495//785
f 495//785 489//796 539//797
f 668//798 682//787 548//786
f 548//786 539//797 668//798
f 842//799 848//788 682//787
f 682//787 668//798 842//799
f 987//800 996//789 848//788
f 848//788 842//799 987//800
f 1161//801 1165//790 996//789
f 996//789 987//800 1161//801
f 1328//802 1336//791 1165//790
f 1165//790 1161//801 1328//802
f 1708//803 1709//792 1336//791
f 1336//791 1328//802 1708//803
f 397//804 401//793 382//794
f 382//794 376//805 397//804
f 431//806 435//795 401//793
f 401//793 397//804 431//806
f 487//807 489//796 435//795
f 435//795 431//806 487//807
f 537//808 539//797 489//796
f 489//796 487//807 537//808
f 662//809 668//798 539//797
f 539//797 537//808 662//809
f 840//810 842//799 668//798
f 668//798 662//809 840//810
f 981//811 987//800 842//799
f 842//799 840//810 981//811
f 1159//812 1161//801 987//800
f 987//800 981//811 1159//812
f 1326//813 1328//802 1161//801
f 1161//801 1159//812 1326//813
f 1787//814 1708//803 1328//802
f 1328//802 1326//813 1787//814
f 2209//815 2194//474 1818//475
f 1818//475 1808//816 2209//815
f 2403//817 2391//476 2194//474
f 2194//474 2209//815 2403//817
f 2530//818 2518//477 2391//476
f 2391//476 2403//817 2530//818
f 2646//819 2614//478 2518//477
f 2518//477 2530//818 2646//819
f 2732//820 2712//479 2614//478
f 2614//478 2646//819 2732//820
f 2842//821 2806//480 2712//479
f 2712//479 2732//820 2842//821
f 2944//822 2890//481 2806//480
f 2806//480 2842//821 2944//822
f 3019//823 2974//482 2890//481
f 2890//481 2944//822 3019//823
f 3041//824 3009//483 2974//482
f 2974//482 3019//823 3041//824
f 3049//825 3025//484 3009//483
f 3009//483 3041//824 3049//825
f 2223//826 2209//815 1808//816
f 1808//816 1805//827 2223//826
f 2411//828 2403//817 2209//815
f 2209//815 2223//826 2411//828
f 2540//829 2530//818 2403//817
f 2403//817 2411//828 2540//829
f 2660//830 2646//819 2530//818
f 2530//818 2540//829 2660//830
f 2774//831 2732//820 2646//819
f 2646//819 2660//830 2774//831
f 2884//832 2842//821 2732//820
f 2732//820 2774//831 2884//832
f 2995//833 2944//822 2842//821
f 2842//821 2884//832 2995//833
f 3045//834 3019//823 2944//822
f 2944//822 2995//833 3045//834
f 3073//835 3041//824 3019//823
f 3019//823 3045//834 3073//835
f 3079//836 3049//825 3041//824
f 3041//824 3073//835 3079//836
f 2237//837 2223//826 1805//827
f 1805//827 1803//838 2237//837
f 2421//839 2411//828 2223//826
f 2223//826 2237//837 2421//839
f 2553//840 2540//829 2411//828
f 2411//828 2421//839 2553//840
f 2684//841 2660//830 2540//829
f 2540//829 2553//840 2684//841
f 2809//842 2774//831 2660//830
f 2660//830 2684//841 2809//842
f 2938//843 2884//832 2774//831
f 2774//831 2809//842 2938//843
f 3031//844 2995//833 2884//832
f 2884//832 2938//843 3031//844
f 3075//845 3045//834 2995//833
f 2995//833 3031//844 3075//845
f 3093//846 3073//835 3045//834
f 3045//834 3075//845 3093//846
f 3117//847 3079//836 3073//835
f 3073//835 3093//846 3117//847
f 2248//848 2237//837 1803//838
f 1803//838 1801//849 2248//848
f 2431//850 2421//839 2237//837
f 2237//837 2248//848 2431//850
f 2573//851 2553//840 2421//839
f 2421//839 2431//850 2573//851
f 2706//852 2684//841 2553//840
f 2553//840 2573//851 2706//852
f 2838//853 2809//842 2684//841
f 2684//841 2706//852 2838//853
f 2985//854 2938//843 2809//842
f 2809//842 2838//853 2985//854
f 3055//855 3031//844 2938//843
f 2938//843 2985//854 3055//855
f 3091//856 3075//845 3031//844
f 3031//844 3055//855 3091//856
f 3133//857 3093//846 3075//845
f 3075//845 3091//856 3133//857
f 3143//858 3117//847 3093//846
f 3093//846 3133//857 3143//858
f 2254//859 2248//848 1801//849
f 1801//849 1799//860 2254//859
f 2439//861 2431//850 2248//848
f 2248//848 2254//859 2439//861
f 2586//862 2573//851 2431//850
f 2431//850 2439//861 2586//862
f 2724//863 2706//852 2573//851
f 2573//851 2586//862 2724//863
f 2862//864 2838//853 2706//852
f 2706//852 2724//863 2862//864
f 3015//865 2985//854 2838//853
f 2838//853 2862//864 3015//865
f 3077//866 3055//855 2985//854
f 2985//854 3015//865 3077//866
f 3129//867 3091//856 3055//855
f 3055//855 3077//866 3129//867
f 3151//868 3133//857 3091//856
f 3091//856 3129//867 3151//868
f 3157//869 3143//858 3133//857
f 3133//857 3151//868 3157//869
f 2268//870 2254//859 1799//860
f 1799//860 1796//871 2268//870
f 2451//872 2439//861 2254//859
f 2254//859 2268//870 2451//872
f 2600//873 2586//862 2439//861
f 2439//861 2451//872 2600//873
f 2744//874 2724//863 2586//862
f 2586//862 2600//873 2744//874
f 2894//875 2862//864 2724//863
f 2724//863 2744//874 2894//875
f 3037//876 3015//865 2862//864
f 2862//864 2894//875 3037//876
f 3089//877 3077//866 3015//865
f 3015//865 3037//876 3089//877
f 3149//878 3129//867 3077//866
f 3077//866 3089//877 3149//878
f 3163//879 3151//868 3129//867
f 3129//867 3149//878 3163//879
f 3173//880 3157//869 3151//868
f 3151//868 3163//879 3173//880
f 2278//881 2268//870 1796//871
f 1796//871 1793//882 2278//881
f 2453//883 2451//872 2268//870
f 2268//870 2278//881 2453//883
f 2616//884 2600//873 2451//872
f 2451//872 2453//883 2616//884
f 2764//885 2744//874 2600//873
f 2600//873 2616//884 2764//885
f 2916//886 2894//875 2744//874
f 2744//874 2764//885 2916//886
f 3047//887 3037//876 2894//875
f 2894//875 2916//886 3047//887
f 3119//888 3089//877 3037//876
f 3037//876 3047//887 3119//888
f 3155//889 3149//878 3089//877
f 3089//877 3119//888 3155//889
f 3179//890 3163//879 3149//878
f 3149//878 3155//889 3179//890
f 3185//891 3173//880 3163//879
f 3163//879 3179//890 3185//891
f 2288//892 2278//881 1793//882
f 1793//882 1791//893 2288//892
f 2459//894 2453//883 2278//881
f 2278//881 2288//892 2459//894
f 2628//895 2616//884 2453//883
f 2453//883 2459//894 2628//895
f 2776//896 2764//885 2616//884
f 2616//884 2628//895 2776//896
f 2942//897 2916//886 2764//885
f 2764//885 2776//896 2942//897
f 3059//898 3047//887 2916//886
f 2916//886 2942//897 3059//898
f 3131//899 3119//888 3047//887
f 3047//887 3059//898 3131//899
f 3165//900 3155//889 3119//888
f 3119//888 3131//899 3165//900
f 3189//901 3179//890 3155//889
f 3155//889 3165//900 3189//901
f 3201//902 3185//891 3179//890
f 3179//890 3189//901 3201//902
f 2296//903 2288//892 1791//893
f 1791//893 1789//904 2296//903
f 2463//905 2459//894 2288//892
f 2288//892 2296//903 2463//905
f 2635//906 2628//895 2459//894
f 2459//894 2463//905 2635//906
f 2782//907 2776//896 2628//895
f 2628//895 2635//906 2782//907
f 2956//908 2942//897 2776//896
f 2776//896 2782//907 2956//908
f 3065//909 3059//898 2942//897
f 2942//897 2956//908 3065//909
f 3137//910 3131//899 3059//898
f 3059//898 3065//909 3137//910
f 3171//911 3165//900 3131//899
f 3131//899 3137//910 3171//911
f 3199//912 3189//901 3165//900
f 3165//900 3171//911 3199//912
f 3210//913 3201//902 3189//901
f 3189//901 3199//912 3210//913
f 2299//914 2296//903 1789//904
f 1789//904 1786//915 2299//914
f 2467//916 2463//905 2296//903
f 2296//903 2299//914 2467//916
f 2644//917 2635//906 2463//905
f 2463//905 2467//916 2644//917
f 2786//918 2782//907 2635//906
f 2635//906 2644//917 2786//918
f 2964//919 2956//908 2782//907
f 2782//907 2786//918 2964//919
f 3069//920 3065//909 2956//908
f 2956//908 2964//919 3069//920
f 3141//921 3137//910 3065//909
f 3065//909 3069//920 3141//921
f 3177//922 3171//911 3137//910
f 3137//910 3141//921 3177//922
f 3204//923 3199//912 3171//911
f 3171//911 3177//922 3204//923
f 3214//924 3210//913 3199//912
f 3199//912 3204//923 3214//924
f 3194//925 3202//584 3213//585
f 3213//585 3207//926 3194//925
f 3166//927 3175//928 3202//584
f 3202//584 3194//925 3166//927
f 3134//929 3139//930 3175//928
f 3175//928 3166//927 3134//929
f 3060//931 3067//932 3139//930
f 3139//930 3134//929 3060//931
f 2953//933 2962//934 3067//932
f 3067//932 3060//931 2953//933
f 2777//935 2784//936 2962//934
f 2962//934 2953//933 2777//935
f 2629//937 2643//938 2784//936
f 2784//936 2777//935 2629//937
f 2460//939 2465//940 2643//938
f 2643//938 2629//937 2460//939
f 2293//941 2298//942 2465//940
f 2465//940 2460//939 2293//941
f 1696//943 1785//944 2298//942
f 2298//942 2293//941 1696//943
f 3180//945 3194//925 3207//926
f 3207//926 3190//946 3180//945
f 3158//947 3166//927 3194//925
f 3194//925 3180//945 3158//947
f 3124//948 3134//929 3166//927
f 3166//927 3158//947 3124//948
f 3050//949 3060//931 3134//929
f 3134//929 3124//948 3050//949
f 2927//950 2953//933 3060//931
f 3060//931 3050//949 2927//950
f 2767//951 2777//935 2953//933
f 2953//933 2927//950 2767//951
f 2619//952 2629//937 2777//935
f 2777//935 2767//951 2619//952
f 2454//953 2460//939 2629//937
f 2629//937 2619//952 2454//953
f 2283//954 2293//941 2460//939
f 2460//939 2454//953 2283//954
f 1695//955 1696//943 2293//941
f 2293//941 2283//954 1695//955
f 3160//956 3180//945 3190//946
f 3190//946 3168//957 3160//956
f 3144//958 3158//947 3180//945
f 3180//945 3160//956 3144//958
f 3086//959 3124//948 3158//947
f 3158//947 3144//958 3086//959
f 3032//960 3050//949 3124//948
f 3124//948 3086//959 3032//960
f 2891//961 2927//950 3050//949
f 3050//949 3032//960 2891//961
f 2739//962 2767//951 2927//950
f 2927//950 2891//961 2739//962
f 2597//963 2619//952 2767//951
f 2767//951 2739//962 2597//963
f 2448//964 2454//953 2619//952
f 2619//952 2597//963 2448//964
f 2265//965 2283//954 2454//953
f 2454//953 2448//964 2265//965
f 1707//966 1695//955 2283//954
f 2283//954 2265//965 1707//966
f 3146//967 3160//956 3168//957
f 3168//957 3152//968 3146//967
f 3122//969 3144//958 3160//956
f 3160//956 3146//967 3122//969
f 3070//970 3086//959 3144//958
f 3144//958 3122//969 3070//970
f 2998//971 3032//960 3086//959
f 3086//959 3070//970 2998//971
f 2853//972 2891//961 3032//960
f 3032//960 2998//971 2853//972
f 2717//973 2739//962 2891//961
f 2891//961 2853//972 2717//973
f 2582//974 2597//963 2739//962
f 2739//962 2717//973 2582//974
f 2434//975 2448//964 2597//963
f 2597//963 2582//974 2434//975
f 2251//976 2265//965 2448//964
f 2448//964 2434//975 2251//976
f 1907//977 1707//966 2265//965
f 2265//965 2251//976 1907//977
f 3120//978 3146//967 3152//968
f 3152//968 3126//979 3120//978
f 3082//980 3122//969 3146//967
f 3146//967 3120//978 3082//980
f 3042//981 3070//970 3122//969
f 3122//969 3082//980 3042//981
f 2957//982 2998//971 3070//970
f 3070//970 3042//981 2957//982
f 2825//983 2853//972 2998//971
f 2998//971 2957//982 2825//983
f 2693//984 2717//973 2853//972
f 2853//972 2825//983 2693//984
f 2556//985 2582//974 2717//973
f 2717//973 2693//984 2556//985
f 2424//986 2434//975 2582//974
f 2582//974 2556//985 2424//986
f 2239//987 2251//976 2434//975
f 2434//975 2424//986 2239//987
f 1906//988 1907//977 2251//976
f 2251//976 2239//987 1906//988
f 3080//989 3120//978 3126//979
f 3126//979 3084//990 3080//989
f 3056//991 3082//980 3120//978
f 3120//978 3080//989 3056//991
f 3012//992 3042//981 3082//980
f 3082//980 3056//991 3012//992
f 2899//993 2957//982 3042//981
f 3042//981 3012//992 2899//993
f 2789//994 2825//983 2957//982
f 2957//982 2899//993 2789//994
f 2675//995 2693//984 2825//983
f 2825//983 2789//994 2675//995
f 2545//996 2556//985 2693//984
f 2693//984 2675//995 2545//996
f 2416//997 2424//986 2556//985
f 2556//985 2545//996 2416//997
f 2228//998 2239//987 2424//986
f 2424//986 2416//997 2228//998
f 1770//999 1906//988 2239//987
f 2239//987 2228//998 1770//999
f 3053//1000 3080//989 3084//990
f 3084//990 3062//1001 3053//1000
f 3028//1002 3056//991 3080//989
f 3080//989 3053//1000 3028//1002
f 2978//1003 3012//992 3056//991
f 3056//991 3028//1002 2978//1003
f 2860//1004 2899//993 3012//992
f 3012//992 2978//1003 2860//1004
f 2754//1005 2789//994 2899//993
f 2899//993 2860//1004 2754//1005
f 2652//1006 2675//995 2789//994
f 2789//994 2754//1005 2652//1006
f 2534//1007 2545//996 2675//995
f 2675//995 2652//1006 2534//1007
f 2406//1008 2416//997 2545//996
f 2545//996 2534//1007 2406//1008
f 2217//1009 2228//998 2416//997
f 2416//997 2406//1008 2217//1009
f 1929//1010 1770//999 2228//998
f 2228//998 2217//1009 1929//1010
f 3035//1011 3053//1000 3062//1001
f 3062//1001 3039//1012 3035//1011
f 2997//1013 3028//1002 3053//1000
f 3053//1000 3035//1011 2997//1013
f 2920//1014 2978//1003 3028//1002
f 3028//1002 2997//1013 2920//1014
f 2832//1015 2860//1004 2978//1003
f 2978//1003 2920//1014 2832//1015
f 2728//1016 2754//1005 2860//1004
f 2860//1004 2832//1015 2728//1016
f 2634//1017 2652//1006 2754//1005
f 2754//1005 2728//1016 2634//1017
f 2528//1018 2534//1007 2652//1006
f 2652//1006 2634//1017 2528//1018
f 2396//1019 2406//1008 2534//1007
f 2534//1007 2528//1018 2396//1019
f 2202//1020 2217//1009 2406//1008
f 2406//1008 2396//1019 2202//1020
f 1765//1021 1929//1010 2217//1009
f 2217//1009 2202//1020 1765//1021
f 3017//1022 3035//1011 3039//1012
f 3039//1012 3027//1023 3017//1022
f 2980//1024 2997//1013 3035//1011
f 3035//1011 3017//1022 2980//1024
f 2896//1025 2920//1014 2997//1013
f 2997//1013 2980//1024 2896//1025
f 2812//1026 2832//1015 2920//1014
f 2920//1014 2896//1025 2812//1026
f 2715//1027 2728//1016 2832//1015
f 2832//1015 2812//1026 2715//1027
f 2618//1028 2634//1017 2728//1016
f 2728//1016 2715//1027 2618//1028
f 2523//1029 2528//1018 2634//1017
f 2634//1017 2618//1028 2523//1029
f 2392//1030 2396//1019 2528//1018
f 2528//1018 2523//1029 2392//1030
f 2196//1031 2202//1020 2396//1019
f 2396//1019 2392//1030 2196//1031
f 1724//1032 1765//1021 2202//1020
f 2202//1020 2196//1031 1724//1032
f 3007//1033 3017//1022 3027//1023
f 3027//1023 3023//1034 3007//1033
f 2969//1035 2980//1024 3017//1022
f 3017//1022 3007//1033 2969//1035
f 2887//1036 2896//1025 2980//1024
f 2980//1024 2969//1035 2887//1036
f 2802//1037 2812//1026 2896//1025
f 2896//1025 2887//1036 2802//1037
f 2709//1038 2715//1027 2812//1026
f 2812//1026 2802//1037 2709//1038
f 2609//1039 2618//1028 2715//1027
f 2715//1027 2709//1038 2609//1039
f 2519//1040 2523//1029 2618//1028
f 2618//1028 2609//1039 2519//1040
f 2386//1041 2392//1030 2523//1029
f 2523//1029 2519//1040 2386//1041
f 2190//1042 2196//1031 2392//1030
f 2392//1030 2386//1041 2190//1042
f 1759//1043 1724//1032 2196//1031
f 2196//1031 2190//1042 1759//1043
f 1329//1044 1324//694 1785//695
f 1785//695 1782//1045 1329//1044
f 1162//1046 1157//1047 1324//694
f 1324//694 1329//1044 1162//1046
f 993//1048 982//1049 1157//1047
f 1157//1047 1162//1046 993//1048
f 845//1050 838//1051 982//1049
f 982//1049 993//1048 845//1050
f 669//1052 660//1053 838//1051
f 838//1051 845//1050 669//1052
f 542//1054 535//1055 660//1053
f 660//1053 669//1052 542//1054
f 490//1056 485//1057 535//1055
f 535//1055 542//1054 490//1056
f 438//1058 429//1059 485//1057
f 485//1057 490//1056 438//1058
f 404//1060 396//1061 429//1059
f 429//1059 438//1058 404//1060
f 387//1062 376//1063 396//1061
f 396//1061 404//1060 387//1062
f 1339//1064 1329//1044 1782//1045
f 1782//1045 1780//1065 1339//1064
f 1168//1066 1162//1046 1329//1044
f 1329//1044 1339//1064 1168//1066
f 1003//1067 993//1048 1162//1046
f 1162//1046 1168//1066 1003//1067
f 855//1068 845//1050 993//1048
f 993//1048 1003//1067 855//1068
f 695//1069 669//1052 845//1050
f 845//1050 855//1068 695//1069
f 559//1070 542//1054 669//1052
f 669//1052 695//1069 559//1070
f 500//1071 490//1056 542//1054
f 542//1054 559//1070 500//1071
f 446//1072 438//1058 490//1056
f 490//1056 500//1071 446//1072
f 416//1073 404//1060 438//1058
f 438//1058 446//1072 416//1073
f 408//1074 387//1062 404//1060
f 404//1060 416//1073 408//1074
f 1357//1075 1339//1064 1780//1065
f 1780//1065 1778//1076 1357//1075
f 1174//1077 1168//1066 1339//1064
f 1339//1064 1357//1075 1174//1077
f 1025//1078 1003//1067 1168//1066
f 1168//1066 1174//1077 1025//1078
f 883//1079 855//1068 1003//1067
f 1003//1067 1025//1078 883//1079
f 731//1080 695//1069 855//1068
f 855//1068 883//1079 731//1080
f 583//1081 559//1070 695//1069
f 695//1069 731//1080 583//1081
f 516//1082 500//1071 559//1070
f 559//1070 583//1081 516//1082
f 467//1083 446//1072 500//1071
f 500//1071 516//1082 467//1083
f 444//1084 416//1073 446//1072
f 446//1072 467//1083 444//1084
f 436//1085 408//1074 416//1073
f 416//1073 444//1084 436//1085
f 1371//1086 1357//1075 1778//1076
f 1778//1076 1776//1087 1371//1086
f 1188//1088 1174//1077 1357//1075
f 1357//1075 1371//1086 1188//1088
f 1042//1089 1025//1078 1174//1077
f 1174//1077 1188//1088 1042//1089
f 905//1090 883//1079 1025//1078
f 1025//1078 1042//1089 905//1090
f 769//1091 731//1080 883//1079
f 883//1079 905//1090 769//1091
f 624//1092 583//1081 731//1080
f 731//1080 769//1091 624//1092
f 532//1093 516//1082 583//1081
f 583//1081 624//1092 532//1093
f 502//1094 467//1083 516//1082
f 516//1082 532//1093 502//1094
f 459//1095 444//1084 467//1083
f 467//1083 502//1094 459//1095
f 452//1096 436//1085 444//1084
f 444//1084 459//1095 452//1096
f 1383//1097 1371//1086 1776//1087
f 1776//1087 1774//1098 1383//1097
f 1198//1099 1188//1088 1371//1086
f 1371//1086 1383//1097 1198//1099
f 1068//1100 1042//1089 1188//1088
f 1188//1088 1198//1099 1068//1100
f 929//1101 905//1090 1042//1089
f 1042//1089 1068//1100 929//1101
f 797//1102 769//1091 905//1090
f 905//1090 929//1101 797//1102
f 665//1103 624//1092 769//1091
f 769//1091 797//1102 665//1103
f 569//1104 532//1093 624//1092
f 624//1092 665//1103 569//1104
f 520//1105 502//1094 532//1093
f 532//1093 569//1104 520//1105
f 504//1106 459//1095 502//1094
f 502//1094 520//1105 504//1106
f 498//1107 452//1096 459//1095
f 459//1095 504//1106 498//1107
f 1394//1108 1383//1097 1774//1098
f 1774//1098 1771//1109 1394//1108
f 1206//1110 1198//1099 1383//1097
f 1383//1097 1394//1108 1206//1110
f 1077//1111 1068//1100 1198//1099
f 1198//1099 1206//1110 1077//1111
f 947//1112 929//1101 1068//1100
f 1068//1100 1077//1111 947//1112
f 833//1113 797//1102 929//1101
f 929//1101 947//1112 833//1113
f 723//1114 665//1103 797//1102
f 797//1102 833//1113 723//1114
f 610//1115 569//1104 665//1103
f 665//1103 723//1114 610//1115
f 549//1116 520//1105 569//1104
f 569//1104 610//1115 549//1116
f 522//1117 504//1106 520//1105
f 520//1105 549//1116 522//1117
f 518//1118 498//1107 504//1106
f 504//1106 522//1117 518//1118
f 1407//1119 1394//1108 1771//1109
f 1771//1109 1768//1120 1407//1119
f 1216//1121 1206//1110 1394//1108
f 1394//1108 1407//1119 1216//1121
f 1090//1122 1077//1111 1206//1110
f 1206//1110 1216//1121 1090//1122
f 972//1123 947//1112 1077//1111
f 1077//1111 1090//1122 972//1123
f 870//1124 833//1113 947//1112
f 947//1112 972//1123 870//1124
f 764//1125 723//1114 833//1113
f 833//1113 870//1124 764//1125
f 646//1126 610//1115 723//1114
f 723//1114 764//1125 646//1126
f 587//1127 549//1116 610//1115
f 610//1115 646//1126 587//1127
f 556//1128 522//1117 549//1116
f 549//1116 587//1127 556//1128
f 540//1129 518//1118 522//1117
f 522//1117 556//1128 540//1129
f 1420//1130 1407//1119 1768//1120
f 1768//1120 1764//1131 1420//1130
f 1226//1132 1216//1121 1407//1119
f 1407//1119 1420//1130 1226//1132
f 1096//1133 1090//1122 1216//1121
f 1216//1121 1226//1132 1096//1133
f 990//1134 972//1123 1090//1122
f 1090//1122 1096//1133 990//1134
f 896//1135 870//1124 972//1123
f 972//1123 990//1134 896//1135
f 792//1136 764//1125 870//1124
f 870//1124 896//1135 792//1136
f 704//1137 646//1126 764//1125
f 764//1125 792//1136 704//1137
f 627//1138 587//1127 646//1126
f 646//1126 704//1137 627//1138
f 582//1139 556//1128 587//1127
f 587//1127 627//1138 582//1139
f 574//1140 540//1129 556//1128
f 556//1128 582//1139 574//1140
f 1426//1141 1420//1130 1764//1131
f 1764//1131 1762//1142 1426//1141
f 1230//1143 1226//1132 1420//1130
f 1420//1130 1426//1141 1230//1143
f 1101//1144 1096//1133 1226//1132
f 1226//1132 1230//1143 1101//1144
f 1006//1145 990//1134 1096//1133
f 1096//1133 1101//1144 1006//1145
f 907//1146 896//1135 990//1134
f 990//1134 1006//1145 907//1146
f 812//1147 792//1136 896//1135
f 896//1135 907//1146 812//1147
f 728//1148 704//1137 792//1136
f 792//1136 812//1147 728//1148
f 644//1149 627//1138 704//1137
f 704//1137 728//1148 644//1149
f 607//1150 582//1139 627//1138
f 627//1138 644//1149 607//1150
f 592//1151 574//1140 582//1139
f 582//1139 607//1150 592//1151
f 1430//1152 1426//1141 1762//1142
f 1762//1142 1758//1153 1430//1152
f 1234//1154 1230//1143 1426//1141
f 1426//1141 1430//1152 1234//1154
f 1107//1155 1101//1144 1230//1143
f 1230//1143 1234//1154 1107//1155
f 1012//1156 1006//1145 1101//1144
f 1101//1144 1107//1155 1012//1156
f 912//1157 907//1146 1006//1145
f 1006//1145 1012//1156 912//1157
f 819//1158 812//1147 907//1146
f 907//1146 912//1157 819//1158
f 738//1159 728//1148 812//1147
f 812//1147 819//1158 738//1159
f 651//1160 644//1149 728//1148
f 728//1148 738//1159 651//1160
f 618//1161 607//1150 644//1149
f 644//1149 651//1160 618//1161
f 601//1162 592//1151 607//1150
f 607//1150 618//1161 601//1162
f 405//1163 397//804 376//805
f 376//805 388//1164 405//1163
f 439//1165 430//1166 397//804
f 397//804 405//1163 439//1165
f 491//1167 486//1168 430//1166
f 430//1166 439//1165 491//1167
f 543//1169 536//1170 486//1168
f 486//1168 491//1167 543//1169
f 670//1171 661//1172 536//1170
f 536//1170 543//1169 670//1171
f 846//1173 839//1174 661//1172
f 661//1172 670//1171 846//1173
f 994//1175 980//1176 839//1174
f 839//1174 846//1173 994//1175
f 1163//1177 1158//1178 980//1176
f 980//1176 994//1175 1163//1177
f 1330//1179 1325//1180 1158//1178
f 1158//1178 1163//1177 1330//1179
f 1926//1181 1786//1182 1325//1180
f 1325//1180 1330//1179 1926//1181
f 417//1183 405//1163 388//1164
f 388//1164 409//1184 417//1183
f 447//1185 439//1165 405//1163
f 405//1163 417//1183 447//1185
f 501//1186 491//1167 439//1165
f 439//1165 447//1185 501//1186
f 560//1187 543//1169 491//1167
f 491//1167 501//1186 560//1187
f 696//1188 670//1171 543//1169
f 543//1169 560//1187 696//1188
f 856//1189 846//1173 670//1171
f 670//1171 696//1188 856//1189
f 1004//1190 994//1175 846//1173
f 846//1173 856//1189 1004//1190
f 1169//1191 1163//1177 994//1175
f 994//1175 1004//1190 1169//1191
f 1340//1192 1330//1179 1163//1177
f 1163//1177 1169//1191 1340//1192
f 1925//1193 1926//1181 1330//1179
f 1330//1179 1340//1192 1925//1193
f 445//1194 417//1183 409//1184
f 409//1184 437//1195 445//1194
f 468//1196 447//1185 417//1183
f 417//1183 445//1194 468//1196
f 517//1197 501//1186 447//1185
f 447//1185 468//1196 517//1197
f 584//1198 560//1187 501//1186
f 501//1186 517//1197 584//1198
f 732//1199 696//1188 560//1187
f 560//1187 584//1198 732//1199
f 884//1200 856//1189 696//1188
f 696//1188 732//1199 884//1200
f 1026//1201 1004//1190 856//1189
f 856//1189 884//1200 1026//1201
f 1175//1202 1169//1191 1004//1190
f 1004//1190 1026//1201 1175//1202
f 1358//1203 1340//1192 1169//1191
f 1169//1191 1175//1202 1358//1203
f 1908//1204 1925//1193 1340//1192
f 1340//1192 1358//1203 1908//1204
f 460//1205 445//1194 437//1195
f 437//1195 453//1206 460//1205
f 503//1207 468//1196 445//1194
f 445//1194 460//1205 503//1207
f 533//1208 517//1197 468//1196
f 468//1196 503//1207 533//1208
f 625//1209 584//1198 517//1197
f 517//1197 533//1208 625//1209
f 770//1210 732//1199 584//1198
f 584//1198 625//1209 770//1210
f 906//1211 884//1200 732//1199
f 732//1199 770//1210 906//1211
f 1041//1212 1026//1201 884//1200
f 884//1200 906//1211 1041//1212
f 1189//1213 1175//1202 1026//1201
f 1026//1201 1041//1212 1189//1213
f 1372//1214 1358//1203 1175//1202
f 1175//1202 1189//1213 1372//1214
f 1706//1215 1908//1204 1358//1203
f 1358//1203 1372//1214 1706//1215
f 505//1216 460//1205 453//1206
f 453//1206 499//1217 505//1216
f 521//1218 503//1207 460//1205
f 460//1205 505//1216 521//1218
f 570//1219 533//1208 503//1207
f 503//1207 521//1218 570//1219
f 666//1220 625//1209 533//1208
f 533//1208 570//1219 666//1220
f 798//1221 770//1210 625//1209
f 625//1209 666//1220 798//1221
f 930//1222 906//1211 770//1210
f 770//1210 798//1221 930//1222
f 1067//1223 1041//1212 906//1211
f 906//1211 930//1222 1067//1223
f 1199//1224 1189//1213 1041//1212
f 1041//1212 1067//1223 1199//1224
f 1384//1225 1372//1214 1189//1213
f 1189//1213 1199//1224 1384//1225
f 1705//1226 1706//1215 1372//1214
f 1372//1214 1384//1225 1705//1226
f 523//1227 505//1216 499//1217
f 499//1217 519//1228 523//1227
f 550//1229 521//1218 505//1216
f 505//1216 523//1227 550//1229
f 611//1230 570//1219 521//1218
f 521//1218 550//1229 611//1230
f 724//1231 666//1220 570//1219
f 570//1219 611//1230 724//1231
f 834//1232 798//1221 666//1220
f 666//1220 724//1231 834//1232
f 948//1233 930//1222 798//1221
f 798//1221 834//1232 948//1233
f 1078//1234 1067//1223 930//1222
f 930//1222 948//1233 1078//1234
f 1207//1235 1199//1224 1067//1223
f 1067//1223 1078//1234 1207//1235
f 1395//1236 1384//1225 1199//1224
f 1199//1224 1207//1235 1395//1236
f 1773//1237 1705//1226 1384//1225
f 1384//1225 1395//1236 1773//1237
f 555//1238 523//1227 519//1228
f 519//1228 541//1239 555//1238
f 588//1240 550//1229 523//1227
f 523//1227 555//1238 588//1240
f 645//1241 611//1230 550//1229
f 550//1229 588//1240 645//1241
f 763//1242 724//1231 611//1230
f 611//1230 645//1241 763//1242
f 869//1243 834//1232 724//1231
f 724//1231 763//1242 869//1243
f 971//1244 948//1233 834//1232
f 834//1232 869//1243 971//1244
f 1089//1245 1078//1234 948//1233
f 948//1233 971//1244 1089//1245
f 1217//1246 1207//1235 1078//1234
f 1078//1234 1089//1245 1217//1246
f 1406//1247 1395//1236 1207//1235
f 1207//1235 1217//1246 1406//1247
f 1692//1248 1773//1237 1395//1236
f 1395//1236 1406//1247 1692//1248
f 581//1249 555//1238 541//1239
f 541//1239 573//1250 581//1249
f 626//1251 588//1240 555//1238
f 555//1238 581//1249 626//1251
f 703//1252 645//1241 588//1240
f 588//1240 626//1251 703//1252
f 791//1253 763//1242 645//1241
f 645//1241 703//1252 791//1253
f 895//1254 869//1243 763//1242
f 763//1242 791//1253 895//1254
f 989//1255 971//1244 869//1243
f 869//1243 895//1254 989//1255
f 1095//1256 1089//1245 971//1244
f 971//1244 989//1255 1095//1256
f 1227//1257 1217//1246 1089//1245
f 1089//1245 1095//1256 1227//1257
f 1421//1258 1406//1247 1217//1246
f 1217//1246 1227//1257 1421//1258
f 1766//1259 1692//1248 1406//1247
f 1406//1247 1421//1258 1766//1259
f 606//1260 581//1249 573//1250
f 573//1250 591//1261 606//1260
f 643//1262 626//1251 581//1249
f 581//1249 606//1260 643//1262
f 727//1263 703//1252 626//1251
f 626//1251 643//1262 727//1263
f 811//1264 791//1253 703//1252
f 703//1252 727//1263 811//1264
f 908//1265 895//1254 791//1253
f 791//1253 811//1264 908//1265
f 1005//1266 989//1255 895//1254
f 895//1254 908//1265 1005//1266
f 1100//1267 1095//1256 989//1255
f 989//1255 1005//1266 1100//1267
f 1231//1268 1227//1257 1095//1256
f 1095//1256 1100//1267 1231//1268
f 1427//1269 1421//1258 1227//1257
f 1227//1257 1231//1268 1427//1269
f 1897//1270 1766//1259 1421//1258
f 1421//1258 1427//1269 1897//1270
f 615//1271 606//1260 591//1261
f 591//1261 598//1272 615//1271
f 653//1273 643//1262 606//1260
f 606//1260 615//1271 653//1273
f 735//1274 727//1263 643//1262
f 643//1262 653//1273 735//1274
f 820//1275 811//1264 727//1263
f 727//1263 735//1274 820//1275
f 913//1276 908//1265 811//1264
f 811//1264 820//1275 913//1276
f 1013//1277 1005//1266 908//1265
f 908//1265 913//1276 1013//1277
f 1103//1278 1100//1267 1005//1266
f 1005//1266 1013//1277 1103//1278
f 1236//1279 1231//1268 1100//1267
f 1100//1267 1103//1278 1236//1279
f 1432//1280 1427//1269 1231//1268
f 1231//1268 1236//1279 1432//1280
f 1760//1281 1897//1270 1427//1269
f 1427//1269 1432//1280 1760//1281
f 2294//1282 2299//914 1786//915
f 1786//915 1783//1283 2294//1282
f 2461//1284 2466//1285 2299//914
f 2299//914 2294//1282 2461//1284
f 2630//1286 2641//1287 2466//1285
f 2466//1285 2461//1284 2630//1286
f 2778//1288 2785//1289 2641//1287
f 2641//1287 2630//1286 2778//1288
f 2954//1290 2963//1291 2785//1289
f 2785//1289 2778//1288 2954//1290
f 3061//1292 3068//1293 2963//1291
f 2963//1291 2954//1290 3061//1292
f 3135//1294 3140//1295 3068//1293
f 3068//1293 3061//1292 3135//1294
f 3167//1296 3176//1297 3140//1295
f 3140//1295 3135//1294 3167//1296
f 3195//1298 3203//1299 3176//1297
f 3176//1297 3167//1296 3195//1298
f 3208//1300 3213//1301 3203//1299
f 3203//1299 3195//1298 3208//1300
f 2284//1302 2294//1282 1783//1283
f 1783//1283 1781//1303 2284//1302
f 2455//1304 2461//1284 2294//1282
f 2294//1282 2284//1302 2455//1304
f 2620//1305 2630//1286 2461//1284
f 2461//1284 2455//1304 2620//1305
f 2768//1306 2778//1288 2630//1286
f 2630//1286 2620//1305 2768//1306
f 2928//1307 2954//1290 2778//1288
f 2778//1288 2768//1306 2928//1307
f 3051//1308 3061//1292 2954//1290
f 2954//1290 2928//1307 3051//1308
f 3125//1309 3135//1294 3061//1292
f 3061//1292 3051//1308 3125//1309
f 3159//1310 3167//1296 3135//1294
f 3135//1294 3125//1309 3159//1310
f 3181//1311 3195//1298 3167//1296
f 3167//1296 3159//1310 3181//1311
f 3191//1312 3208//1300 3195//1298
f 3195//1298 3181//1311 3191//1312
f 2266//1313 2284//1302 1781//1303
f 1781//1303 1779//1314 2266//1313
f 2449//1315 2455//1304 2284//1302
f 2284//1302 2266//1313 2449//1315
f 2598//1316 2620//1305 2455//1304
f 2455//1304 2449//1315 2598//1316
f 2740//1317 2768//1306 2620//1305
f 2620//1305 2598//1316 2740//1317
f 2892//1318 2928//1307 2768//1306
f 2768//1306 2740//1317 2892//1318
f 3033//1319 3051//1308 2928//1307
f 2928//1307 2892//1318 3033//1319
f 3087//1320 3125//1309 3051//1308
f 3051//1308 3033//1319 3087//1320
f 3145//1321 3159//1310 3125//1309
f 3125//1309 3087//1320 3145//1321
f 3161//1322 3181//1311 3159//1310
f 3159//1310 3145//1321 3161//1322
f 3169//1323 3191//1312 3181//1311
f 3181//1311 3161//1322 3169//1323
f 2252//1324 2266//1313 1779//1314
f 1779//1314 1777//1325 2252//1324
f 2435//1326 2449//1315 2266//1313
f 2266//1313 2252//1324 2435//1326
f 2581//1327 2598//1316 2449//1315
f 2449//1315 2435//1326 2581//1327
f 2718//1328 2740//1317 2598//1316
f 2598//1316 2581//1327 2718//1328
f 2854//1329 2892//1318 2740//1317
f 2740//1317 2718//1328 2854//1329
f 2999//1330 3033//1319 2892//1318
f 2892//1318 2854//1329 2999//1330
f 3071//1331 3087//1320 3033//1319
f 3033//1319 2999//1330 3071//1331
f 3123//1332 3145//1321 3087//1320
f 3087//1320 3071//1331 3123//1332
f 3147//1333 3161//1322 3145//1321
f 3145//1321 3123//1332 3147//1333
f 3153//1334 3169//1323 3161//1322
f 3161//1322 3147//1333 3153//1334
f 2240//1335 2252//1324 1777//1325
f 1777//1325 1775//1336 2240//1335
f 2425//1337 2435//1326 2252//1324
f 2252//1324 2240//1335 2425//1337
f 2555//1338 2581//1327 2435//1326
f 2435//1326 2425//1337 2555//1338
f 2694//1339 2718//1328 2581//1327
f 2581//1327 2555//1338 2694//1339
f 2826//1340 2854//1329 2718//1328
f 2718//1328 2694//1339 2826//1340
f 2958//1341 2999//1330 2854//1329
f 2854//1329 2826//1340 2958//1341
f 3043//1342 3071//1331 2999//1330
f 2999//1330 2958//1341 3043//1342
f 3083//1343 3123//1332 3071//1331
f 3071//1331 3043//1342 3083//1343
f 3121//1344 3147//1333 3123//1332
f 3123//1332 3083//1343 3121//1344
f 3127//1345 3153//1334 3147//1333
f 3147//1333 3121//1344 3127//1345
f 2229//1346 2240//1335 1775//1336
f 1775//1336 1772//1347 2229//1346
f 2417//1348 2425//1337 2240//1335
f 2240//1335 2229//1346 2417//1348
f 2546//1349 2555//1338 2425//1337
f 2425//1337 2417//1348 2546//1349
f 2676//1350 2694//1339 2555//1338
f 2555//1338 2546//1349 2676//1350
f 2790//1351 2826//1340 2694//1339
f 2694//1339 2676//1350 2790//1351
f 2900//1352 2958//1341 2826//1340
f 2826//1340 2790//1351 2900//1352
f 3013//1353 3043//1342 2958//1341
f 2958//1341 2900//1352 3013//1353
f 3057//1354 3083//1343 3043//1342
f 3043//1342 3013//1353 3057//1354
f 3081//1355 3121//1344 3083//1343
f 3083//1343 3057//1354 3081//1355
f 3085//1356 3127//1345 3121//1344
f 3121//1344 3081//1355 3085//1356
f 2216//1357 2229//1346 1772//1347
f 1772//1347 1769//1358 2216//1357
f 2407//1359 2417//1348 2229//1346
f 2229//1346 2216//1357 2407//1359
f 2533//1360 2546//1349 2417//1348
f 2417//1348 2407//1359 2533//1360
f 2651//1361 2676//1350 2546//1349
f 2546//1349 2533//1360 2651//1361
f 2753//1362 2790//1351 2676//1350
f 2676//1350 2651//1361 2753//1362
f 2859//1363 2900//1352 2790//1351
f 2790//1351 2753//1362 2859//1363
f 2977//1364 3013//1353 2900//1352
f 2900//1352 2859//1363 2977//1364
f 3029//1365 3057//1354 3013//1353
f 3013//1353 2977//1364 3029//1365
f 3052//1366 3081//1355 3057//1354
f 3057//1354 3029//1365 3052//1366
f 3063//1367 3085//1356 3081//1355
f 3081//1355 3052//1366 3063//1367
f 2203//1368 2216//1357 1769//1358
f 1769//1358 1767//1369 2203//1368
f 2397//1370 2407//1359 2216//1357
f 2216//1357 2203//1368 2397//1370
f 2527//1371 2533//1360 2407//1359
f 2407//1359 2397//1370 2527//1371
f 2633//1372 2651//1361 2533//1360
f 2533//1360 2527//1371 2633//1372
f 2727//1373 2753//1362 2651//1361
f 2651//1361 2633//1372 2727//1373
f 2831//1374 2859//1363 2753//1362
f 2753//1362 2727//1373 2831//1374
f 2919//1375 2977//1364 2859//1363
f 2859//1363 2831//1374 2919//1375
f 2996//1376 3029//1365 2977//1364
f 2977//1364 2919//1375 2996//1376
f 3034//1377 3052//1366 3029//1365
f 3029//1365 2996//1376 3034//1377
f 3038//1378 3063//1367 3052//1366
f 3052//1366 3034//1377 3038//1378
f 2197//1379 2203//1368 1767//1369
f 1767//1369 1763//1380 2197//1379
f 2393//1381 2397//1370 2203//1368
f 2203//1368 2197//1379 2393//1381
f 2522//1382 2527//1371 2397//1370
f 2397//1370 2393//1381 2522//1382
f 2617//1383 2633//1372 2527//1371
f 2527//1371 2522//1382 2617//1383
f 2716//1384 2727//1373 2633//1372
f 2633//1372 2617//1383 2716//1384
f 2811//1385 2831//1374 2727//1373
f 2727//1373 2716//1384 2811//1385
f 2895//1386 2919//1375 2831//1374
f 2831//1374 2811//1385 2895//1386
f 2979//1387 2996//1376 2919//1375
f 2919//1375 2895//1386 2979//1387
f 3016//1388 3034//1377 2996//1376
f 2996//1376 2979//1387 3016//1388
f 3026//1389 3038//1378 3034//1377
f 3034//1377 3016//1388 3026//1389
f 2193//1390 2197//1379 1763//1380
f 1763//1380 1761//1391 2193//1390
f 2389//1392 2393//1381 2197//1379
f 2197//1379 2193//1390 2389//1392
f 2516//1393 2522//1382 2393//1381
f 2393//1381 2389//1392 2516//1393
f 2610//1394 2617//1383 2522//1382
f 2522//1382 2516//1393 2610//1394
f 2710//1395 2716//1384 2617//1383
f 2617//1383 2610//1394 2710//1395
f 2803//1396 2811//1385 2716//1384
f 2716//1384 2710//1395 2803//1396
f 2885//1397 2895//1386 2811//1385
f 2811//1385 2803//1396 2885//1397
f 2971//1398 2979//1387 2895//1386
f 2895//1386 2885//1397 2971//1398
f 3005//1399 3016//1388 2979//1387
f 2979//1387 2971//1398 3005//1399
f 3022//1400 3026//1389 3016//1388
f 3016//1388 3005//1399 3022//1400
f 461//1401 545//1402 544//1403
f 544//1403 456//1404 461//1401
f 463//1405 551//1406 545//1402
f 545//1402 461//1401 463//1405
f 465//1407 557//1408 551//1406
f 551//1406 463//1405 465//1407
f 469//1409 567//1410 557//1408
f 557//1408 465//1407 469//1409
f 471//1411 575//1412 567//1410
f 567//1410 469//1409 471//1411
f 473//1413 577//1414 575//1412
f 575//1412 471//1411 473//1413
f 475//1415 589//1416 577//1414
f 577//1414 473//1413 475//1415
f 477//1417 593//1418 589//1416
f 589//1416 475//1415 477//1417
f 479//1419 595//1420 593//1418
f 593//1418 477//1417 479//1419
f 481//1421 599//1422 595//1420
f 595//1420 479//1419 481//1421
f 389//1423 461//1401 456//1404
f 456//1404 392//1424 389//1423
f 386//1425 463//1405 461//1401
f 461//1401 389//1423 386//1425
f 379//1426 465//1407 463//1405
f 463//1405 386//1425 379//1426
f 373//1427 469//1409 465//1407
f 465//1407 379//1426 373//1427
f 371//1428 471//1411 469//1409
f 469//1409 373//1427 371//1428
f 369//1429 473//1413 471//1411
f 471//1411 371//1428 369//1429
f 366//1430 475//1415 473//1413
f 473//1413 369//1429 366//1430
f 364//1431 477//1417 475//1415
f 475//1415 366//1430 364//1431
f 362//1432 479//1419 477//1417
f 477//1417 364//1431 362//1432
f 361//1433 481//1421 479//1419
f 479//1419 362//1432 361//1433
f 335//1434 389//1423 392//1424
f 392//1424 337//1435 335//1434
f 333//1436 386//1425 389//1423
f 389//1423 335//1434 333//1436
f 331//1437 379//1426 386//1425
f 386//1425 333//1436 331//1437
f 329//1438 373//1427 379//1426
f 379//1426 331//1437 329//1438
f 328//1439 371//1428 373//1427
f 373//1427 329//1438 328//1439
f 325//1440 369//1429 371//1428
f 371//1428 328//1439 325//1440
f 323//1441 366//1430 369//1429
f 369//1429 325//1440 323//1441
f 321//1442 364//1431 366//1430
f 366//1430 323//1441 321//1442
f 319//1443 362//1432 364//1431
f 364//1431 321//1442 319//1443
f 316//1444 361//1433 362//1432
f 362//1432 319//1443 316//1444
f 298//1445 335//1434 337//1435
f 337//1435 302//1446 298//1445
f 290//1447 333//1436 335//1434
f 335//1434 298//1445 290//1447
f 288//1448 331//1437 333//1436
f 333//1436 290//1447 288//1448
f 286//1449 329//1438 331//1437
f 331//1437 288//1448 286//1449
f 281//1450 328//1439 329//1438
f 329//1438 286//1449 281//1450
f 275//1451 325//1440 328//1439
f 328//1439 281//1450 275//1451
f 265//1452 323//1441 325//1440
f 325//1440 275//1451 265//1452
f 259//1453 321//1442 323//1441
f 323//1441 265//1452 259//1453
f 255//1454 319//1443 321//1442
f 321//1442 259//1453 255//1454
f 249//1455 316//1444 319//1443
f 319//1443 255//1454 249//1455
f 269//1456 298//1445 302//1446
f 302//1446 271//1457 269//1456
f 261//1458 290//1447 298//1445
f 298//1445 269//1456 261//1458
f 251//1459 288//1448 290//1447
f 290//1447 261//1458 251//1459
f 238//1460 286//1449 288//1448
f 288//1448 251//1459 238//1460
f 230//1461 281//1450 286//1449
f 286//1449 238//1460 230//1461
f 218//1462 275//1451 281//1450
f 281//1450 230//1461 218//1462
f 208//1463 265//1452 275//1451
f 275//1451 218//1462 208//1463
f 196//1464 259//1453 265//1452
f 265//1452 208//1463 196//1464
f 186//1465 255//1454 259//1453
f 259//1453 196//1464 186//1465
f 181//1466 249//1455 255//1454
f 255//1454 186//1465 181//1466
f 228//1467 269//1456 271//1457
f 271//1457 234//1468 228//1467
f 222//1469 261//1458 269//1456
f 269//1456 228//1467 222//1469
f 212//1470 251//1459 261//1458
f 261//1458 222//1469 212//1470
f 200//1471 238//1460 251//1459
f 251//1459 212//1470 200//1471
f 177//1472 230//1461 238//1460
f 238//1460 200//1471 177//1472
f 160//1473 218//1462 230//1461
f 230//1461 177//1472 160//1473
f 134//1474 208//1463 218//1462
f 218//1462 160//1473 134//1474
f 112//1475 196//1464 208//1463
f 208//1463 134//1474 112//1475
f 102//1476 186//1465 196//1464
f 196//1464 112//1475 102//1476
f 96//1477 181//1466 186//1465
f 186//1465 102//1476 96//1477
f 198//1478 228//1467 234//1468
f 234//1468 205//1479 198//1478
f 182//1480 222//1469 228//1467
f 228//1467 198//1478 182//1480
f 168//1481 212//1470 222//1469
f 222//1469 182//1480 168//1481
f 146//1482 200//1471 212//1470
f 212//1470 168//1481 146//1482
f 118//1483 177//1472 200//1471
f 200//1471 146//1482 118//1483
f 92//1484 160//1473 177//1472
f 177//1472 118//1483 92//1484
f 74//1485 134//1474 160//1473
f 160//1473 92//1484 74//1485
f 63//1486 112//1475 134//1474
f 134//1474 74//1485 63//1486
f 53//1487 102//1476 112//1475
f 112//1475 63//1486 53//1487
f 50//1488 96//1477 102//1476
f 102//1476 53//1487 50//1488
f 167//1489 198//1478 205//1479
f 205//1479 170//1490 167//1489
f 154//1491 182//1480 198//1478
f 198//1478 167//1489 154//1491
f 126//1492 168//1481 182//1480
f 182//1480 154//1491 126//1492
f 100//1493 146//1482 168//1481
f 168//1481 126//1492 100//1493
f 83//1494 118//1483 146//1482
f 146//1482 100//1493 83//1494
f 61//1495 92//1484 118//1483
f 118//1483 83//1494 61//1495
f 46//1496 74//1485 92//1484
f 92//1484 61//1495 46//1496
f 32//1497 63//1486 74//1485
f 74//1485 46//1496 32//1497
f 25//1498 53//1487 63//1486
f 63//1486 32//1497 25//1498
f 21//1499 50//1488 53//1487
f 53//1487 25//1498 21//1499
f 143//1500 167//1489 170//1490
f 170//1490 150//1501 143//1500
f 124//1502 154//1491 167//1489
f 167//1489 143//1500 124//1502
f 104//1503 126//1492 154//1491
f 154//1491 124//1502 104//1503
f 84//1504 100//1493 126//1492
f 126//1492 104//1503 84//1504
f 65//1505 83//1494 100//1493
f 100//1493 84//1504 65//1505
f 44//1506 61//1495 83//1494
f 83//1494 65//1505 44//1506
f 30//1507 46//1496 61//1495
f 61//1495 44//1506 30//1507
f 17//1508 32//1497 46//1496
f 46//1496 30//1507 17//1508
f 9//1509 25//1498 32//1497
f 32//1497 17//1508 9//1509
f 5//1510 21//1499 25//1498
f 25//1498 9//1509 5//1510
f 132//1511 143//1500 150//1501
f 150//1501 140//1512 132//1511
f 116//1513 124//1502 143//1500
f 143//1500 132//1511 116//1513
f 94//1514 104//1503 124//1502
f 124//1502 116//1513 94//1514
f 76//1515 84//1504 104//1503
f 104//1503 94//1514 76//1515
f 55//1516 65//1505 84//1504
f 84//1504 76//1515 55//1516
f 40//1517 44//1506 65//1505
f 65//1505 55//1516 40//1517
f 22//1518 30//1507 44//1506
f 44//1506 40//1517 22//1518
f 11//1519 17//1508 30//1507
f 30//1507 22//1518 11//1519
f 2//1520 9//1509 17//1508
f 17//1508 11//1519 2//1520
f 1//1521 5//1510 9//1509
f 9//1509 2//1520 1//1521
f 480//1522 596//1523 599//1422
f 599//1422 481//1421 480//1522
f 478//1524 594//1525 596//1523
f 596//1523 480//1522 478//1524
f 476//1526 590//1527 594//1525
f 594//1525 478//1524 476//1526
f 474//1528 578//1529 590//1527
f 590//1527 476//1526 474//1528
f 472//1530 576//1531 578//1529
f 578//1529 474//1528 472//1530
f 470//1532 568//1533 576//1531
f 576//1531 472//1530 470//1532
f 466//1534 558//1535 568//1533
f 568//1533 470//1532 466//1534
f 464//1536 552//1537 558//1535
f 558//1535 466//1534 464//1536
f 462//1538 546//1539 552//1537
f 552//1537 464//1536 462//1538
f 456//1404 544//1403 546//1539
f 546//1539 462//1538 456//1404
f 363//1540 480//1522 481//1421
f 481//1421 360//1541 363//1540
f 365//1542 478//1524 480//1522
f 480//1522 363//1540 365//1542
f 367//1543 476//1526 478//1524
f 478//1524 365//1542 367//1543
f 368//1544 474//1528 476//1526
f 476//1526 367//1543 368//1544
f 370//1545 472//1530 474//1528
f 474//1528 368//1544 370//1545
f 372//1546 470//1532 472//1530
f 472//1530 370//1545 372//1546
f 380//1547 466//1534 470//1532
f 470//1532 372//1546 380//1547
f 385//1548 464//1536 466//1534
f 466//1534 380//1547 385//1548
f 390//1549 462//1538 464//1536
f 464//1536 385//1548 390//1549
f 391//1550 456//1404 462//1538
f 462//1538 390//1549 391//1550
f 320//1551 363//1540 360//1541
f 360//1541 316//1552 320//1551
f 322//1553 365//1542 363//1540
f 363//1540 320//1551 322//1553
f 324//1554 367//1543 365//1542
f 365//1542 322//1553 324//1554
f 326//1555 368//1544 367//1543
f 367//1543 324//1554 326//1555
f 327//1556 370//1545 368//1544
f 368//1544 326//1555 327//1556
f 330//1557 372//1546 370//1545
f 370//1545 327//1556 330//1557
f 332//1558 380//1547 372//1546
f 372//1546 330//1557 332//1558
f 334//1559 385//1548 380//1547
f 380//1547 332//1558 334//1559
f 336//1560 390//1549 385//1548
f 385//1548 334//1559 336//1560
f 337//1561 391//1550 390//1549
f 390//1549 336//1560 337//1561
f 256//1562 320//1551 316//1552
f 316//1552 250//1563 256//1562
f 260//1564 322//1553 320//1551
f 320//1551 256//1562 260//1564
f 266//1565 324//1554 322//1553
f 322//1553 260//1564 266//1565
f 276//1566 326//1555 324//1554
f 324//1554 266//1565 276//1566
f 282//1567 327//1556 326//1555
f 326//1555 276//1566 282//1567
f 287//1568 330//1557 327//1556
f 327//1556 282//1567 287//1568
f 289//1569 332//1558 330//1557
f 330//1557 287//1568 289//1569
f 291//1570 334//1559 332//1558
f 332//1558 289//1569 291//1570
f 299//1571 336//1560 334//1559
f 334//1559 291//1570 299//1571
f 303//1572 337//1561 336//1560
f 336//1560 299//1571 303//1572
f 187//1573 256//1562 250//1563
f 250//1563 181//1574 187//1573
f 197//1575 260//1564 256//1562
f 256//1562 187//1573 197//1575
f 209//1576 266//1565 260//1564
f 260//1564 197//1575 209//1576
f 219//1577 276//1566 266//1565
f 266//1565 209//1576 219//1577
f 231//1578 282//1567 276//1566
f 276//1566 219//1577 231//1578
f 239//1579 287//1568 282//1567
f 282//1567 231//1578 239//1579
f 252//1580 289//1569 287//1568
f 287//1568 239//1579 252//1580
f 262//1581 291//1570 289//1569
f 289//1569 252//1580 262//1581
f 270//1582 299//1571 291//1570
f 291//1570 262//1581 270//1582
f 272//1583 303//1572 299//1571
f 299//1571 270//1582 272//1583
f 103//1584 187//1573 181//1574
f 181//1574 97//1585 103//1584
f 113//1586 197//1575 187//1573
f 187//1573 103//1584 113//1586
f 135//1587 209//1576 197//1575
f 197//1575 113//1586 135//1587
f 161//1588 219//1577 209//1576
f 209//1576 135//1587 161//1588
f 178//1589 231//1578 219//1577
f 219//1577 161//1588 178//1589
f 201//1590 239//1579 231//1578
f 231//1578 178//1589 201//1590
f 213//1591 252//1580 239//1579
f 239//1579 201//1590 213//1591
f 223//1592 262//1581 252//1580
f 252//1580 213//1591 223//1592
f 229//1593 270//1582 262//1581
f 262//1581 223//1592 229//1593
f 235//1594 272//1583 270//1582
f 270//1582 229//1593 235//1594
f 54//1595 103//1584 97//1585
f 97//1585 50//1488 54//1595
f 64//1596 113//1586 103//1584
f 103//1584 54//1595 64//1596
f 75//1597 135//1587 113//1586
f 113//1586 64//1596 75//1597
f 93//1598 161//1588 135//1587
f 135//1587 75//1597 93//1598
f 119//1599 178//1589 161//1588
f 161//1588 93//1598 119//1599
f 147//1600 201//1590 178//1589
f 178//1589 119//1599 147//1600
f 169//1601 213//1591 201//1590
f 201//1590 147//1600 169//1601
f 183//1602 223//1592 213//1591
f 213//1591 169//1601 183//1602
f 199//1603 229//1593 223//1592
f 223//1592 183//1602 199//1603
f 205//1604 235//1594 229//1593
f 229//1593 199//1603 205//1604
f 24//1605 54//1595 50//1488
f 50//1488 21//1499 24//1605
f 33//1606 64//1596 54//1595
f 54//1595 24//1605 33//1606
f 47//1607 75//1597 64//1596
f 64//1596 33//1606 47//1607
f 62//1608 93//1598 75//1597
f 75//1597 47//1607 62//1608
f 82//1609 119//1599 93//1598
f 93//1598 62//1608 82//1609
f 101//1610 147//1600 119//1599
f 119//1599 82//1609 101//1610
f 127//1611 169//1601 147//1600
f 147//1600 101//1610 127//1611
f 155//1612 183//1602 169//1601
f 169//1601 127//1611 155//1612
f 166//1613 199//1603 183//1602
f 183//1602 155//1612 166//1613
f 171//1614 205//1604 199//1603
f 199//1603 166//1613 171//1614
f 10//1615 24//1605 21//1499
f 21//1499 6//1616 10//1615
f 18//1617 33//1606 24//1605
f 24//1605 10//1615 18//1617
f 31//1618 47//1607 33//1606
f 33//1606 18//1617 31//1618
f 45//1619 62//1608 47//1607
f 47//1607 31//1618 45//1619
f 66//1620 82//1609 62//1608
f 62//1608 45//1619 66//1620
f 85//1621 101//1610 82//1609
f 82//1609 66//1620 85//1621
f 105//1622 127//1611 101//1610
f 101//1610 85//1621 105//1622
f 125//1623 155//1612 127//1611
f 127//1611 105//1622 125//1623
f 144//1624 166//1613 155//1612
f 155//1612 125//1623 144//1624
f 151//1625 171//1614 166//1613
f 166//1613 144//1624 151//1625
f 3//1626 10//1615 6//1616
f 6//1616 1//1521 3//1626
f 12//1627 18//1617 10//1615
f 10//1615 3//1626 12//1627
f 23//1628 31//1618 18//1617
f 18//1617 12//1627 23//1628
f 41//1629 45//1619 31//1618
f 31//1618 23//1628 41//1629
f 56//1630 66//1620 45//1619
f 45//1619 41//1629 56//1630
f 77//1631 85//1621 66//1620
f 66//1620 56//1630 77//1631
f 95//1632 105//1622 85//1621
f 85//1621 77//1631 95//1632
f 117//1633 125//1623 105//1622
f 105//1622 95//1632 117//1633
f 133//1634 144//1624 125//1623
f 125//1623 117//1633 133//1634
f 140//1512 151//1625 144//1624
f 144//1624 133//1634 140//1512
f 138//1635 132//1511 140//1512
f 140//1512 145//1636 138//1635
f 122//1637 116//1513 132//1511
f 132//1511 138//1635 122//1637
f 98//1638 94//1514 116//1513
f 116//1513 122//1637 98//1638
f 80//1639 76//1515 94//1514
f 94//1514 98//1638 80//1639
f 60//1640 55//1516 76//1515
f 76//1515 80//1639 60//1640
f 42//1641 40//1517 55//1516
f 55//1516 60//1640 42//1641
f 28//1642 22//1518 40//1517
f 40//1517 42//1641 28//1642
f 13//1643 11//1519 22//1518
f 22//1518 28//1642 13//1643
f 7//1644 2//1520 11//1519
f 11//1519 13//1643 7//1644
f 4//1645 1//1521 2//1520
f 2//1520 7//1644 4//1645
f 152//1646 138//1635 145//1636
f 145//1636 158//1647 152//1646
f 136//1648 122//1637 138//1635
f 138//1635 152//1646 136//1648
f 108//1649 98//1638 122//1637
f 122//1637 136//1648 108//1649
f 89//1650 80//1639 98//1638
f 98//1638 108//1649 89//1650
f 70//1651 60//1640 80//1639
f 80//1639 89//1650 70//1651
f 52//1652 42//1641 60//1640
f 60//1640 70//1651 52//1652
f 38//1653 28//1642 42//1641
f 42//1641 52//1652 38//1653
f 26//1654 13//1643 28//1642
f 28//1642 38//1653 26//1654
f 19//1655 7//1644 13//1643
f 13//1643 26//1654 19//1655
f 15//1656 4//1645 7//1644
f 7//1644 19//1655 15//1656
f 173//1657 152//1646 158//1647
f 158//1647 176//1658 173//1657
f 162//1659 136//1648 152//1646
f 152//1646 173//1657 162//1659
f 142//1660 108//1649 136//1648
f 136//1648 162//1659 142//1660
f 111//1661 89//1650 108//1649
f 108//1649 142//1660 111//1661
f 91//1662 70//1651 89//1650
f 89//1650 111//1661 91//1662
f 73//1663 52//1652 70//1651
f 70//1651 91//1662 73//1663
f 58//1664 38//1653 52//1652
f 52//1652 73//1663 58//1664
f 48//1665 26//1654 38//1653
f 38//1653 58//1664 48//1665
f 37//1666 19//1655 26//1654
f 26//1654 48//1665 37//1666
f 35//1667 15//1656 19//1655
f 19//1655 37//1666 35//1667
f 194//1668 173//1657 176//1658
f 176//1658 202//1669 194//1668
f 184//1670 162//1659 173//1657
f 173//1657 194//1668 184//1670
f 174//1671 142//1660 162//1659
f 162//1659 184//1670 174//1671
f 156//1672 111//1661 142//1660
f 142//1660 174//1671 156//1672
f 128//1673 91//1662 111//1661
f 111//1661 156//1672 128//1673
f 106//1674 73//1663 91//1662
f 91//1662 128//1673 106//1674
f 86//1675 58//1664 73//1663
f 73//1663 106//1674 86//1675
f 78//1676 48//1665 58//1664
f 58//1664 86//1675 78//1676
f 68//1677 37//1666 48//1665
f 48//1665 78//1676 68//1677
f 67//1678 35//1667 37//1666
f 37//1666 68//1677 67//1678
f 221//1679 194//1668 202//1669
f 202//1669 225//1680 221//1679
f 216//1681 184//1670 194//1668
f 194//1668 221//1679 216//1681
f 206//1682 174//1671 184//1670
f 184//1670 216//1681 206//1682
f 192//1683 156//1672 174//1671
f 174//1671 206//1682 192//1683
f 180//1684 128//1673 156//1672
f 156//1672 192//1683 180//1684
f 164//1685 106//1674 128//1673
f 128//1673 180//1684 164//1685
f 148//1686 86//1675 106//1674
f 106//1674 164//1685 148//1686
f 130//1687 78//1676 86//1675
f 86//1675 148//1686 130//1687
f 121//1688 68//1677 78//1676
f 78//1676 130//1687 121//1688
f 115//1689 67//1678 68//1677
f 68//1677 121//1688 115//1689
f 244//1690 221//1679 225//1680
f 225//1680 247//1691 244//1690
f 240//1692 216//1681 221//1679
f 221//1679 244//1690 240//1692
f 236//1693 206//1682 216//1681
f 216//1681 240//1692 236//1693
f 233//1694 192//1683 206//1682
f 206//1682 236//1693 233//1694
f 227//1695 180//1684 192//1683
f 192//1683 233//1694 227//1695
f 215//1696 164//1685 180//1684
f 180//1684 227//1695 215//1696
f 210//1697 148//1686 164//1685
f 164//1685 215//1696 210//1697
f 203//1698 130//1687 148//1686
f 148//1686 210//1697 203//1698
f 191//1699 121//1688 130//1687
f 130//1687 203//1698 191//1699
f 188//1700 115//1689 121//1688
f 121//1688 191//1699 188//1700
f 284//1701 244//1690 247//1691
f 247//1691 285//1702 284//1701
f 279//1703 240//1692 244//1690
f 244//1690 284//1701 279//1703
f 277//1704 236//1693 240//1692
f 240//1692 279//1703 277//1704
f 273//1705 233//1694 236//1693
f 236//1693 277//1704 273//1705
f 267//1706 227//1695 233//1694
f 233//1694 273//1705 267//1706
f 263//1707 215//1696 227//1695
f 227//1695 267//1706 263//1707
f 258//1708 210//1697 215//1696
f 215//1696 263//1707 258//1708
f 253//1709 203//1698 210//1697
f 210//1697 258//1708 253//1709
f 245//1710 191//1699 203//1698
f 203//1698 253//1709 245//1710
f 242//1711 188//1700 191//1699
f 191//1699 245//1710 242//1711
f 315//1712 284//1701 285//1702
f 285//1702 318//1713 315//1712
f 312//1714 279//1703 284//1701
f 284//1701 315//1712 312//1714
f 311//1715 277//1704 279//1703
f 279//1703 312//1714 311//1715
f 309//1716 273//1705 277//1704
f 277//1704 311//1715 309//1716
f 307//1717 267//1706 273//1705
f 273//1705 309//1716 307//1717
f 305//1718 263//1707 267//1706
f 267//1706 307//1717 305//1718
f 301//1719 258//1708 263//1707
f 263//1707 305//1718 301//1719
f 297//1720 253//1709 258//1708
f 258//1708 301//1719 297//1720
f 295//1721 245//1710 253//1709
f 253//1709 297//1720 295//1721
f 293//1722 242//1711 245//1710
f 245//1710 295//1721 293//1722
f 341//1723 315//1712 318//1713
f 318//1713 339//1724 341//1723
f 343//1725 312//1714 315//1712
f 315//1712 341//1723 343//1725
f 345//1726 311//1715 312//1714
f 312//1714 343//1725 345//1726
f 347//1727 309//1716 311//1715
f 311//1715 345//1726 347//1727
f 349//1728 307//1717 309//1716
f 309//1716 347//1727 349//1728
f 351//1729 305//1718 307//1717
f 307//1717 349//1728 351//1729
f 353//1730 301//1719 305//1718
f 305//1718 351//1729 353//1730
f 355//1731 297//1720 301//1719
f 301//1719 353//1730 355//1731
f 357//1732 295//1721 297//1720
f 297//1720 355//1731 357//1732
f 359//1733 293//1722 295//1721
f 295//1721 357//1732 359//1733
f 378//1734 341//1723 339//1724
f 339//1724 376//1735 378//1734
f 384//1736 343//1725 341//1723
f 341//1723 378//1734 384//1736
f 394//1737 345//1726 343//1725
f 343//1725 384//1736 394//1737
f 403//1738 347//1727 345//1726
f 345//1726 394//1737 403//1738
f 406//1739 349//1728 347//1727
f 347//1727 403//1738 406//1739
f 415//1740 351//1729 349//1728
f 349//1728 406//1739 415//1740
f 419//1741 353//1730 351//1729
f 351//1729 415//1740 419//1741
f 423//1742 355//1731 353//1730
f 353//1730 419//1741 423//1742
f 425//1743 357//1732 355//1731
f 355//1731 423//1742 425//1743
f 427//1744 359//1733 357//1732
f 357//1732 425//1743 427//1744
f 8//1745 3//1626 1//1521
f 1//1521 4//1645 8//1745
f 14//1746 12//1627 3//1626
f 3//1626 8//1745 14//1746
f 29//1747 23//1628 12//1627
f 12//1627 14//1746 29//1747
f 43//1748 41//1629 23//1628
f 23//1628 29//1747 43//1748
f 59//1749 56//1630 41//1629
f 41//1629 43//1748 59//1749
f 81//1750 77//1631 56//1630
f 56//1630 59//1749 81//1750
f 99//1751 95//1632 77//1631
f 77//1631 81//1750 99//1751
f 123//1752 117//1633 95//1632
f 95//1632 99//1751 123//1752
f 139//1753 133//1634 117//1633
f 117//1633 123//1752 139//1753
f 145//1636 140//1512 133//1634
f 133//1634 139//1753 145//1636
f 20//1754 8//1745 4//1645
f 4//1645 16//1755 20//1754
f 27//1756 14//1746 8//1745
f 8//1745 20//1754 27//1756
f 39//1757 29//1747 14//1746
f 14//1746 27//1756 39//1757
f 51//1758 43//1748 29//1747
f 29//1747 39//1757 51//1758
f 71//1759 59//1749 43//1748
f 43//1748 51//1758 71//1759
f 88//1760 81//1750 59//1749
f 59//1749 71//1759 88//1760
f 109//1761 99//1751 81//1750
f 81//1750 88//1760 109//1761
f 137//1762 123//1752 99//1751
f 99//1751 109//1761 137//1762
f 153//1763 139//1753 123//1752
f 123//1752 137//1762 153//1763
f 159//1764 145//1636 139//1753
f 139//1753 153//1763 159//1764
f 36//1765 20//1754 16//1755
f 16//1755 34//1766 36//1765
f 49//1767 27//1756 20//1754
f 20//1754 36//1765 49//1767
f 57//1768 39//1757 27//1756
f 27//1756 49//1767 57//1768
f 72//1769 51//1758 39//1757
f 39//1757 57//1768 72//1769
f 90//1770 71//1759 51//1758
f 51//1758 72//1769 90//1770
f 110//1771 88//1760 71//1759
f 71//1759 90//1770 110//1771
f 141//1772 109//1761 88//1760
f 88//1760 110//1771 141//1772
f 163//1773 137//1762 109//1761
f 109//1761 141//1772 163//1773
f 172//1774 153//1763 137//1762
f 137//1762 163//1773 172//1774
f 176//1658 159//1764 153//1763
f 153//1763 172//1774 176//1658
f 69//1775 36//1765 34//1766
f 34//1766 67//1776 69//1775
f 79//1777 49//1767 36//1765
f 36//1765 69//1775 79//1777
f 87//1778 57//1768 49//1767
f 49//1767 79//1777 87//1778
f 107//1779 72//1769 57//1768
f 57//1768 87//1778 107//1779
f 129//1780 90//1770 72//1769
f 72//1769 107//1779 129//1780
f 157//1781 110//1771 90//1770
f 90//1770 129//1780 157//1781
f 175//1782 141//1772 110//1771
f 110//1771 157//1781 175//1782
f 185//1783 163//1773 141//1772
f 141//1772 175//1782 185//1783
f 195//1784 172//1774 163//1773
f 163//1773 185//1783 195//1784
f 202//1669 176//1658 172//1774
f 172//1774 195//1784 202//1669
f 120//1785 69//1775 67//1776
f 67//1776 114//1786 120//1785
f 131//1787 79//1777 69//1775
f 69//1775 120//1785 131//1787
f 149//1788 87//1778 79//1777
f 79//1777 131//1787 149//1788
f 165//1789 107//1779 87//1778
f 87//1778 149//1788 165//1789
f 179//1790 129//1780 107//1779
f 107//1779 165//1789 179//1790
f 193//1791 157//1781 129//1780
f 129//1780 179//1790 193//1791
f 207//1792 175//1782 157//1781
f 157//1781 193//1791 207//1792
f 217//1793 185//1783 175//1782
f 175//1782 207//1792 217//1793
f 220//1794 195//1784 185//1783
f 185//1783 217//1793 220//1794
f 224//1795 202//1669 195//1784
f 195//1784 220//1794 224//1795
f 190//1796 120//1785 114//1786
f 114//1786 189//1797 190//1796
f 204//1798 131//1787 120//1785
f 120//1785 190//1796 204//1798
f 211//1799 149//1788 131//1787
f 131//1787 204//1798 211//1799
f 214//1800 165//1789 149//1788
f 149//1788 211//1799 214//1800
f 226//1801 179//1790 165//1789
f 165//1789 214//1800 226//1801
f 232//1802 193//1791 179//1790
f 179//1790 226//1801 232//1802
f 237//1803 207//1792 193//1791
f 193//1791 232//1802 237//1803
f 241//1804 217//1793 207//1792
f 207//1792 237//1803 241//1804
f 243//1805 220//1794 217//1793
f 217//1793 241//1804 243//1805
f 248//1806 224//1795 220//1794
f 220//1794 243//1805 248//1806
f 246//1807 190//1796 189//1797
f 189//1797 242//1808 246//1807
f 254//1809 204//1798 190//1796
f 190//1796 246//1807 254//1809
f 257//1810 211//1799 204//1798
f 204//1798 254//1809 257//1810
f 264//1811 214//1800 211//1799
f 211//1799 257//1810 264//1811
f 268//1812 226//1801 214//1800
f 214//1800 264//1811 268//1812
f 274//1813 232//1802 226//1801
f 226//1801 268//1812 274//1813
f 278//1814 237//1803 232//1802
f 232//1802 274//1813 278//1814
f 280//1815 241//1804 237//1803
f 237//1803 278//1814 280//1815
f 283//1816 243//1805 241//1804
f 241//1804 280//1815 283//1816
f 285//1817 248//1806 243//1805
f 243//1805 283//1816 285//1817
f 294//1818 246//1807 242//1808
f 242//1808 292//1819 294//1818
f 296//1820 254//1809 246//1807
f 246//1807 294//1818 296//1820
f 300//1821 257//1810 254//1809
f 254//1809 296//1820 300//1821
f 304//1822 264//1811 257//1810
f 257//1810 300//1821 304//1822
f 306//1823 268//1812 264//1811
f 264//1811 304//1822 306//1823
f 308//1824 274//1813 268//1812
f 268//1812 306//1823 308//1824
f 310//1825 278//1814 274//1813
f 274//1813 308//1824 310//1825
f 313//1826 280//1815 278//1814
f 278//1814 310//1825 313//1826
f 314//1827 283//1816 280//1815
f 280//1815 313//1826 314//1827
f 317//1828 285//1817 283//1816
f 283//1816 314//1827 317//1828
f 356//1829 294//1818 292//1819
f 292//1819 358//1830 356//1829
f 354//1831 296//1820 294//1818
f 294//1818 356//1829 354//1831
f 352//1832 300//1821 296//1820
f 296//1820 354//1831 352//1832
f 350//1833 304//1822 300//1821
f 300//1821 352//1832 350//1833
f 348//1834 306//1823 304//1822
f 304//1822 350//1833 348//1834
f 346//1835 308//1824 306//1823
f 306//1823 348//1834 346//1835
f 344//1836 310//1825 308//1824
f 308//1824 346//1835 344//1836
f 342//1837 313//1826 310//1825
f 310//1825 344//1836 342//1837
f 340//1838 314//1827 313//1826
f 313//1826 342//1837 340//1838
f 338//1839 317//1828 314//1827
f 314//1827 340//1838 338//1839
f 424//1840 356//1829 358//1830
f 358//1830 426//1841 424//1840
f 422//1842 354//1831 356//1829
f 356//1829 424//1840 422//1842
f 418//1843 352//1832 354//1831
f 354//1831 422//1842 418//1843
f 414//1844 350//1833 352//1832
f 352//1832 418//1843 414//1844
f 407//1845 348//1834 350//1833
f 350//1833 414//1844 407//1845
f 402//1846 346//1835 348//1834
f 348//1834 407//1845 402//1846
f 393//1847 344//1836 346//1835
f 346//1835 402//1846 393//1847
f 383//1848 342//1837 344//1836
f 344//1836 393//1847 383//1848
f 377//1849 340//1838 342//1837
f 342//1837 383//1848 377//1849
f 375//1850 338//1839 340//1838
f 340//1838 377//1849 375//1850
f 3186//1851 3113//1852 3115//1853
f 3115//1853 3182//1854 3186//1851
f 3192//1855 3110//1856 3113//1852
f 3113//1852 3186//1851 3192//1855
f 3196//1857 3109//1858 3110//1856
f 3110//1856 3192//1855 3196//1857
f 3205//1859 3106//1860 3109//1858
f 3109//1858 3196//1857 3205//1859
f 3211//1861 3104//1862 3106//1860
f 3106//1860 3205//1859 3211//1861
f 3215//1863 3102//1864 3104//1862
f 3104//1862 3211//1861 3215//1863
f 3217//1865 3101//1866 3102//1864
f 3102//1864 3215//1863 3217//1865
f 3220//1867 3098//1868 3101//1866
f 3101//1866 3217//1865 3220//1867
f 3222//1869 3097//1870 3098//1868
f 3098//1868 3220//1867 3222//1869
f 3223//1871 3095//1872 3097//1870
f 3097//1870 3222//1869 3223//1871
f 3227//1873 3186//1851 3182//1854
f 3182//1854 3225//1874 3227//1873
f 3229//1875 3192//1855 3186//1851
f 3186//1851 3227//1873 3229//1875
f 3231//1876 3196//1857 3192//1855
f 3192//1855 3229//1875 3231//1876
f 3233//1877 3205//1859 3196//1857
f 3196//1857 3231//1876 3233//1877
f 3235//1878 3211//1861 3205//1859
f 3205//1859 3233//1877 3235//1878
f 3241//1879 3215//1863 3211//1861
f 3211//1861 3235//1878 3241//1879
f 3245//1880 3217//1865 3215//1863
f 3215//1863 3241//1879 3245//1880
f 3249//1881 3220//1867 3217//1865
f 3217//1865 3245//1880 3249//1881
f 3251//1882 3222//1869 3220//1867
f 3220//1867 3249//1881 3251//1882
f 3253//1883 3223//1871 3222//1869
f 3222//1869 3251//1882 3253//1883
f 3239//1884 3227//1873 3225//1874
f 3225//1874 3237//1885 3239//1884
f 3243//1886 3229//1875 3227//1873
f 3227//1873 3239//1884 3243//1886
f 3247//1887 3231//1876 3229//1875
f 3229//1875 3243//1886 3247//1887
f 3257//1888 3233//1877 3231//1876
f 3231//1876 3247//1887 3257//1888
f 3263//1889 3235//1878 3233//1877
f 3233//1877 3257//1888 3263//1889
f 3271//1890 3241//1879 3235//1878
f 3235//1878 3263//1889 3271//1890
f 3279//1891 3245//1880 3241//1879
f 3241//1879 3271//1890 3279//1891
f 3285//1892 3249//1881 3245//1880
f 3245//1880 3279//1891 3285//1892
f 3293//1893 3251//1882 3249//1881
f 3249//1881 3285//1892 3293//1893
f 3297//1894 3253//1883 3251//1882
f 3251//1882 3293//1893 3297//1894
f 3259//1895 3239//1884 3237//1885
f 3237//1885 3255//1896 3259//1895
f 3261//1897 3243//1886 3239//1884
f 3239//1884 3259//1895 3261//1897
f 3265//1898 3247//1887 3243//1886
f 3243//1886 3261//1897 3265//1898
f 3275//1899 3257//1888 3247//1887
f 3247//1887 3265//1898 3275//1899
f 3287//1900 3263//1889 3257//1888
f 3257//1888 3275//1899 3287//1900
f 3303//1901 3271//1890 3263//1889
f 3263//1889 3287//1900 3303//1901
f 3314//1902 3279//1891 3271//1890
f 3271//1890 3303//1901 3314//1902
f 3320//1903 3285//1892 3279//1891
f 3279//1891 3314//1902 3320//1903
f 3330//1904 3293//1893 3285//1892
f 3285//1892 3320//1903 3330//1904
f 3332//1905 3297//1894 3293//1893
f 3293//1893 3330//1904 3332//1905
f 3270//1906 3259//1895 3255//1896
f 3255//1896 3268//1907 3270//1906
f 3273//1908 3261//1897 3259//1895
f 3259//1895 3270//1906 3273//1908
f 3283//1909 3265//1898 3261//1897
f 3261//1897 3273//1908 3283//1909
f 3299//1910 3275//1899 3265//1898
f 3265//1898 3283//1909 3299//1910
f 3308//1911 3287//1900 3275//1899
f 3275//1899 3299//1910 3308//1911
f 3322//1912 3303//1901 3287//1900
f 3287//1900 3308//1911 3322//1912
f 3338//1913 3314//1902 3303//1901
f 3303//1901 3322//1912 3338//1913
f 3346//1914 3320//1903 3314//1902
f 3314//1902 3338//1913 3346//1914
f 3351//1915 3330//1904 3320//1903
f 3320//1903 3346//1914 3351//1915
f 3355//1916 3332//1905 3330//1904
f 3330//1904 3351//1915 3355//1916
f 3282//1917 3270//1906 3268//1907
f 3268//1907 3278//1918 3282//1917
f 3290//1919 3273//1908 3270//1906
f 3270//1906 3282//1917 3290//1919
f 3302//1920 3283//1909 3273//1908
f 3273//1908 3290//1919 3302//1920
f 3312//1921 3299//1910 3283//1909
f 3283//1909 3302//1920 3312//1921
f 3324//1922 3308//1911 3299//1910
f 3299//1910 3312//1921 3324//1922
f 3340//1923 3322//1912 3308//1911
f 3308//1911 3324//1922 3340//1923
f 3353//1924 3338//1913 3322//1912
f 3322//1912 3340//1923 3353//1924
f 3368//1925 3346//1914 3338//1913
f 3338//1913 3353//1924 3368//1925
f 3373//1926 3351//1915 3346//1914
f 3346//1914 3368//1925 3373//1926
f 3379//1927 3355//1916 3351//1915
f 3351//1915 3373//1926 3379//1927
f 3295//1928 3282//1917 3278//1918
f 3278//1918 3292//1929 3295//1928
f 3306//1930 3290//1919 3282//1917
f 3282//1917 3295//1928 3306//1930
f 3316//1931 3302//1920 3290//1919
f 3290//1919 3306//1930 3316//1931
f 3326//1932 3312//1921 3302//1920
f 3302//1920 3316//1931 3326//1932
f 3345//1933 3324//1922 3312//1921
f 3312//1921 3326//1932 3345//1933
f 3359//1934 3340//1923 3324//1922
f 3324//1922 3345//1933 3359//1934
f 3376//1935 3353//1924 3340//1923
f 3340//1923 3359//1934 3376//1935
f 3394//1936 3368//1925 3353//1924
f 3353//1924 3376//1935 3394//1936
f 3404//1937 3373//1926 3368//1925
f 3368//1925 3394//1936 3404//1937
f 3406//1938 3379//1927 3373//1926
f 3373//1926 3404//1937 3406//1938
f 3310//1939 3295//1928 3292//1929
f 3292//1929 3307//1940 3310//1939
f 3318//1941 3306//1930 3295//1928
f 3295//1928 3310//1939 3318//1941
f 3336//1942 3316//1931 3306//1930
f 3306//1930 3318//1941 3336//1942
f 3348//1943 3326//1932 3316//1931
f 3316//1931 3336//1942 3348//1943
f 3369//1944 3345//1933 3326//1932
f 3326//1932 3348//1943 3369//1944
f 3389//1945 3359//1934 3345//1933
f 3345//1933 3369//1944 3389//1945
f 3425//1946 3376//1935 3359//1934
f 3359//1934 3389//1945 3425//1946
f 3449//1947 3394//1936 3376//1935
f 3376//1935 3425//1946 3449//1947
f 3468//1948 3404//1937 3394//1936
f 3394//1936 3449//1947 3468//1948
f 3472//1949 3406//1938 3404//1937
f 3404//1937 3468//1948 3472//1949
f 3335//1950 3310//1939 3307//1940
f 3307//1940 3329//1951 3335//1950
f 3343//1952 3318//1941 3310//1939
f 3310//1939 3335//1950 3343//1952
f 3362//1953 3336//1942 3318//1941
f 3318//1941 3343//1952 3362//1953
f 3386//1954 3348//1943 3336//1942
f 3336//1942 3362//1953 3386//1954
f 3422//1955 3369//1944 3348//1943
f 3348//1943 3386//1954 3422//1955
f 3464//1956 3389//1945 3369//1944
f 3369//1944 3422//1955 3464//1956
f 3490//1957 3425//1946 3389//1945
f 3389//1945 3464//1956 3490//1957
f 3505//1958 3449//1947 3425//1946
f 3425//1946 3490//1957 3505//1958
f 3521//1959 3468//1948 3449//1947
f 3449//1947 3505//1958 3521//1959
f 3523//1960 3472//1949 3468//1948
f 3468//1948 3521//1959 3523//1960
f 3364//1961 3335//1950 3329//1951
f 3329//1951 3357//1962 3364//1961
f 3382//1963 3343//1952 3335//1950
f 3335//1950 3364//1961 3382//1963
f 3416//1964 3362//1953 3343//1952
f 3343//1952 3382//1963 3416//1964
f 3465//1965 3386//1954 3362//1953
f 3362//1953 3416//1964 3465//1965
f 3495//1966 3422//1955 3386//1954
f 3386//1954 3465//1965 3495//1966
f 3528//1967 3464//1956 3422//1955
f 3422//1955 3495//1966 3528//1967
f 3553//1968 3490//1957 3464//1956
f 3464//1956 3528//1967 3553//1968
f 3579//1969 3505//1958 3490//1957
f 3490//1957 3553//1968 3579//1969
f 3592//1970 3521//1959 3505//1958
f 3505//1958 3579//1969 3592//1970
f 3604//1971 3523//1960 3521//1959
f 3521//1959 3592//1970 3604//1971
f 3221//1972 3096//1973 3094//1974
f 3094//1974 3224//1975 3221//1972
f 3219//1976 3099//1977 3096//1973
f 3096//1973 3221//1972 3219//1976
f 3218//1978 3100//1979 3099//1977
f 3099//1977 3219//1976 3218//1978
f 3216//1980 3103//1981 3100//1979
f 3100//1979 3218//1978 3216//1980
f 3212//1982 3105//1983 3103//1981
f 3103//1981 3216//1980 3212//1982
f 3206//1984 3107//1985 3105//1983
f 3105//1983 3212//1982 3206//1984
f 3197//1986 3108//1987 3107//1985
f 3107//1985 3206//1984 3197//1986
f 3193//1988 3111//1989 3108//1987
f 3108//1987 3197//1986 3193//1988
f 3187//1990 3112//1991 3111//1989
f 3111//1989 3193//1988 3187//1990
f 3183//1992 3114//1993 3112//1991
f 3112//1991 3187//1990 3183//1992
f 3252//1994 3221//1972 3224//1975
f 3224//1975 3254//1995 3252//1994
f 3250//1996 3219//1976 3221//1972
f 3221//1972 3252//1994 3250//1996
f 3246//1997 3218//1978 3219//1976
f 3219//1976 3250//1996 3246//1997
f 3242//1998 3216//1980 3218//1978
f 3218//1978 3246//1997 3242//1998
f 3236//1999 3212//1982 3216//1980
f 3216//1980 3242//1998 3236//1999
f 3234//2000 3206//1984 3212//1982
f 3212//1982 3236//1999 3234//2000
f 3232//2001 3197//1986 3206//1984
f 3206//1984 3234//2000 3232//2001
f 3230//2002 3193//1988 3197//1986
f 3197//1986 3232//2001 3230//2002
f 3228//2003 3187//1990 3193//1988
f 3193//1988 3230//2002 3228//2003
f 3226//2004 3183//1992 3187//1990
f 3187//1990 3228//2003 3226//2004
f 3294//2005 3252//1994 3254//1995
f 3254//1995 3298//2006 3294//2005
f 3286//2007 3250//1996 3252//1994
f 3252//1994 3294//2005 3286//2007
f 3280//2008 3246//1997 3250//1996
f 3250//1996 3286//2007 3280//2008
f 3272//2009 3242//1998 3246//1997
f 3246//1997 3280//2008 3272//2009
f 3264//2010 3236//1999 3242//1998
f 3242//1998 3272//2009 3264//2010
f 3258//2011 3234//2000 3236//1999
f 3236//1999 3264//2010 3258//2011
f 3248//2012 3232//2001 3234//2000
f 3234//2000 3258//2011 3248//2012
f 3244//2013 3230//2002 3232//2001
f 3232//2001 3248//2012 3244//2013
f 3240//2014 3228//2003 3230//2002
f 3230//2002 3244//2013 3240//2014
f 3238//2015 3226//2004 3228//2003
f 3228//2003 3240//2014 3238//2015
f 3331//2016 3294//2005 3298//2006
f 3298//2006 3333//2017 3331//2016
f 3321//2018 3286//2007 3294//2005
f 3294//2005 3331//2016 3321//2018
f 3315//2019 3280//2008 3286//2007
f 3286//2007 3321//2018 3315//2019
f 3304//2020 3272//2009 3280//2008
f 3280//2008 3315//2019 3304//2020
f 3288//2021 3264//2010 3272//2009
f 3272//2009 3304//2020 3288//2021
f 3276//2022 3258//2011 3264//2010
f 3264//2010 3288//2021 3276//2022
f 3266//2023 3248//2012 3258//2011
f 3258//2011 3276//2022 3266//2023
f 3262//2024 3244//2013 3248//2012
f 3248//2012 3266//2023 3262//2024
f 3260//2025 3240//2014 3244//2013
f 3244//2013 3262//2024 3260//2025
f 3256//2026 3238//2015 3240//2014
f 3240//2014 3260//2025 3256//2026
f 3350//2027 3331//2016 3333//2017
f 3333//2017 3354//2028 3350//2027
f 3347//2029 3321//2018 3331//2016
f 3331//2016 3350//2027 3347//2029
f 3339//2030 3315//2019 3321//2018
f 3321//2018 3347//2029 3339//2030
f 3323//2031 3304//2020 3315//2019
f 3315//2019 3339//2030 3323//2031
f 3309//2032 3288//2021 3304//2020
f 3304//2020 3323//2031 3309//2032
f 3300//2033 3276//2022 3288//2021
f 3288//2021 3309//2032 3300//2033
f 3284//2034 3266//2023 3276//2022
f 3276//2022 3300//2033 3284//2034
f 3274//2035 3262//2024 3266//2023
f 3266//2023 3284//2034 3274//2035
f 3269//2036 3260//2025 3262//2024
f 3262//2024 3274//2035 3269//2036
f 3267//2037 3256//2026 3260//2025
f 3260//2025 3269//2036 3267//2037
f 3372//2038 3350//2027 3354//2028
f 3354//2028 3378//2039 3372//2038
f 3367//2040 3347//2029 3350//2027
f 3350//2027 3372//2038 3367//2040
f 3352//2041 3339//2030 3347//2029
f 3347//2029 3367//2040 3352//2041
f 3341//2042 3323//2031 3339//2030
f 3339//2030 3352//2041 3341//2042
f 3325//2043 3309//2032 3323//2031
f 3323//2031 3341//2042 3325//2043
f 3313//2044 3300//2033 3309//2032
f 3309//2032 3325//2043 3313//2044
f 3301//2045 3284//2034 3300//2033
f 3300//2033 3313//2044 3301//2045
f 3289//2046 3274//2035 3284//2034
f 3284//2034 3301//2045 3289//2046
f 3281//2047 3269//2036 3274//2035
f 3274//2035 3289//2046 3281//2047
f 3277//2048 3267//2037 3269//2036
f 3269//2036 3281//2047 3277//2048
f 3403//2049 3372//2038 3378//2039
f 3378//2039 3405//2050 3403//2049
f 3393//2051 3367//2040 3372//2038
f 3372//2038 3403//2049 3393//2051
f 3377//2052 3352//2041 3367//2040
f 3367//2040 3393//2051 3377//2052
f 3360//2053 3341//2042 3352//2041
f 3352//2041 3377//2052 3360//2053
f 3344//2054 3325//2043 3341//2042
f 3341//2042 3360//2053 3344//2054
f 3327//2055 3313//2044 3325//2043
f 3325//2043 3344//2054 3327//2055
f 3317//2056 3301//2045 3313//2044
f 3313//2044 3327//2055 3317//2056
f 3305//2057 3289//2046 3301//2045
f 3301//2045 3317//2056 3305//2057
f 3296//2058 3281//2047 3289//2046
f 3289//2046 3305//2057 3296//2058
f 3291//2059 3277//2048 3281//2047
f 3281//2047 3296//2058 3291//2059
f 3469//2060 3403//2049 3405//2050
f 3405//2050 3472//2061 3469//2060
f 3450//2062 3393//2051 3403//2049
f 3403//2049 3469//2060 3450//2062
f 3426//2063 3377//2052 3393//2051
f 3393//2051 3450//2062 3426//2063
f 3390//2064 3360//2053 3377//2052
f 3377//2052 3426//2063 3390//2064
f 3370//2065 3344//2054 3360//2053
f 3360//2053 3390//2064 3370//2065
f 3349//2066 3327//2055 3344//2054
f 3344//2054 3370//2065 3349//2066
f 3337//2067 3317//2056 3327//2055
f 3327//2055 3349//2066 3337//2067
f 3319//2068 3305//2057 3317//2056
f 3317//2056 3337//2067 3319//2068
f 3311//2069 3296//2058 3305//2057
f 3305//2057 3319//2068 3311//2069
f 3307//2070 3291//2059 3296//2058
f 3296//2058 3311//2069 3307//2070
f 3520//2071 3469//2060 3472//2061
f 3472//2061 3522//2072 3520//2071
f 3504//2073 3450//2062 3469//2060
f 3469//2060 3520//2071 3504//2073
f 3489//2074 3426//2063 3450//2062
f 3450//2062 3504//2073 3489//2074
f 3463//2075 3390//2064 3426//2063
f 3426//2063 3489//2074 3463//2075
f 3421//2076 3370//2065 3390//2064
f 3390//2064 3463//2075 3421//2076
f 3385//2077 3349//2066 3370//2065
f 3370//2065 3421//2076 3385//2077
f 3361//2078 3337//2067 3349//2066
f 3349//2066 3385//2077 3361//2078
f 3342//2079 3319//2068 3337//2067
f 3337//2067 3361//2078 3342//2079
f 3334//2080 3311//2069 3319//2068
f 3319//2068 3342//2079 3334//2080
f 3328//2081 3307//2070 3311//2069
f 3311//2069 3334//2080 3328//2081
f 3591//2082 3520//2071 3522//2072
f 3522//2072 3603//2083 3591//2082
f 3578//2084 3504//2073 3520//2071
f 3520//2071 3591//2082 3578//2084
f 3552//2085 3489//2074 3504//2073
f 3504//2073 3578//2084 3552//2085
f 3530//2086 3463//2075 3489//2074
f 3489//2074 3552//2085 3530//2086
f 3499//2087 3421//2076 3463//2075
f 3463//2075 3530//2086 3499//2087
f 3467//2088 3385//2077 3421//2076
f 3421//2076 3499//2087 3467//2088
f 3415//2089 3361//2078 3385//2077
f 3385//2077 3467//2088 3415//2089
f 3381//2090 3342//2079 3361//2078
f 3361//2078 3415//2089 3381//2090
f 3363//2091 3334//2080 3342//2079
f 3342//2079 3381//2090 3363//2091
f 3356//2092 3328//2081 3334//2080
f 3334//2080 3363//2091 3356//2092
f 3374//2093 3365//2094 3358//2095
f 3358//2095 3371//2096 3374//2093
f 3395//2097 3383//2098 3365//2094
f 3365//2094 3374//2093 3395//2097
f 3443//2099 3417//2100 3383//2098
f 3383//2098 3395//2097 3443//2099
f 3481//2101 3466//2102 3417//2100
f 3417//2100 3443//2099 3481//2101
f 3514//2103 3496//2104 3466//2102
f 3466//2102 3481//2101 3514//2103
f 3545//2105 3529//2106 3496//2104
f 3496//2104 3514//2103 3545//2105
f 3573//2107 3551//2108 3529//2106
f 3529//2106 3545//2105 3573//2107
f 3597//2109 3577//2110 3551//2108
f 3551//2108 3573//2107 3597//2109
f 3613//2111 3590//2112 3577//2110
f 3577//2110 3597//2109 3613//2111
f 3619//2113 3603//2083 3590//2112
f 3590//2112 3613//2111 3619//2113
f 3387//2114 3374//2093 3371//2096
f 3371//2096 3380//2115 3387//2114
f 3413//2116 3395//2097 3374//2093
f 3374//2093 3387//2114 3413//2116
f 3461//2117 3443//2099 3395//2097
f 3395//2097 3413//2116 3461//2117
f 3493//2118 3481//2101 3443//2099
f 3443//2099 3461//2117 3493//2118
f 3524//2119 3514//2103 3481//2101
f 3481//2101 3493//2118 3524//2119
f 3556//2120 3545//2105 3514//2103
f 3514//2103 3524//2119 3556//2120
f 3584//2121 3573//2107 3545//2105
f 3545//2105 3556//2120 3584//2121
f 3611//2122 3597//2109 3573//2107
f 3573//2107 3584//2121 3611//2122
f 3628//2123 3613//2111 3597//2109
f 3597//2109 3611//2122 3628//2123
f 3632//2124 3619//2113 3613//2111
f 3613//2111 3628//2123 3632//2124
f 3398//2125 3387//2114 3380//2115
f 3380//2115 3391//2126 3398//2125
f 3435//2127 3413//2116 3387//2114
f 3387//2114 3398//2125 3435//2127
f 3473//2128 3461//2117 3413//2116
f 3413//2116 3435//2127 3473//2128
f 3500//2129 3493//2118 3461//2117
f 3461//2117 3473//2128 3500//2129
f 3531//2130 3524//2119 3493//2118
f 3493//2118 3500//2129 3531//2130
f 3562//2131 3556//2120 3524//2119
f 3524//2119 3531//2130 3562//2131
f 3595//2132 3584//2121 3556//2120
f 3556//2120 3562//2131 3595//2132
f 3617//2133 3611//2122 3584//2121
f 3584//2121 3595//2132 3617//2133
f 3633//2134 3628//2123 3611//2122
f 3611//2122 3617//2133 3633//2134
f 3641//2135 3632//2124 3628//2123
f 3628//2123 3633//2134 3641//2135
f 3409//2136 3398//2125 3391//2126
f 3391//2126 3400//2137 3409//2136
f 3447//2138 3435//2127 3398//2125
f 3398//2125 3409//2136 3447//2138
f 3477//2139 3473//2128 3435//2127
f 3435//2127 3447//2138 3477//2139
f 3506//2140 3500//2129 3473//2128
f 3473//2128 3477//2139 3506//2140
f 3540//2141 3531//2130 3500//2129
f 3500//2129 3506//2140 3540//2141
f 3567//2142 3562//2131 3531//2130
f 3531//2130 3540//2141 3567//2142
f 3601//2143 3595//2132 3562//2131
f 3562//2131 3567//2142 3601//2143
f 3624//2144 3617//2133 3595//2132
f 3595//2132 3601//2143 3624//2144
f 3639//2145 3633//2134 3617//2133
f 3617//2133 3624//2144 3639//2145
f 3644//2146 3641//2135 3633//2134
f 3633//2134 3639//2145 3644//2146
f 3433//2147 3409//2136 3400//2137
f 3400//2137 3411//2148 3433//2147
f 3453//2149 3447//2138 3409//2136
f 3409//2136 3433//2147 3453//2149
f 3483//2150 3477//2139 3447//2138
f 3447//2138 3453//2149 3483//2150
f 3510//2151 3506//2140 3477//2139
f 3477//2139 3483//2150 3510//2151
f 3543//2152 3540//2141 3506//2140
f 3506//2140 3510//2151 3543//2152
f 3569//2153 3567//2142 3540//2141
f 3540//2141 3543//2152 3569//2153
f 3599//2154 3601//2143 3567//2142
f 3567//2142 3569//2153 3599//2154
f 3622//2155 3624//2144 3601//2143
f 3601//2143 3599//2154 3622//2155
f 3637//2156 3639//2145 3624//2144
f 3624//2144 3622//2155 3637//2156
f 3642//2157 3644//2146 3639//2145
f 3639//2145 3637//2156 3642//2157
f 3439//2158 3433//2147 3411//2148
f 3411//2148 3424//2159 3439//2158
f 3458//2160 3453//2149 3433//2147
f 3433//2147 3439//2158 3458//2160
f 3487//2161 3483//2150 3453//2149
f 3453//2149 3458//2160 3487//2161
f 3513//2162 3510//2151 3483//2150
f 3483//2150 3487//2161 3513//2162
f 3542//2163 3543//2152 3510//2151
f 3510//2151 3513//2162 3542//2163
f 3566//2164 3569//2153 3543//2152
f 3543//2152 3542//2163 3566//2164
f 3593//2165 3599//2154 3569//2153
f 3569//2153 3566//2164 3593//2165
f 3616//2166 3622//2155 3599//2154
f 3599//2154 3593//2165 3616//2166
f 3630//2167 3637//2156 3622//2155
f 3622//2155 3616//2166 3630//2167
f 3636//2168 3642//2157 3637//2156
f 3637//2156 3630//2167 3636//2168
f 3441//2169 3439//2158 3424//2159
f 3424//2159 3429//2170 3441//2169
f 3459//2171 3458//2160 3439//2158
f 3439//2158 3441//2169 3459//2171
f 3485//2172 3487//2161 3458//2160
f 3458//2160 3459//2171 3485//2172
f 3508//2173 3513//2162 3487//2161
f 3487//2161 3485//2172 3508//2173
f 3533//2174 3542//2163 3513//2162
f 3513//2162 3508//2173 3533//2174
f 3558//2175 3566//2164 3542//2163
f 3542//2163 3533//2174 3558//2175
f 3582//2176 3593//2165 3566//2164
f 3566//2164 3558//2175 3582//2176
f 3607//2177 3616//2166 3593//2165
f 3593//2165 3582//2176 3607//2177
f 3620//2178 3630//2167 3616//2166
f 3616//2166 3607//2177 3620//2178
f 3626//2179 3636//2168 3630//2167
f 3630//2167 3620//2178 3626//2179
f 3437//2180 3441//2169 3429//2170
f 3429//2170 3427//2181 3437//2180
f 3455//2182 3459//2171 3441//2169
f 3441//2169 3437//2180 3455//2182
f 3479//2183 3485//2172 3459//2171
f 3459//2171 3455//2182 3479//2183
f 3502//2184 3508//2173 3485//2172
f 3485//2172 3479//2183 3502//2184
f 3526//2185 3533//2174 3508//2173
f 3508//2173 3502//2184 3526//2185
f 3547//2186 3558//2175 3533//2174
f 3533//2174 3526//2185 3547//2186
f 3571//2187 3582//2176 3558//2175
f 3558//2175 3547//2186 3571//2187
f 3588//2188 3607//2177 3582//2176
f 3582//2176 3571//2187 3588//2188
f 3605//2189 3620//2178 3607//2177
f 3607//2177 3588//2188 3605//2189
f 3609//2190 3626//2179 3620//2178
f 3620//2178 3605//2189 3609//2190
f 3419//2191 3437//2180 3427//2181
f 3427//2181 3408//2192 3419//2191
f 3445//2193 3455//2182 3437//2180
f 3437//2180 3419//2191 3445//2193
f 3470//2194 3479//2183 3455//2182
f 3455//2182 3445//2193 3470//2194
f 3492//2195 3502//2184 3479//2183
f 3479//2183 3470//2194 3492//2195
f 3517//2196 3526//2185 3502//2184
f 3502//2184 3492//2195 3517//2196
f 3536//2197 3547//2186 3526//2185
f 3526//2185 3517//2196 3536//2197
f 3554//2198 3571//2187 3547//2186
f 3547//2186 3536//2197 3554//2198
f 3575//2199 3588//2188 3571//2187
f 3571//2187 3554//2198 3575//2199
f 3580//2200 3605//2189 3588//2188
f 3588//2188 3575//2199 3580//2200
f 3587//2201 3609//2190 3605//2189
f 3605//2189 3580//2200 3587//2201
f 3401//2202 3419//2191 3408//2192
f 3408//2192 3397//2203 3401//2202
f 3431//2204 3445//2193 3419//2191
f 3419//2191 3401//2202 3431//2204
f 3451//2205 3470//2194 3445//2193
f 3445//2193 3431//2204 3451//2205
f 3475//2206 3492//2195 3470//2194
f 3470//2194 3451//2205 3475//2206
f 3497//2207 3517//2196 3492//2195
f 3492//2195 3475//2206 3497//2207
f 3518//2208 3536//2197 3517//2196
f 3517//2196 3497//2207 3518//2208
f 3537//2209 3554//2198 3536//2197
f 3536//2197 3518//2208 3537//2209
f 3549//2210 3575//2199 3554//2198
f 3554//2198 3537//2209 3549//2210
f 3560//2211 3580//2200 3575//2199
f 3575//2199 3549//2210 3560//2211
f 3564//2212 3587//2201 3580//2200
f 3580//2200 3560//2211 3564//2212
f 3614//2213 3591//2082 3603//2083
f 3603//2083 3619//2113 3614//2213
f 3598//2214 3578//2084 3591//2082
f 3591//2082 3614//2213 3598//2214
f 3574//2215 3552//2085 3578//2084
f 3578//2084 3598//2214 3574//2215
f 3546//2216 3530//2086 3552//2085
f 3552//2085 3574//2215 3546//2216
f 3515//2217 3499//2087 3530//2086
f 3530//2086 3546//2216 3515//2217
f 3482//2218 3467//2088 3499//2087
f 3499//2087 3515//2217 3482//2218
f 3444//2219 3418//2220 3467//2088
f 3467//2088 3482//2218 3444//2219
f 3396//2221 3384//2222 3418//2220
f 3418//2220 3444//2219 3396//2221
f 3375//2223 3366//2224 3384//2222
f 3384//2222 3396//2221 3375//2223
f 3371//2096 3358//2095 3366//2224
f 3366//2224 3375//2223 3371//2096
f 3629//2225 3614//2213 3619//2113
f 3619//2113 3632//2124 3629//2225
f 3612//2226 3598//2214 3614//2213
f 3614//2213 3629//2225 3612//2226
f 3585//2227 3574//2215 3598//2214
f 3598//2214 3612//2226 3585//2227
f 3557//2228 3546//2216 3574//2215
f 3574//2215 3585//2227 3557//2228
f 3525//2229 3515//2217 3546//2216
f 3546//2216 3557//2228 3525//2229
f 3494//2230 3482//2218 3515//2217
f 3515//2217 3525//2229 3494//2230
f 3462//2231 3444//2219 3482//2218
f 3482//2218 3494//2230 3462//2231
f 3414//2232 3396//2221 3444//2219
f 3444//2219 3462//2231 3414//2232
f 3388//2233 3375//2223 3396//2221
f 3396//2221 3414//2232 3388//2233
f 3380//2115 3371//2096 3375//2223
f 3375//2223 3388//2233 3380//2115
f 3634//2234 3629//2225 3632//2124
f 3632//2124 3641//2135 3634//2234
f 3618//2235 3612//2226 3629//2225
f 3629//2225 3634//2234 3618//2235
f 3596//2236 3585//2227 3612//2226
f 3612//2226 3618//2235 3596//2236
f 3563//2237 3557//2228 3585//2227
f 3585//2227 3596//2236 3563//2237
f 3532//2238 3525//2229 3557//2228
f 3557//2228 3563//2237 3532//2238
f 3501//2239 3494//2230 3525//2229
f 3525//2229 3532//2238 3501//2239
f 3474//2240 3462//2231 3494//2230
f 3494//2230 3501//2239 3474//2240
f 3436//2241 3414//2232 3462//2231
f 3462//2231 3474//2240 3436//2241
f 3399//2242 3388//2233 3414//2232
f 3414//2232 3436//2241 3399//2242
f 3392//2243 3380//2115 3388//2233
f 3388//2233 3399//2242 3392//2243
f 3640//2244 3634//2234 3641//2135
f 3641//2135 3644//2146 3640//2244
f 3625//2245 3618//2235 3634//2234
f 3634//2234 3640//2244 3625//2245
f 3602//2246 3596//2236 3618//2235
f 3618//2235 3625//2245 3602//2246
f 3568//2247 3563//2237 3596//2236
f 3596//2236 3602//2246 3568//2247
f 3539//2248 3532//2238 3563//2237
f 3563//2237 3568//2247 3539//2248
f 3507//2249 3501//2239 3532//2238
f 3532//2238 3539//2248 3507//2249
f 3478//2250 3474//2240 3501//2239
f 3501//2239 3507//2249 3478//2250
f 3448//2251 3436//2241 3474//2240
f 3474//2240 3478//2250 3448//2251
f 3410//2252 3399//2242 3436//2241
f 3436//2241 3448//2251 3410//2252
f 3400//2253 3392//2243 3399//2242
f 3399//2242 3410//2252 3400//2253
f 3638//2254 3640//2244 3644//2146
f 3644//2146 3643//2255 3638//2254
f 3623//2256 3625//2245 3640//2244
f 3640//2244 3638//2254 3623//2256
f 3600//2257 3602//2246 3625//2245
f 3625//2245 3623//2256 3600//2257
f 3570//2258 3568//2247 3602//2246
f 3602//2246 3600//2257 3570//2258
f 3544//2259 3539//2248 3568//2247
f 3568//2247 3570//2258 3544//2259
f 3511//2260 3507//2249 3539//2248
f 3539//2248 3544//2259 3511//2260
f 3484//2261 3478//2250 3507//2249
f 3507//2249 3511//2260 3484//2261
f 3454//2262 3448//2251 3478//2250
f 3478//2250 3484//2261 3454//2262
f 3434//2263 3410//2252 3448//2251
f 3448//2251 3454//2262 3434//2263
f 3412//2264 3400//2253 3410//2252
f 3410//2252 3434//2263 3412//2264
f 3631//2265 3638//2254 3643//2255
f 3643//2255 3635//2266 3631//2265
f 3615//2267 3623//2256 3638//2254
f 3638//2254 3631//2265 3615//2267
f 3594//2268 3600//2257 3623//2256
f 3623//2256 3615//2267 3594//2268
f 3565//2269 3570//2258 3600//2257
f 3600//2257 3594//2268 3565//2269
f 3541//2270 3544//2259 3570//2258
f 3570//2258 3565//2269 3541//2270
f 3512//2271 3511//2260 3544//2259
f 3544//2259 3541//2270 3512//2271
f 3488//2272 3484//2261 3511//2260
f 3511//2260 3512//2271 3488//2272
f 3457//2273 3454//2262 3484//2261
f 3484//2261 3488//2272 3457//2273
f 3440//2274 3434//2263 3454//2262
f 3454//2262 3457//2273 3440//2274
f 3423//2275 3412//2264 3434//2263
f 3434//2263 3440//2274 3423//2275
f 3621//2276 3631//2265 3635//2266
f 3635//2266 3627//2277 3621//2276
f 3608//2278 3615//2267 3631//2265
f 3631//2265 3621//2276 3608//2278
f 3583//2279 3594//2268 3615//2267
f 3615//2267 3608//2278 3583//2279
f 3559//2280 3565//2269 3594//2268
f 3594//2268 3583//2279 3559//2280
f 3534//2281 3541//2270 3565//2269
f 3565//2269 3559//2280 3534//2281
f 3509//2282 3512//2271 3541//2270
f 3541//2270 3534//2281 3509//2282
f 3486//2283 3488//2272 3512//2271
f 3512//2271 3509//2282 3486//2283
f 3460//2284 3457//2273 3488//2272
f 3488//2272 3486//2283 3460//2284
f 3442//2285 3440//2274 3457//2273
f 3457//2273 3460//2284 3442//2285
f 3430//2286 3423//2275 3440//2274
f 3440//2274 3442//2285 3430//2286
f 3606//2287 3621//2276 3627//2277
f 3627//2277 3610//2288 3606//2287
f 3589//2289 3608//2278 3621//2276
f 3621//2276 3606//2287 3589//2289
f 3572//2290 3583//2279 3608//2278
f 3608//2278 3589//2289 3572//2290
f 3548//2291 3559//2280 3583//2279
f 3583//2279 3572//2290 3548//2291
f 3527//2292 3534//2281 3559//2280
f 3559//2280 3548//2291 3527//2292
f 3503//2293 3509//2282 3534//2281
f 3534//2281 3527//2292 3503//2293
f 3480//2294 3486//2283 3509//2282
f 3509//2282 3503//2293 3480//2294
f 3456//2295 3460//2284 3486//2283
f 3486//2283 3480//2294 3456//2295
f 3438//2296 3442//2285 3460//2284
f 3460//2284 3456//2295 3438//2296
f 3428//2297 3430//2286 3442//2285
f 3442//2285 3438//2296 3428//2297
f 3581//2298 3606//2287 3610//2288
f 3610//2288 3586//2299 3581//2298
f 3576//2300 3589//2289 3606//2287
f 3606//2287 3581//2298 3576//2300
f 3555//2301 3572//2290 3589//2289
f 3589//2289 3576//2300 3555//2301
f 3535//2302 3548//2291 3572//2290
f 3572//2290 3555//2301 3535//2302
f 3516//2303 3527//2292 3548//2291
f 3548//2291 3535//2302 3516//2303
f 3491//2304 3503//2293 3527//2292
f 3527//2292 3516//2303 3491//2304
f 3471//2305 3480//2294 3503//2293
f 3503//2293 3491//2304 3471//2305
f 3446//2306 3456//2295 3480//2294
f 3480//2294 3471//2305 3446//2306
f 3420//2307 3438//2296 3456//2295
f 3456//2295 3446//2306 3420//2307
f 3407//2308 3428//2297 3438//2296
f 3438//2296 3420//2307 3407//2308
f 3561//2309 3581//2298 3586//2299
f 3586//2299 3564//2310 3561//2309
f 3550//2311 3576//2300 3581//2298
f 3581//2298 3561//2309 3550//2311
f 3538//2312 3555//2301 3576//2300
f 3576//2300 3550//2311 3538//2312
f 3519//2313 3535//2302 3555//2301
f 3555//2301 3538//2312 3519//2313
f 3498//2314 3516//2303 3535//2302
f 3535//2302 3519//2313 3498//2314
f 3476//2315 3491//2304 3516//2303
f 3516//2303 3498//2314 3476//2315
f 3452//2316 3471//2305 3491//2304
f 3491//2304 3476//2315 3452//2316
f 3432//2317 3446//2306 3471//2305
f 3471//2305 3452//2316 3432//2317
f 3402//2318 3420//2307 3446//2306
f 3446//2306 3432//2317 3402//2318
f 3397//2319 3407//2308 3420//2307
f 3420//2307 3402//2318 3397//2319
f 1888//2320 2110//2321 2104//2322
f 1888//2320 2104//2322 2096//2323
f 1888//2320 2096//2323 2076//2324
f 1888//2320 2076//2324 2048//2325
f 1888//2320 2048//2325 2030//2326
f 1888//2320 2030//2326 2006//2327
f 1888//2320 2006//2327 1982//2328
f 1888//2320 1982//2328 1960//2329
f 1888//2320 1960//2329 1936//2330
f 1888//2320 1936//2330 1732//2331
f 2257//2332 2104//2322 2110//2321
f 2110//2321 2261//2333 2257//2332
f 2249//2334 2096//2323 2104//2322
f 2104//2322 2257//2332 2249//2334
f 2226//2335 2076//2324 2096//2323
f 2096//2323 2249//2334 2226//2335
f 2200//2336 2048//2325 2076//2324
f 2076//2324 2226//2335 2200//2336
f 2142//2337 2030//2326 2048//2325
f 2048//2325 2200//2336 2142//2337
f 2094//2338 2006//2327 2030//2326
f 2030//2326 2142//2337 2094//2338
f 2036//2339 1982//2328 2006//2327
f 2006//2327 2094//2338 2036//2339
f 1988//2340 1960//2329 1982//2328
f 1982//2328 2036//2339 1988//2340
f 1948//2341 1936//2330 1960//2329
f 1960//2329 1988//2340 1948//2341
f 1728//2342 1732//2331 1936//2330
f 1936//2330 1948//2341 1728//2342
f 2310//2343 2257//2332 2261//2333
f 2261//2333 2315//2344 2310//2343
f 2300//2345 2249//2334 2257//2332
f 2257//2332 2310//2343 2300//2345
f 2279//2346 2226//2335 2249//2334
f 2249//2334 2300//2345 2279//2346
f 2243//2347 2200//2336 2226//2335
f 2226//2335 2279//2346 2243//2347
f 2204//2348 2142//2337 2200//2336
f 2200//2336 2243//2347 2204//2348
f 2132//2349 2094//2338 2142//2337
f 2142//2337 2204//2348 2132//2349
f 2067//2350 2036//2339 2094//2338
f 2094//2338 2132//2349 2067//2350
f 2000//2351 1988//2340 2036//2339
f 2036//2339 2067//2350 2000//2351
f 1956//2352 1948//2341 1988//2340
f 1988//2340 2000//2351 1956//2352
f 1734//2353 1728//2342 1948//2341
f 1948//2341 1956//2352 1734//2353
f 2312//2354 2310//2343 2315//2344
f 2315//2344 2316//2355 2312//2354
f 2302//2356 2300//2345 2310//2343
f 2310//2343 2312//2354 2302//2356
f 2281//2357 2279//2346 2300//2345
f 2300//2345 2302//2356 2281//2357
f 2245//2358 2243//2347 2279//2346
f 2279//2346 2281//2357 2245//2358
f 2206//2359 2204//2348 2243//2347
f 2243//2347 2245//2358 2206//2359
f 2134//2360 2132//2349 2204//2348
f 2204//2348 2206//2359 2134//2360
f 2068//2361 2067//2350 2132//2349
f 2132//2349 2134//2360 2068//2361
f 2002//2362 2000//2351 2067//2350
f 2067//2350 2068//2361 2002//2362
f 1958//2363 1956//2352 2000//2351
f 2000//2351 2002//2362 1958//2363
f 1878//2364 1734//2353 1956//2352
f 1956//2352 1958//2363 1878//2364
f 2285//2365 2312//2354 2316//2355
f 2316//2355 2289//2366 2285//2365
f 2259//2367 2302//2356 2312//2354
f 2312//2354 2285//2365 2259//2367
f 2241//2368 2281//2357 2302//2356
f 2302//2356 2259//2367 2241//2368
f 2214//2369 2245//2358 2281//2357
f 2281//2357 2241//2368 2214//2369
f 2168//2370 2206//2359 2245//2358
f 2245//2358 2214//2369 2168//2370
f 2106//2371 2134//2360 2206//2359
f 2206//2359 2168//2370 2106//2371
f 2042//2372 2068//2361 2134//2360
f 2134//2360 2106//2371 2042//2372
f 1994//2373 2002//2362 2068//2361
f 2068//2361 2042//2372 1994//2373
f 1952//2374 1958//2363 2002//2362
f 2002//2362 1994//2373 1952//2374
f 1731//2375 1878//2364 1958//2363
f 1958//2363 1952//2374 1731//2375
f 2220//2376 2285//2365 2289//2366
f 2289//2366 2225//2377 2220//2376
f 2210//2378 2259//2367 2285//2365
f 2285//2365 2220//2376 2210//2378
f 2186//2379 2241//2368 2259//2367
f 2259//2367 2210//2378 2186//2379
f 2146//2380 2214//2369 2241//2368
f 2241//2368 2186//2379 2146//2380
f 2108//2381 2168//2370 2214//2369
f 2214//2369 2146//2380 2108//2381
f 2060//2382 2106//2371 2168//2370
f 2168//2370 2108//2381 2060//2382
f 2018//2383 2042//2372 2106//2371
f 2106//2371 2060//2382 2018//2383
f 1978//2384 1994//2373 2042//2372
f 2042//2372 2018//2383 1978//2384
f 1944//2385 1952//2374 1994//2373
f 1994//2373 1978//2384 1944//2385
f 1727//2386 1731//2375 1952//2374
f 1952//2374 1944//2385 1727//2386
f 2141//2387 2220//2376 2225//2377
f 2225//2377 2145//2388 2141//2387
f 2127//2389 2210//2378 2220//2376
f 2220//2376 2141//2387 2127//2389
f 2112//2390 2186//2379 2210//2378
f 2210//2378 2127//2389 2112//2390
f 2084//2391 2146//2380 2186//2379
f 2186//2379 2112//2390 2084//2391
f 2044//2392 2108//2381 2146//2380
f 2146//2380 2084//2391 2044//2392
f 2024//2393 2060//2382 2108//2381
f 2108//2381 2044//2392 2024//2393
f 1992//2394 2018//2383 2060//2382
f 2060//2382 2024//2393 1992//2394
f 1970//2395 1978//2384 2018//2383
f 2018//2383 1992//2394 1970//2395
f 1942//2396 1944//2385 1978//2384
f 1978//2384 1970//2395 1942//2396
f 1721//2397 1727//2386 1944//2385
f 1944//2385 1942//2396 1721//2397
f 2079//2398 2141//2387 2145//2388
f 2145//2388 2087//2399 2079//2398
f 2075//2400 2127//2389 2141//2387
f 2141//2387 2079//2398 2075//2400
f 2055//2401 2112//2390 2127//2389
f 2127//2389 2075//2400 2055//2401
f 2039//2402 2084//2391 2112//2390
f 2112//2390 2055//2401 2039//2402
f 2021//2403 2044//2392 2084//2391
f 2084//2391 2039//2402 2021//2403
f 1996//2404 2024//2393 2044//2392
f 2044//2392 2021//2403 1996//2404
f 1974//2405 1992//2394 2024//2393
f 2024//2393 1996//2404 1974//2405
f 1954//2406 1970//2395 1992//2394
f 1992//2394 1974//2405 1954//2406
f 1934//2407 1942//2396 1970//2395
f 1970//2395 1954//2406 1934//2407
f 1720//2408 1721//2397 1942//2396
f 1942//2396 1934//2407 1720//2408
f 2063//2409 2079//2398 2087//2399
f 2087//2399 2071//2410 2063//2409
f 2051//2411 2075//2400 2079//2398
f 2079//2398 2063//2409 2051//2411
f 2041//2412 2055//2401 2075//2400
f 2075//2400 2051//2411 2041//2412
f 2029//2413 2039//2402 2055//2401
f 2055//2401 2041//2412 2029//2413
f 2013//2414 2021//2403 2039//2402
f 2039//2402 2029//2413 2013//2414
f 1991//2415 1996//2404 2021//2403
f 2021//2403 2013//2414 1991//2415
f 1972//2416 1974//2405 1996//2404
f 1996//2404 1991//2415 1972//2416
f 1950//2417 1954//2406 1974//2405
f 1974//2405 1972//2416 1950//2417
f 1932//2418 1934//2407 1954//2406
f 1954//2406 1950//2417 1932//2418
f 1701//2419 1720//2408 1934//2407
f 1934//2407 1932//2418 1701//2419
f 2115//2420 2063//2409 2071//2410
f 2071//2410 2123//2421 2115//2420
f 2101//2422 2051//2411 2063//2409
f 2063//2409 2115//2420 2101//2422
f 2081//2423 2041//2412 2051//2411
f 2051//2411 2101//2422 2081//2423
f 2057//2424 2029//2413 2041//2412
f 2041//2412 2081//2423 2057//2424
f 2033//2425 2013//2414 2029//2413
f 2029//2413 2057//2424 2033//2425
f 2009//2426 1991//2415 2013//2414
f 2013//2414 2033//2425 2009//2426
f 1984//2427 1972//2416 1991//2415
f 1991//2415 2009//2426 1984//2427
f 1964//2428 1950//2417 1972//2416
f 1972//2416 1984//2427 1964//2428
f 1938//2429 1932//2418 1950//2417
f 1950//2417 1964//2428 1938//2429
f 1698//2430 1701//2419 1932//2418
f 1932//2418 1938//2429 1698//2430
f 1888//2431 1886//2432 1686//2433
f 1888//2431 1686//2433 1662//2434
f 1888//2431 1662//2434 1640//2435
f 1888//2431 1640//2435 1616//2436
f 1888//2431 1616//2436 1592//2437
f 1888//2431 1592//2437 1574//2438
f 1888//2431 1574//2438 1546//2439
f 1888//2431 1546//2439 1526//2440
f 1888//2431 1526//2440 1518//2441
f 1888//2431 1518//2441 1512//2442
f 1674//2443 1686//2433 1886//2432
f 1886//2432 1884//2444 1674//2443
f 1634//2445 1662//2434 1686//2433
f 1686//2433 1674//2443 1634//2445
f 1586//2446 1640//2435 1662//2434
f 1662//2434 1634//2445 1586//2446
f 1528//2447 1616//2436 1640//2435
f 1640//2435 1586//2446 1528//2447
f 1480//2448 1592//2437 1616//2436
f 1616//2436 1528//2447 1480//2448
f 1422//2449 1574//2438 1592//2437
f 1592//2437 1480//2448 1422//2449
f 1396//2450 1546//2439 1574//2438
f 1574//2438 1422//2449 1396//2450
f 1373//2451 1526//2440 1546//2439
f 1546//2439 1396//2450 1373//2451
f 1365//2452 1518//2441 1526//2440
f 1526//2440 1373//2451 1365//2452
f 1361//2453 1512//2442 1518//2441
f 1518//2441 1365//2452 1361//2453
f 1666//2454 1674//2443 1884//2444
f 1884//2444 1882//2455 1666//2454
f 1622//2456 1634//2445 1674//2443
f 1674//2443 1666//2454 1622//2456
f 1557//2457 1586//2446 1634//2445
f 1634//2445 1622//2456 1557//2457
f 1490//2458 1528//2447 1586//2446
f 1586//2446 1557//2457 1490//2458
f 1418//2459 1480//2448 1528//2447
f 1528//2447 1490//2458 1418//2459
f 1379//2460 1422//2449 1480//2448
f 1480//2448 1418//2459 1379//2460
f 1343//2461 1396//2450 1422//2449
f 1422//2449 1379//2460 1343//2461
f 1322//2462 1373//2451 1396//2450
f 1396//2450 1343//2461 1322//2462
f 1312//2463 1365//2452 1373//2451
f 1373//2451 1322//2462 1312//2463
f 1309//2464 1361//2453 1365//2452
f 1365//2452 1312//2463 1309//2464
f 1664//2465 1666//2454 1882//2455
f 1882//2455 1879//2466 1664//2465
f 1620//2467 1622//2456 1666//2454
f 1666//2454 1664//2465 1620//2467
f 1554//2468 1557//2457 1622//2456
f 1622//2456 1620//2467 1554//2468
f 1488//2469 1490//2458 1557//2457
f 1557//2457 1554//2468 1488//2469
f 1416//2470 1418//2459 1490//2458
f 1490//2458 1488//2469 1416//2470
f 1377//2471 1379//2460 1418//2459
f 1418//2459 1416//2470 1377//2471
f 1341//2472 1343//2461 1379//2460
f 1379//2460 1377//2471 1341//2472
f 1320//2473 1322//2462 1343//2461
f 1343//2461 1341//2472 1320//2473
f 1310//2474 1312//2463 1322//2462
f 1322//2462 1320//2473 1310//2474
f 1306//2475 1309//2464 1312//2463
f 1312//2463 1310//2474 1306//2475
f 1670//2476 1664//2465 1879//2466
f 1879//2466 1876//2477 1670//2476
f 1628//2478 1620//2467 1664//2465
f 1664//2465 1670//2476 1628//2478
f 1580//2479 1554//2468 1620//2467
f 1620//2467 1628//2478 1580//2479
f 1516//2480 1488//2469 1554//2468
f 1554//2468 1580//2479 1516//2480
f 1454//2481 1416//2470 1488//2469
f 1488//2469 1516//2480 1454//2481
f 1408//2482 1377//2471 1416//2470
f 1416//2470 1454//2481 1408//2482
f 1381//2483 1341//2472 1377//2471
f 1377//2471 1408//2482 1381//2483
f 1363//2484 1320//2473 1341//2472
f 1341//2472 1381//2483 1363//2484
f 1337//2485 1310//2474 1320//2473
f 1320//2473 1363//2484 1337//2485
f 1333//2486 1306//2475 1310//2474
f 1310//2474 1337//2485 1333//2486
f 1678//2487 1670//2476 1876//2477
f 1876//2477 1874//2488 1678//2487
f 1644//2489 1628//2478 1670//2476
f 1670//2476 1678//2487 1644//2489
f 1604//2490 1580//2479 1628//2478
f 1628//2478 1644//2489 1604//2490
f 1562//2491 1516//2480 1580//2479
f 1580//2479 1604//2490 1562//2491
f 1514//2492 1454//2481 1516//2480
f 1516//2480 1562//2491 1514//2492
f 1476//2493 1408//2482 1454//2481
f 1454//2481 1514//2492 1476//2493
f 1436//2494 1381//2483 1408//2482
f 1408//2482 1476//2493 1436//2494
f 1412//2495 1363//2484 1381//2483
f 1381//2483 1436//2494 1412//2495
f 1402//2496 1337//2485 1363//2484
f 1363//2484 1412//2495 1402//2496
f 1399//2497 1333//2486 1337//2485
f 1337//2485 1402//2496 1399//2497
f 1680//2498 1678//2487 1874//2488
f 1874//2488 1872//2499 1680//2498
f 1652//2500 1644//2489 1678//2487
f 1678//2487 1680//2498 1652//2500
f 1630//2501 1604//2490 1644//2489
f 1644//2489 1652//2500 1630//2501
f 1598//2502 1562//2491 1604//2490
f 1604//2490 1630//2501 1598//2502
f 1578//2503 1514//2492 1562//2491
f 1562//2491 1598//2502 1578//2503
f 1538//2504 1476//2493 1514//2492
f 1514//2492 1578//2503 1538//2504
f 1510//2505 1436//2494 1476//2493
f 1476//2493 1538//2504 1510//2505
f 1497//2506 1412//2495 1436//2494
f 1436//2494 1510//2505 1497//2506
f 1483//2507 1402//2496 1412//2495
f 1412//2495 1497//2506 1483//2507
f 1479//2508 1399//2497 1402//2496
f 1402//2496 1483//2507 1479//2508
f 1688//2509 1680//2498 1872//2499
f 1872//2499 1870//2510 1688//2509
f 1668//2511 1652//2500 1680//2498
f 1680//2498 1688//2509 1668//2511
f 1648//2512 1630//2501 1652//2500
f 1652//2500 1668//2511 1648//2512
f 1626//2513 1598//2502 1630//2501
f 1630//2501 1648//2512 1626//2513
f 1603//2514 1578//2503 1598//2502
f 1598//2502 1626//2513 1603//2514
f 1585//2515 1538//2504 1578//2503
f 1578//2503 1603//2514 1585//2515
f 1569//2516 1510//2505 1538//2504
f 1538//2504 1585//2515 1569//2516
f 1549//2517 1497//2506 1510//2505
f 1510//2505 1569//2516 1549//2517
f 1545//2518 1483//2507 1497//2506
f 1497//2506 1549//2517 1545//2518
f 1537//2519 1479//2508 1483//2507
f 1483//2507 1545//2518 1537//2519
f 1690//2520 1688//2509 1870//2510
f 1870//2510 1868//2521 1690//2520
f 1672//2522 1668//2511 1688//2509
f 1688//2509 1690//2520 1672//2522
f 1650//2523 1648//2512 1668//2511
f 1668//2511 1672//2522 1650//2523
f 1633//2524 1626//2513 1648//2512
f 1648//2512 1650//2523 1633//2524
f 1611//2525 1603//2514 1626//2513
f 1626//2513 1633//2524 1611//2525
f 1595//2526 1585//2515 1603//2514
f 1603//2514 1611//2525 1595//2526
f 1583//2527 1569//2516 1585//2515
f 1585//2515 1595//2526 1583//2527
f 1573//2528 1549//2517 1569//2516
f 1569//2516 1583//2527 1573//2528
f 1561//2529 1545//2518 1549//2517
f 1549//2517 1573//2528 1561//2529
f 1553//2530 1537//2519 1545//2518
f 1545//2518 1561//2529 1553//2530
f 1684//2531 1690//2520 1868//2521
f 1868//2521 1865//2532 1684//2531
f 1658//2533 1672//2522 1690//2520
f 1690//2520 1684//2531 1658//2533
f 1638//2534 1650//2523 1672//2522
f 1672//2522 1658//2533 1638//2534
f 1615//2535 1633//2524 1650//2523
f 1650//2523 1638//2534 1615//2535
f 1591//2536 1611//2525 1633//2524
f 1633//2524 1615//2535 1591//2536
f 1567//2537 1595//2526 1611//2525
f 1611//2525 1591//2536 1567//2537
f 1543//2538 1583//2527 1595//2526
f 1595//2526 1567//2537 1543//2538
f 1523//2539 1573//2528 1583//2527
f 1583//2527 1543//2538 1523//2539
f 1509//2540 1561//2529 1573//2528
f 1573//2528 1523//2539 1509//2540
f 1501//2541 1553//2530 1561//2529
f 1561//2529 1509//2540 1501//2541
f 1888//2542 1513//2543 1519//2544
f 1888//2542 1519//2544 1527//2545
f 1888//2542 1527//2545 1547//2546
f 1888//2542 1547//2546 1575//2547
f 1888//2542 1575//2547 1593//2548
f 1888//2542 1593//2548 1617//2549
f 1888//2542 1617//2549 1641//2550
f 1888//2542 1641//2550 1663//2551
f 1888//2542 1663//2551 1687//2552
f 1888//2542 1687//2552 1894//2553
f 1366//2554 1519//2544 1513//2543
f 1513//2543 1362//2555 1366//2554
f 1374//2556 1527//2545 1519//2544
f 1519//2544 1366//2554 1374//2556
f 1397//2557 1547//2546 1527//2545
f 1527//2545 1374//2556 1397//2557
f 1423//2558 1575//2547 1547//2546
f 1547//2546 1397//2557 1423//2558
f 1481//2559 1593//2548 1575//2547
f 1575//2547 1423//2558 1481//2559
f 1529//2560 1617//2549 1593//2548
f 1593//2548 1481//2559 1529//2560
f 1587//2561 1641//2550 1617//2549
f 1617//2549 1529//2560 1587//2561
f 1635//2562 1663//2551 1641//2550
f 1641//2550 1587//2561 1635//2562
f 1675//2563 1687//2552 1663//2551
f 1663//2551 1635//2562 1675//2563
f 1895//2564 1894//2553 1687//2552
f 1687//2552 1675//2563 1895//2564
f 1313//2565 1366//2554 1362//2555
f 1362//2555 1308//2566 1313//2565
f 1323//2567 1374//2556 1366//2554
f 1366//2554 1313//2565 1323//2567
f 1344//2568 1397//2557 1374//2556
f 1374//2556 1323//2567 1344//2568
f 1380//2569 1423//2558 1397//2557
f 1397//2557 1344//2568 1380//2569
f 1419//2570 1481//2559 1423//2558
f 1423//2558 1380//2569 1419//2570
f 1491//2571 1529//2560 1481//2559
f 1481//2559 1419//2570 1491//2571
f 1556//2572 1587//2561 1529//2560
f 1529//2560 1491//2571 1556//2572
f 1623//2573 1635//2562 1587//2561
f 1587//2561 1556//2572 1623//2573
f 1667//2574 1675//2563 1635//2562
f 1635//2562 1623//2573 1667//2574
f 1890//2575 1895//2564 1675//2563
f 1675//2563 1667//2574 1890//2575
f 1311//2576 1313//2565 1308//2566
f 1308//2566 1307//2577 1311//2576
f 1321//2578 1323//2567 1313//2565
f 1313//2565 1311//2576 1321//2578
f 1342//2579 1344//2568 1323//2567
f 1323//2567 1321//2578 1342//2579
f 1378//2580 1380//2569 1344//2568
f 1344//2568 1342//2579 1378//2580
f 1417//2581 1419//2570 1380//2569
f 1380//2569 1378//2580 1417//2581
f 1489//2582 1491//2571 1419//2570
f 1419//2570 1417//2581 1489//2582
f 1555//2583 1556//2572 1491//2571
f 1491//2571 1489//2582 1555//2583
f 1621//2584 1623//2573 1556//2572
f 1556//2572 1555//2583 1621//2584
f 1665//2585 1667//2574 1623//2573
f 1623//2573 1621//2584 1665//2585
f 1881//2586 1890//2575 1667//2574
f 1667//2574 1665//2585 1881//2586
f 1338//2587 1311//2576 1307//2577
f 1307//2577 1334//2588 1338//2587
f 1364//2589 1321//2578 1311//2576
f 1311//2576 1338//2587 1364//2589
f 1382//2590 1342//2579 1321//2578
f 1321//2578 1364//2589 1382//2590
f 1409//2591 1378//2580 1342//2579
f 1342//2579 1382//2590 1409//2591
f 1455//2592 1417//2581 1378//2580
f 1378//2580 1409//2591 1455//2592
f 1517//2593 1489//2582 1417//2581
f 1417//2581 1455//2592 1517//2593
f 1581//2594 1555//2583 1489//2582
f 1489//2582 1517//2593 1581//2594
f 1629//2595 1621//2584 1555//2583
f 1555//2583 1581//2594 1629//2595
f 1671//2596 1665//2585 1621//2584
f 1621//2584 1629//2595 1671//2596
f 1893//2597 1881//2586 1665//2585
f 1665//2585 1671//2596 1893//2597
f 1403//2598 1338//2587 1334//2588
f 1334//2588 1398//2599 1403//2598
f 1413//2600 1364//2589 1338//2587
f 1338//2587 1403//2598 1413//2600
f 1437//2601 1382//2590 1364//2589
f 1364//2589 1413//2600 1437//2601
f 1477//2602 1409//2591 1382//2590
f 1382//2590 1437//2601 1477//2602
f 1515//2603 1455//2592 1409//2591
f 1409//2591 1477//2602 1515//2603
f 1563//2604 1517//2593 1455//2592
f 1455//2592 1515//2603 1563//2604
f 1605//2605 1581//2594 1517//2593
f 1517//2593 1563//2604 1605//2605
f 1645//2606 1629//2595 1581//2594
f 1581//2594 1605//2605 1645//2606
f 1679//2607 1671//2596 1629//2595
f 1629//2595 1645//2606 1679//2607
f 1900//2608 1893//2597 1671//2596
f 1671//2596 1679//2607 1900//2608
f 1482//2609 1403//2598 1398//2599
f 1398//2599 1478//2610 1482//2609
f 1496//2611 1413//2600 1403//2598
f 1403//2598 1482//2609 1496//2611
f 1511//2612 1437//2601 1413//2600
f 1413//2600 1496//2611 1511//2612
f 1539//2613 1477//2602 1437//2601
f 1437//2601 1511//2612 1539//2613
f 1579//2614 1515//2603 1477//2602
f 1477//2602 1539//2613 1579//2614
f 1599//2615 1563//2604 1515//2603
f 1515//2603 1579//2614 1599//2615
f 1631//2616 1605//2605 1563//2604
f 1563//2604 1599//2615 1631//2616
f 1653//2617 1645//2606 1605//2605
f 1605//2605 1631//2616 1653//2617
f 1681//2618 1679//2607 1645//2606
f 1645//2606 1653//2617 1681//2618
f 1902//2619 1900//2608 1679//2607
f 1679//2607 1681//2618 1902//2619
f 1544//2620 1482//2609 1478//2610
f 1478//2610 1536//2621 1544//2620
f 1548//2622 1496//2611 1482//2609
f 1482//2609 1544//2620 1548//2622
f 1568//2623 1511//2612 1496//2611
f 1496//2611 1548//2622 1568//2623
f 1584//2624 1539//2613 1511//2612
f 1511//2612 1568//2623 1584//2624
f 1602//2625 1579//2614 1539//2613
f 1539//2613 1584//2624 1602//2625
f 1627//2626 1599//2615 1579//2614
f 1579//2614 1602//2625 1627//2626
f 1649//2627 1631//2616 1599//2615
f 1599//2615 1627//2626 1649//2627
f 1669//2628 1653//2617 1631//2616
f 1631//2616 1649//2627 1669//2628
f 1689//2629 1681//2618 1653//2617
f 1653//2617 1669//2628 1689//2629
f 1921//2630 1902//2619 1681//2618
f 1681//2618 1689//2629 1921//2630
f 1560//2631 1544//2620 1536//2621
f 1536//2621 1552//2632 1560//2631
f 1572//2633 1548//2622 1544//2620
f 1544//2620 1560//2631 1572//2633
f 1582//2634 1568//2623 1548//2622
f 1548//2622 1572//2633 1582//2634
f 1594//2635 1584//2624 1568//2623
f 1568//2623 1582//2634 1594//2635
f 1610//2636 1602//2625 1584//2624
f 1584//2624 1594//2635 1610//2636
f 1632//2637 1627//2626 1602//2625
f 1602//2625 1610//2636 1632//2637
f 1651//2638 1649//2627 1627//2626
f 1627//2626 1632//2637 1651//2638
f 1673//2639 1669//2628 1649//2627
f 1649//2627 1651//2638 1673//2639
f 1691//2640 1689//2629 1669//2628
f 1669//2628 1673//2639 1691//2640
f 1922//2641 1921//2630 1689//2629
f 1689//2629 1691//2640 1922//2641
f 1508//2642 1560//2631 1552//2632
f 1552//2632 1500//2643 1508//2642
f 1522//2644 1572//2633 1560//2631
f 1560//2631 1508//2642 1522//2644
f 1542//2645 1582//2634 1572//2633
f 1572//2633 1522//2644 1542//2645
f 1566//2646 1594//2635 1582//2634
f 1582//2634 1542//2645 1566//2646
f 1590//2647 1610//2636 1594//2635
f 1594//2635 1566//2646 1590//2647
f 1614//2648 1632//2637 1610//2636
f 1610//2636 1590//2647 1614//2648
f 1639//2649 1651//2638 1632//2637
f 1632//2637 1614//2648 1639//2649
f 1659//2650 1673//2639 1651//2638
f 1651//2638 1639//2649 1659//2650
f 1685//2651 1691//2640 1673//2639
f 1673//2639 1659//2650 1685//2651
f 1928//2652 1922//2641 1691//2640
f 1691//2640 1685//2651 1928//2652
f 1888//2653 1887//2654 1937//2655
f 1888//2653 1937//2655 1961//2656
f 1888//2653 1961//2656 1983//2657
f 1888//2653 1983//2657 2007//2658
f 1888//2653 2007//2658 2031//2659
f 1888//2653 2031//2659 2049//2660
f 1888//2653 2049//2660 2077//2661
f 1888//2653 2077//2661 2097//2662
f 1888//2653 2097//2662 2105//2663
f 1888//2653 2105//2663 2111//2664
f 1949//2665 1937//2655 1887//2654
f 1887//2654 1885//2666 1949//2665
f 1989//2667 1961//2656 1937//2655
f 1937//2655 1949//2665 1989//2667
f 2037//2668 1983//2657 1961//2656
f 1961//2656 1989//2667 2037//2668
f 2095//2669 2007//2658 1983//2657
f 1983//2657 2037//2668 2095//2669
f 2143//2670 2031//2659 2007//2658
f 2007//2658 2095//2669 2143//2670
f 2201//2671 2049//2660 2031//2659
f 2031//2659 2143//2670 2201//2671
f 2227//2672 2077//2661 2049//2660
f 2049//2660 2201//2671 2227//2672
f 2250//2673 2097//2662 2077//2661
f 2077//2661 2227//2672 2250//2673
f 2258//2674 2105//2663 2097//2662
f 2097//2662 2250//2673 2258//2674
f 2262//2675 2111//2664 2105//2663
f 2105//2663 2258//2674 2262//2675
f 1957//2676 1949//2665 1885//2666
f 1885//2666 1883//2677 1957//2676
f 2001//2678 1989//2667 1949//2665
f 1949//2665 1957//2676 2001//2678
f 2066//2679 2037//2668 1989//2667
f 1989//2667 2001//2678 2066//2679
f 2133//2680 2095//2669 2037//2668
f 2037//2668 2066//2679 2133//2680
f 2205//2681 2143//2670 2095//2669
f 2095//2669 2133//2680 2205//2681
f 2244//2682 2201//2671 2143//2670
f 2143//2670 2205//2681 2244//2682
f 2280//2683 2227//2672 2201//2671
f 2201//2671 2244//2682 2280//2683
f 2301//2684 2250//2673 2227//2672
f 2227//2672 2280//2683 2301//2684
f 2311//2685 2258//2674 2250//2673
f 2250//2673 2301//2684 2311//2685
f 2314//2686 2262//2675 2258//2674
f 2258//2674 2311//2685 2314//2686
f 1959//2687 1957//2676 1883//2677
f 1883//2677 1880//2688 1959//2687
f 2003//2689 2001//2678 1957//2676
f 1957//2676 1959//2687 2003//2689
f 2069//2690 2066//2679 2001//2678
f 2001//2678 2003//2689 2069//2690
f 2135//2691 2133//2680 2066//2679
f 2066//2679 2069//2690 2135//2691
f 2207//2692 2205//2681 2133//2680
f 2133//2680 2135//2691 2207//2692
f 2246//2693 2244//2682 2205//2681
f 2205//2681 2207//2692 2246//2693
f 2282//2694 2280//2683 2244//2682
f 2244//2682 2246//2693 2282//2694
f 2303//2695 2301//2684 2280//2683
f 2280//2683 2282//2694 2303//2695
f 2313//2696 2311//2685 2301//2684
f 2301//2684 2303//2695 2313//2696
f 2317//2697 2314//2686 2311//2685
f 2311//2685 2313//2696 2317//2697
f 1953//2698 1959//2687 1880//2688
f 1880//2688 1877//2699 1953//2698
f 1995//2700 2003//2689 1959//2687
f 1959//2687 1953//2698 1995//2700
f 2043//2701 2069//2690 2003//2689
f 2003//2689 1995//2700 2043//2701
f 2107//2702 2135//2691 2069//2690
f 2069//2690 2043//2701 2107//2702
f 2169//2703 2207//2692 2135//2691
f 2135//2691 2107//2702 2169//2703
f 2215//2704 2246//2693 2207//2692
f 2207//2692 2169//2703 2215//2704
f 2242//2705 2282//2694 2246//2693
f 2246//2693 2215//2704 2242//2705
f 2260//2706 2303//2695 2282//2694
f 2282//2694 2242//2705 2260//2706
f 2286//2707 2313//2696 2303//2695
f 2303//2695 2260//2706 2286//2707
f 2290//2708 2317//2697 2313//2696
f 2313//2696 2286//2707 2290//2708
f 1945//2709 1953//2698 1877//2699
f 1877//2699 1875//2710 1945//2709
f 1979//2711 1995//2700 1953//2698
f 1953//2698 1945//2709 1979//2711
f 2019//2712 2043//2701 1995//2700
f 1995//2700 1979//2711 2019//2712
f 2061//2713 2107//2702 2043//2701
f 2043//2701 2019//2712 2061//2713
f 2109//2714 2169//2703 2107//2702
f 2107//2702 2061//2713 2109//2714
f 2147//2715 2215//2704 2169//2703
f 2169//2703 2109//2714 2147//2715
f 2187//2716 2242//2705 2215//2704
f 2215//2704 2147//2715 2187//2716
f 2211//2717 2260//2706 2242//2705
f 2242//2705 2187//2716 2211//2717
f 2221//2718 2286//2707 2260//2706
f 2260//2706 2211//2717 2221//2718
f 2224//2719 2290//2708 2286//2707
f 2286//2707 2221//2718 2224//2719
f 1943//2720 1945//2709 1875//2710
f 1875//2710 1873//2721 1943//2720
f 1971//2722 1979//2711 1945//2709
f 1945//2709 1943//2720 1971//2722
f 1993//2723 2019//2712 1979//2711
f 1979//2711 1971//2722 1993//2723
f 2025//2724 2061//2713 2019//2712
f 2019//2712 1993//2723 2025//2724
f 2045//2725 2109//2714 2061//2713
f 2061//2713 2025//2724 2045//2725
f 2085//2726 2147//2715 2109//2714
f 2109//2714 2045//2725 2085//2726
f 2113//2727 2187//2716 2147//2715
f 2147//2715 2085//2726 2113//2727
f 2126//2728 2211//2717 2187//2716
f 2187//2716 2113//2727 2126//2728
f 2140//2729 2221//2718 2211//2717
f 2211//2717 2126//2728 2140//2729
f 2144//2730 2224//2719 2221//2718
f 2221//2718 2140//2729 2144//2730
f 1935//2731 1943//2720 1873//2721
f 1873//2721 1871//2732 1935//2731
f 1955//2733 1971//2722 1943//2720
f 1943//2720 1935//2731 1955//2733
f 1975//2734 1993//2723 1971//2722
f 1971//2722 1955//2733 1975//2734
f 1997//2735 2025//2724 1993//2723
f 1993//2723 1975//2734 1997//2735
f 2020//2736 2045//2725 2025//2724
f 2025//2724 1997//2735 2020//2736
f 2038//2737 2085//2726 2045//2725
f 2045//2725 2020//2736 2038//2737
f 2054//2738 2113//2727 2085//2726
f 2085//2726 2038//2737 2054//2738
f 2074//2739 2126//2728 2113//2727
f 2113//2727 2054//2738 2074//2739
f 2078//2740 2140//2729 2126//2728
f 2126//2728 2074//2739 2078//2740
f 2086//2741 2144//2730 2140//2729
f 2140//2729 2078//2740 2086//2741
f 1933//2742 1935//2731 1871//2732
f 1871//2732 1869//2743 1933//2742
f 1951//2744 1955//2733 1935//2731
f 1935//2731 1933//2742 1951//2744
f 1973//2745 1975//2734 1955//2733
f 1955//2733 1951//2744 1973//2745
f 1990//2746 1997//2735 1975//2734
f 1975//2734 1973//2745 1990//2746
f 2012//2747 2020//2736 1997//2735
f 1997//2735 1990//2746 2012//2747
f 2028//2748 2038//2737 2020//2736
f 2020//2736 2012//2747 2028//2748
f 2040//2749 2054//2738 2038//2737
f 2038//2737 2028//2748 2040//2749
f 2050//2750 2074//2739 2054//2738
f 2054//2738 2040//2749 2050//2750
f 2062//2751 2078//2740 2074//2739
f 2074//2739 2050//2750 2062//2751
f 2070//2752 2086//2741 2078//2740
f 2078//2740 2062//2751 2070//2752
f 1939//2753 1933//2742 1869//2743
f 1869//2743 1866//2754 1939//2753
f 1965//2755 1951//2744 1933//2742
f 1933//2742 1939//2753 1965//2755
f 1985//2756 1973//2745 1951//2744
f 1951//2744 1965//2755 1985//2756
f 2008//2757 1990//2746 1973//2745
f 1973//2745 1985//2756 2008//2757
f 2032//2758 2012//2747 1990//2746
f 1990//2746 2008//2757 2032//2758
f 2056//2759 2028//2748 2012//2747
f 2012//2747 2032//2758 2056//2759
f 2080//2760 2040//2749 2028//2748
f 2028//2748 2056//2759 2080//2760
f 2100//2761 2050//2750 2040//2749
f 2040//2749 2080//2760 2100//2761
f 2114//2762 2062//2751 2050//2750
f 2050//2750 2100//2761 2114//2762
f 2122//2763 2070//2752 2062//2751
f 2062//2751 2114//2762 2122//2763
f 2232//2764 2116//2765 2124//2766
f 2124//2766 2236//2767 2232//2764
f 2218//2768 2102//2769 2116//2765
f 2116//2765 2232//2764 2218//2768
f 2199//2770 2082//2771 2102//2769
f 2102//2769 2218//2768 2199//2770
f 2150//2772 2058//2773 2082//2771
f 2082//2771 2199//2770 2150//2772
f 2120//2774 2034//2775 2058//2773
f 2058//2773 2150//2772 2120//2774
f 2064//2776 2010//2777 2034//2775
f 2034//2775 2120//2774 2064//2776
f 2023//2778 1986//2779 2010//2777
f 2010//2777 2064//2776 2023//2778
f 1980//2780 1966//2781 1986//2779
f 1986//2779 2023//2778 1980//2780
f 1946//2782 1940//2783 1966//2781
f 1966//2781 1980//2780 1946//2782
f 1862//2784 1730//2785 1940//2783
f 1940//2783 1946//2782 1862//2784
f 2332//2786 2232//2764 2236//2767
f 2236//2767 2336//2787 2332//2786
f 2322//2788 2218//2768 2232//2764
f 2232//2764 2332//2786 2322//2788
f 2306//2789 2199//2770 2218//2768
f 2218//2768 2322//2788 2306//2789
f 2275//2790 2150//2772 2199//2770
f 2199//2770 2306//2789 2275//2790
f 2234//2791 2120//2774 2150//2772
f 2150//2772 2275//2790 2234//2791
f 2170//2792 2064//2776 2120//2774
f 2120//2774 2234//2791 2170//2792
f 2093//2793 2023//2778 2064//2776
f 2064//2776 2170//2792 2093//2793
f 2016//2794 1980//2780 2023//2778
f 2023//2778 2093//2793 2016//2794
f 1968//2795 1946//2782 1980//2780
f 1980//2780 2016//2794 1968//2795
f 1858//2796 1862//2784 1946//2782
f 1946//2782 1968//2795 1858//2796
f 2409//2797 2332//2786 2336//2787
f 2336//2787 2413//2798 2409//2797
f 2400//2799 2322//2788 2332//2786
f 2332//2786 2409//2797 2400//2799
f 2376//2800 2306//2789 2322//2788
f 2322//2788 2400//2799 2376//2800
f 2349//2801 2275//2790 2306//2789
f 2306//2789 2376//2800 2349//2801
f 2324//2802 2234//2791 2275//2790
f 2275//2790 2349//2801 2324//2802
f 2271//2803 2170//2792 2234//2791
f 2234//2791 2324//2802 2271//2803
f 2185//2804 2093//2793 2170//2792
f 2170//2792 2271//2803 2185//2804
f 2072//2805 2016//2794 2093//2793
f 2093//2793 2185//2804 2072//2805
f 1976//2806 1968//2795 2016//2794
f 2016//2794 2072//2805 1976//2806
f 1729//2807 1858//2796 1968//2795
f 1968//2795 1976//2806 1729//2807
f 2488//2808 2409//2797 2413//2798
f 2413//2798 2498//2809 2488//2808
f 2470//2810 2400//2799 2409//2797
f 2409//2797 2488//2808 2470//2810
f 2444//2811 2376//2800 2400//2799
f 2400//2799 2470//2810 2444//2811
f 2418//2812 2349//2801 2376//2800
f 2376//2800 2444//2811 2418//2812
f 2384//2813 2324//2802 2349//2801
f 2349//2801 2418//2812 2384//2813
f 2338//2814 2271//2803 2324//2802
f 2324//2802 2384//2813 2338//2814
f 2269//2815 2185//2804 2271//2803
f 2271//2803 2338//2814 2269//2815
f 2138//2816 2072//2805 2185//2804
f 2185//2804 2269//2815 2138//2816
f 1998//2817 1976//2806 2072//2805
f 2072//2805 2138//2816 1998//2817
f 1722//2818 1729//2807 1976//2806
f 1976//2806 1998//2817 1722//2818
f 2559//2819 2488//2808 2498//2809
f 2498//2809 2569//2820 2559//2819
f 2549//2821 2470//2810 2488//2808
f 2488//2808 2559//2819 2549//2821
f 2531//2822 2444//2811 2470//2810
f 2470//2810 2549//2821 2531//2822
f 2492//2823 2418//2812 2444//2811
f 2444//2811 2531//2822 2492//2823
f 2436//2824 2384//2813 2418//2812
f 2418//2812 2492//2823 2436//2824
f 2394//2825 2338//2814 2384//2813
f 2384//2813 2436//2824 2394//2825
f 2326//2826 2269//2815 2338//2814
f 2338//2814 2394//2825 2326//2826
f 2212//2827 2138//2816 2269//2815
f 2269//2815 2326//2826 2212//2827
f 2026//2828 1998//2817 2138//2816
f 2138//2816 2212//2827 2026//2828
f 1850//2829 1722//2818 1998//2817
f 1998//2817 2026//2828 1850//2829
f 2653//2830 2559//2819 2569//2820
f 2569//2820 2655//2831 2653//2830
f 2631//2832 2549//2821 2559//2819
f 2559//2819 2653//2830 2631//2832
f 2593//2833 2531//2822 2549//2821
f 2549//2821 2631//2832 2593//2833
f 2551//2834 2492//2823 2531//2822
f 2531//2822 2593//2833 2551//2834
f 2510//2835 2436//2824 2492//2823
f 2492//2823 2551//2834 2510//2835
f 2432//2836 2394//2825 2436//2824
f 2436//2824 2510//2835 2432//2836
f 2366//2837 2326//2826 2394//2825
f 2394//2825 2432//2836 2366//2837
f 2263//2838 2212//2827 2326//2826
f 2326//2826 2366//2837 2263//2838
f 2052//2839 2026//2828 2212//2827
f 2212//2827 2263//2838 2052//2839
f 1726//2840 1850//2829 2026//2828
f 2026//2828 2052//2839 1726//2840
f 2720//2841 2653//2830 2655//2831
f 2655//2831 2726//2842 2720//2841
f 2697//2843 2631//2832 2653//2830
f 2653//2830 2720//2841 2697//2843
f 2662//2844 2593//2833 2631//2832
f 2631//2832 2697//2843 2662//2844
f 2607//2845 2551//2834 2593//2833
f 2593//2833 2662//2844 2607//2845
f 2547//2846 2510//2835 2551//2834
f 2551//2834 2607//2845 2547//2846
f 2484//2847 2432//2836 2510//2835
f 2510//2835 2547//2846 2484//2847
f 2405//2848 2366//2837 2432//2836
f 2432//2836 2484//2847 2405//2848
f 2308//2849 2263//2838 2366//2837
f 2366//2837 2405//2848 2308//2849
f 2090//2850 2052//2839 2263//2838
f 2263//2838 2308//2849 2090//2850
f 1719//2851 1726//2840 2052//2839
f 2052//2839 2090//2850 1719//2851
f 2787//2852 2720//2841 2726//2842
f 2726//2842 2795//2853 2787//2852
f 2759//2854 2697//2843 2720//2841
f 2720//2841 2787//2852 2759//2854
f 2713//2855 2662//2844 2697//2843
f 2697//2843 2759//2854 2713//2855
f 2657//2856 2607//2845 2662//2844
f 2662//2844 2713//2855 2657//2856
f 2589//2857 2547//2846 2607//2845
f 2607//2845 2657//2856 2589//2857
f 2525//2858 2484//2847 2547//2846
f 2547//2846 2589//2857 2525//2858
f 2422//2859 2405//2848 2484//2847
f 2484//2847 2525//2858 2422//2859
f 2330//2860 2308//2849 2405//2848
f 2405//2848 2422//2859 2330//2860
f 2118//2861 2090//2850 2308//2849
f 2308//2849 2330//2860 2118//2861
f 1700//2862 1719//2851 2090//2850
f 2090//2850 2118//2861 1700//2862
f 2834//2863 2787//2852 2795//2853
f 2795//2853 2844//2864 2834//2863
f 2798//2865 2759//2854 2787//2852
f 2787//2852 2834//2863 2798//2865
f 2750//2866 2713//2855 2759//2854
f 2759//2854 2798//2865 2750//2866
f 2690//2867 2657//2856 2713//2855
f 2713//2855 2750//2866 2690//2867
f 2624//2868 2589//2857 2657//2856
f 2657//2856 2690//2867 2624//2868
f 2536//2869 2525//2858 2589//2857
f 2589//2857 2624//2868 2536//2869
f 2441//2870 2422//2859 2525//2858
f 2525//2858 2536//2869 2441//2870
f 2340//2871 2330//2860 2422//2859
f 2422//2859 2441//2870 2340//2871
f 2128//2872 2118//2861 2330//2860
f 2330//2860 2340//2871 2128//2872
f 1825//2873 1700//2862 2118//2861
f 2118//2861 2128//2872 1825//2873
f 2847//2874 2834//2863 2844//2864
f 2844//2864 2857//2875 2847//2874
f 2821//2876 2798//2865 2834//2863
f 2834//2863 2847//2874 2821//2876
f 2765//2877 2750//2866 2798//2865
f 2798//2865 2821//2876 2765//2877
f 2703//2878 2690//2867 2750//2866
f 2750//2866 2765//2877 2703//2878
f 2637//2879 2624//2868 2690//2867
f 2690//2867 2703//2878 2637//2879
f 2543//2880 2536//2869 2624//2868
f 2624//2868 2637//2879 2543//2880
f 2446//2881 2441//2870 2536//2869
f 2536//2869 2543//2880 2446//2881
f 2344//2882 2340//2871 2441//2870
f 2441//2870 2446//2881 2344//2882
f 2136//2883 2128//2872 2340//2871
f 2340//2871 2344//2882 2136//2883
f 1713//2884 1825//2873 2128//2872
f 2128//2872 2136//2883 1713//2884
f 1676//2885 1682//2886 1864//2887
f 1864//2887 1862//2888 1676//2885
f 1642//2889 1656//2890 1682//2886
f 1682//2886 1676//2885 1642//2889
f 1601//2891 1636//2892 1656//2890
f 1656//2890 1642//2889 1601//2891
f 1558//2893 1612//2894 1636//2892
f 1636//2892 1601//2891 1558//2893
f 1502//2895 1588//2896 1612//2894
f 1612//2894 1558//2893 1502//2895
f 1472//2897 1564//2898 1588//2896
f 1588//2896 1502//2895 1472//2897
f 1425//2899 1540//2900 1564//2898
f 1564//2898 1472//2897 1425//2899
f 1404//2901 1520//2902 1540//2900
f 1540//2900 1425//2899 1404//2901
f 1390//2903 1506//2904 1520//2902
f 1520//2902 1404//2901 1390//2903
f 1387//2905 1498//2906 1506//2904
f 1506//2904 1390//2903 1387//2905
f 1654//2907 1676//2885 1862//2888
f 1862//2888 1859//2908 1654//2907
f 1606//2909 1642//2889 1676//2885
f 1676//2885 1654//2907 1606//2909
f 1531//2910 1601//2891 1642//2889
f 1642//2889 1606//2909 1531//2910
f 1452//2911 1558//2893 1601//2891
f 1601//2891 1531//2910 1452//2911
f 1388//2912 1502//2895 1558//2893
f 1558//2893 1452//2911 1388//2912
f 1347//2913 1472//2897 1502//2895
f 1502//2895 1388//2912 1347//2913
f 1316//2914 1425//2899 1472//2897
f 1472//2897 1347//2913 1316//2914
f 1300//2915 1404//2901 1425//2899
f 1425//2899 1316//2914 1300//2915
f 1290//2916 1390//2903 1404//2901
f 1404//2901 1300//2915 1290//2916
f 1286//2917 1387//2905 1390//2903
f 1390//2903 1290//2916 1286//2917
f 1646//2918 1654//2907 1859//2908
f 1859//2908 1856//2919 1646//2918
f 1550//2920 1606//2909 1654//2907
f 1654//2907 1646//2918 1550//2920
f 1439//2921 1531//2910 1606//2909
f 1606//2909 1550//2920 1439//2921
f 1351//2922 1452//2911 1531//2910
f 1531//2910 1439//2921 1351//2922
f 1298//2923 1388//2912 1452//2911
f 1452//2911 1351//2922 1298//2923
f 1275//2924 1347//2913 1388//2912
f 1388//2912 1298//2923 1275//2924
f 1246//2925 1316//2914 1347//2913
f 1347//2913 1275//2924 1246//2925
f 1222//2926 1300//2915 1316//2914
f 1316//2914 1246//2925 1222//2926
f 1215//2927 1290//2916 1300//2915
f 1300//2915 1222//2926 1215//2927
f 1211//2928 1286//2917 1290//2916
f 1290//2916 1215//2927 1211//2928
f 1624//2929 1646//2918 1856//2919
f 1856//2919 1854//2930 1624//2929
f 1484//2931 1550//2920 1646//2918
f 1646//2918 1624//2929 1484//2931
f 1353//2932 1439//2921 1550//2920
f 1550//2920 1484//2931 1353//2932
f 1284//2933 1351//2922 1439//2921
f 1439//2921 1353//2932 1284//2933
f 1238//2934 1298//2923 1351//2922
f 1351//2922 1284//2933 1238//2934
f 1204//2935 1275//2924 1298//2923
f 1298//2923 1238//2934 1204//2935
f 1178//2936 1246//2925 1275//2924
f 1275//2924 1204//2935 1178//2936
f 1152//2937 1222//2926 1246//2925
f 1246//2925 1178//2936 1152//2937
f 1134//2938 1215//2927 1222//2926
f 1222//2926 1152//2937 1134//2938
f 1124//2939 1211//2928 1215//2927
f 1215//2927 1134//2938 1124//2939
f 1596//2940 1624//2929 1854//2930
f 1854//2930 1851//2941 1596//2940
f 1410//2942 1484//2931 1624//2929
f 1624//2929 1596//2940 1410//2942
f 1296//2943 1353//2932 1484//2931
f 1484//2931 1410//2942 1296//2943
f 1228//2944 1284//2933 1353//2932
f 1353//2932 1296//2943 1228//2944
f 1186//2945 1238//2934 1284//2933
f 1284//2933 1228//2944 1186//2945
f 1130//2946 1204//2935 1238//2934
f 1238//2934 1186//2945 1130//2946
f 1091//2947 1178//2936 1204//2935
f 1204//2935 1130//2946 1091//2947
f 1073//2948 1152//2937 1178//2936
f 1178//2936 1091//2947 1073//2948
f 1063//2949 1134//2938 1152//2937
f 1152//2937 1073//2948 1063//2949
f 1053//2950 1124//2939 1134//2938
f 1134//2938 1063//2949 1053//2950
f 1570//2951 1596//2940 1851//2941
f 1851//2941 1848//2952 1570//2951
f 1359//2953 1410//2942 1596//2940
f 1596//2940 1570//2951 1359//2953
f 1256//2954 1296//2943 1410//2942
f 1410//2942 1359//2953 1256//2954
f 1190//2955 1228//2944 1296//2943
f 1296//2943 1256//2954 1190//2955
f 1112//2956 1186//2945 1228//2944
f 1228//2944 1190//2955 1112//2956
f 1071//2957 1130//2946 1186//2945
f 1186//2945 1112//2956 1071//2957
f 1029//2958 1091//2947 1130//2946
f 1130//2946 1071//2957 1029//2958
f 991//2959 1073//2948 1091//2947
f 1091//2947 1029//2958 991//2959
f 969//2960 1063//2949 1073//2948
f 1073//2948 991//2959 969//2960
f 967//2961 1053//2950 1063//2949
f 1063//2949 969//2960 967//2961
f 1532//2962 1570//2951 1848//2952
f 1848//2952 1846//2963 1532//2962
f 1314//2964 1359//2953 1570//2951
f 1570//2951 1532//2962 1314//2964
f 1219//2965 1256//2954 1359//2953
f 1359//2953 1314//2964 1219//2965
f 1138//2966 1190//2955 1256//2954
f 1256//2954 1219//2965 1138//2966
f 1075//2967 1112//2956 1190//2955
f 1190//2955 1138//2966 1075//2967
f 1015//2968 1071//2957 1112//2956
f 1112//2956 1075//2967 1015//2968
f 962//2969 1029//2958 1071//2957
f 1071//2957 1015//2968 962//2969
f 925//2970 991//2959 1029//2958
f 1029//2958 962//2969 925//2970
f 904//2971 969//2960 991//2959
f 991//2959 925//2970 904//2971
f 898//2972 967//2961 969//2960
f 969//2960 904//2971 898//2972
f 1504//2973 1532//2962 1846//2963
f 1846//2963 1832//2974 1504//2973
f 1292//2975 1314//2964 1532//2962
f 1532//2962 1504//2973 1292//2975
f 1200//2976 1219//2965 1314//2964
f 1314//2964 1292//2975 1200//2976
f 1097//2977 1138//2966 1219//2965
f 1219//2965 1200//2976 1097//2977
f 1033//2978 1075//2967 1138//2966
f 1138//2966 1097//2977 1033//2978
f 965//2979 1015//2968 1075//2967
f 1075//2967 1033//2978 965//2979
f 909//2980 962//2969 1015//2968
f 1015//2968 965//2979 909//2980
f 863//2981 925//2970 962//2969
f 962//2969 909//2980 863//2981
f 835//2982 904//2971 925//2970
f 925//2970 863//2981 835//2982
f 827//2983 898//2972 904//2971
f 904//2971 835//2982 827//2983
f 1494//2984 1504//2973 1832//2974
f 1832//2974 1824//2985 1494//2984
f 1282//2986 1292//2975 1504//2973
f 1504//2973 1494//2984 1282//2986
f 1183//2987 1200//2976 1292//2975
f 1292//2975 1282//2986 1183//2987
f 1088//2988 1097//2977 1200//2976
f 1200//2976 1183//2987 1088//2988
f 1000//2989 1033//2978 1097//2977
f 1097//2977 1088//2988 1000//2989
f 934//2990 965//2979 1033//2978
f 1033//2978 1000//2989 934//2990
f 874//2991 909//2980 965//2979
f 965//2979 934//2990 874//2991
f 826//2992 863//2981 909//2980
f 909//2980 874//2991 826//2992
f 790//2993 835//2982 863//2981
f 863//2981 826//2992 790//2993
f 780//2994 827//2983 835//2982
f 835//2982 790//2993 780//2994
f 1486//2995 1494//2984 1824//2985
f 1824//2985 1814//2996 1486//2995
f 1278//2997 1282//2986 1494//2984
f 1494//2984 1486//2995 1278//2997
f 1176//2998 1183//2987 1282//2986
f 1282//2986 1278//2997 1176//2998
f 1079//2999 1088//2988 1183//2987
f 1183//2987 1176//2998 1079//2999
f 985//3000 1000//2989 1088//2988
f 1088//2988 1079//2999 985//3000
f 919//3001 934//2990 1000//2989
f 1000//2989 985//3000 919//3001
f 857//3002 874//2991 934//2990
f 934//2990 919//3001 857//3002
f 801//3003 826//2992 874//2991
f 874//2991 857//3002 801//3003
f 775//3004 790//2993 826//2992
f 826//2992 801//3003 775//3004
f 765//3005 780//2994 790//2993
f 790//2993 775//3004 765//3005
f 1391//3006 1507//3007 1499//3008
f 1499//3008 1387//3009 1391//3006
f 1405//3010 1521//3011 1507//3007
f 1507//3007 1391//3006 1405//3010
f 1424//3012 1541//3013 1521//3011
f 1521//3011 1405//3010 1424//3012
f 1473//3014 1565//3015 1541//3013
f 1541//3013 1424//3012 1473//3014
f 1503//3016 1589//3017 1565//3015
f 1565//3015 1473//3014 1503//3016
f 1559//3018 1613//3019 1589//3017
f 1589//3017 1503//3016 1559//3018
f 1600//3020 1637//3021 1613//3019
f 1613//3019 1559//3018 1600//3020
f 1643//3022 1657//3023 1637//3021
f 1637//3021 1600//3020 1643//3022
f 1677//3024 1683//3025 1657//3023
f 1657//3023 1643//3022 1677//3024
f 1863//3026 1892//3027 1683//3025
f 1683//3025 1677//3024 1863//3026
f 1291//3028 1391//3006 1387//3009
f 1387//3009 1287//3029 1291//3028
f 1301//3030 1405//3010 1391//3006
f 1391//3006 1291//3028 1301//3030
f 1317//3031 1424//3012 1405//3010
f 1405//3010 1301//3030 1317//3031
f 1348//3032 1473//3014 1424//3012
f 1424//3012 1317//3031 1348//3032
f 1389//3033 1503//3016 1473//3014
f 1473//3014 1348//3032 1389//3033
f 1453//3034 1559//3018 1503//3016
f 1503//3016 1389//3033 1453//3034
f 1530//3035 1600//3020 1559//3018
f 1559//3018 1453//3034 1530//3035
f 1607//3036 1643//3022 1600//3020
f 1600//3020 1530//3035 1607//3036
f 1655//3037 1677//3024 1643//3022
f 1643//3022 1607//3036 1655//3037
f 1861//3038 1863//3026 1677//3024
f 1677//3024 1655//3037 1861//3038
f 1214//3039 1291//3028 1287//3029
f 1287//3029 1210//3040 1214//3039
f 1223//3041 1301//3030 1291//3028
f 1291//3028 1214//3039 1223//3041
f 1247//3042 1317//3031 1301//3030
f 1301//3030 1223//3041 1247//3042
f 1274//3043 1348//3032 1317//3031
f 1317//3031 1247//3042 1274//3043
f 1299//3044 1389//3033 1348//3032
f 1348//3032 1274//3043 1299//3044
f 1352//3045 1453//3034 1389//3033
f 1389//3033 1299//3044 1352//3045
f 1438//3046 1530//3035 1453//3034
f 1453//3034 1352//3045 1438//3046
f 1551//3047 1607//3036 1530//3035
f 1530//3035 1438//3046 1551//3047
f 1647//3048 1655//3037 1607//3036
f 1607//3036 1551//3047 1647//3048
f 1891//3049 1861//3038 1655//3037
f 1655//3037 1647//3048 1891//3049
f 1135//3050 1214//3039 1210//3040
f 1210//3040 1125//3051 1135//3050
f 1153//3052 1223//3041 1214//3039
f 1214//3039 1135//3050 1153//3052
f 1179//3053 1247//3042 1223//3041
f 1223//3041 1153//3052 1179//3053
f 1205//3054 1274//3043 1247//3042
f 1247//3042 1179//3053 1205//3054
f 1239//3055 1299//3044 1274//3043
f 1274//3043 1205//3054 1239//3055
f 1285//3056 1352//3045 1299//3044
f 1299//3044 1239//3055 1285//3056
f 1354//3057 1438//3046 1352//3045
f 1352//3045 1285//3056 1354//3057
f 1485//3058 1551//3047 1438//3046
f 1438//3046 1354//3057 1485//3058
f 1625//3059 1647//3048 1551//3047
f 1551//3047 1485//3058 1625//3059
f 1901//3060 1891//3049 1647//3048
f 1647//3048 1625//3059 1901//3060
f 1064//3061 1135//3050 1125//3051
f 1125//3051 1054//3062 1064//3061
f 1074//3063 1153//3052 1135//3050
f 1135//3050 1064//3061 1074//3063
f 1092//3064 1179//3053 1153//3052
f 1153//3052 1074//3063 1092//3064
f 1131//3065 1205//3054 1179//3053
f 1179//3053 1092//3064 1131//3065
f 1187//3066 1239//3055 1205//3054
f 1205//3054 1131//3065 1187//3066
f 1229//3067 1285//3056 1239//3055
f 1239//3055 1187//3066 1229//3067
f 1297//3068 1354//3057 1285//3056
f 1285//3056 1229//3067 1297//3068
f 1411//3069 1485//3058 1354//3057
f 1354//3057 1297//3068 1411//3069
f 1597//3070 1625//3059 1485//3058
f 1485//3058 1411//3069 1597//3070
f 1853//3071 1901//3060 1625//3059
f 1625//3059 1597//3070 1853//3071
f 970//3072 1064//3061 1054//3062
f 1054//3062 968//3073 970//3072
f 992//3074 1074//3063 1064//3061
f 1064//3061 970//3072 992//3074
f 1030//3075 1092//3064 1074//3063
f 1074//3063 992//3074 1030//3075
f 1072//3076 1131//3065 1092//3064
f 1092//3064 1030//3075 1072//3076
f 1113//3077 1187//3066 1131//3065
f 1131//3065 1072//3076 1113//3077
f 1191//3078 1229//3067 1187//3066
f 1187//3066 1113//3077 1191//3078
f 1257//3079 1297//3068 1229//3067
f 1229//3067 1191//3078 1257//3079
f 1360//3080 1411//3069 1297//3068
f 1297//3068 1257//3079 1360//3080
f 1571//3081 1597//3070 1411//3069
f 1411//3069 1360//3080 1571//3081
f 1899//3082 1853//3071 1597//3070
f 1597//3070 1571//3081 1899//3082
f 903//3083 970//3072 968//3073
f 968//3073 897//3084 903//3083
f 926//3085 992//3074 970//3072
f 970//3072 903//3083 926//3085
f 961//3086 1030//3075 992//3074
f 992//3074 926//3085 961//3086
f 1016//3087 1072//3076 1030//3075
f 1030//3075 961//3086 1016//3087
f 1076//3088 1113//3077 1072//3076
f 1072//3076 1016//3087 1076//3088
f 1139//3089 1191//3078 1113//3077
f 1113//3077 1076//3088 1139//3089
f 1218//3090 1257//3079 1191//3078
f 1191//3078 1139//3089 1218//3090
f 1315//3091 1360//3080 1257//3079
f 1257//3079 1218//3090 1315//3091
f 1533//3092 1571//3081 1360//3080
f 1360//3080 1315//3091 1533//3092
f 1920//3093 1899//3082 1571//3081
f 1571//3081 1533//3092 1920//3093
f 836//3094 903//3083 897//3084
f 897//3084 828//3095 836//3094
f 864//3096 926//3085 903//3083
f 903//3083 836//3094 864//3096
f 910//3097 961//3086 926//3085
f 926//3085 864//3096 910//3097
f 966//3098 1016//3087 961//3086
f 961//3086 910//3097 966//3098
f 1034//3099 1076//3088 1016//3087
f 1016//3087 966//3098 1034//3099
f 1098//3100 1139//3089 1076//3088
f 1076//3088 1034//3099 1098//3100
f 1201//3101 1218//3090 1139//3089
f 1139//3089 1098//3100 1201//3101
f 1293//3102 1315//3091 1218//3090
f 1218//3090 1201//3101 1293//3102
f 1505//3103 1533//3092 1315//3091
f 1315//3091 1293//3102 1505//3103
f 1924//3104 1920//3093 1533//3092
f 1533//3092 1505//3103 1924//3104
f 789//3105 836//3094 828//3095
f 828//3095 779//3106 789//3105
f 825//3107 864//3096 836//3094
f 836//3094 789//3105 825//3107
f 873//3108 910//3097 864//3096
f 864//3096 825//3107 873//3108
f 933//3109 966//3098 910//3097
f 910//3097 873//3108 933//3109
f 999//3110 1034//3099 966//3098
f 966//3098 933//3109 999//3110
f 1087//3111 1098//3100 1034//3099
f 1034//3099 999//3110 1087//3111
f 1182//3112 1201//3101 1098//3100
f 1098//3100 1087//3111 1182//3112
f 1283//3113 1293//3102 1201//3101
f 1201//3101 1182//3112 1283//3113
f 1495//3114 1505//3103 1293//3102
f 1293//3102 1283//3113 1495//3114
f 1826//3115 1924//3104 1505//3103
f 1505//3103 1495//3114 1826//3115
f 776//3116 789//3105 779//3106
f 779//3106 766//3117 776//3116
f 802//3118 825//3107 789//3105
f 789//3105 776//3116 802//3118
f 858//3119 873//3108 825//3107
f 825//3107 802//3118 858//3119
f 920//3120 933//3109 873//3108
f 873//3108 858//3119 920//3120
f 986//3121 999//3110 933//3109
f 933//3109 920//3120 986//3121
f 1080//3122 1087//3111 999//3110
f 999//3110 986//3121 1080//3122
f 1177//3123 1182//3112 1087//3111
f 1087//3111 1080//3122 1177//3123
f 1279//3124 1283//3113 1182//3112
f 1182//3112 1177//3123 1279//3124
f 1487//3125 1495//3114 1283//3113
f 1283//3113 1279//3124 1487//3125
f 1914//3126 1826//3115 1495//3114
f 1495//3114 1487//3125 1914//3126
f 1947//3127 1941//3128 1867//3129
f 1867//3129 1863//3130 1947//3127
f 1981//3131 1967//3132 1941//3128
f 1941//3128 1947//3127 1981//3131
f 2022//3133 1987//3134 1967//3132
f 1967//3132 1981//3131 2022//3133
f 2065//3135 2011//3136 1987//3134
f 1987//3134 2022//3133 2065//3135
f 2121//3137 2035//3138 2011//3136
f 2011//3136 2065//3135 2121//3137
f 2151//3139 2059//3140 2035//3138
f 2035//3138 2121//3137 2151//3139
f 2198//3141 2083//3142 2059//3140
f 2059//3140 2151//3139 2198//3141
f 2219//3143 2103//3144 2083//3142
f 2083//3142 2198//3141 2219//3143
f 2233//3145 2117//3146 2103//3144
f 2103//3144 2219//3143 2233//3145
f 2236//3147 2125//3148 2117//3146
f 2117//3146 2233//3145 2236//3147
f 1969//3149 1947//3127 1863//3130
f 1863//3130 1860//3150 1969//3149
f 2017//3151 1981//3131 1947//3127
f 1947//3127 1969//3149 2017//3151
f 2092//3152 2022//3133 1981//3131
f 1981//3131 2017//3151 2092//3152
f 2171//3153 2065//3135 2022//3133
f 2022//3133 2092//3152 2171//3153
f 2235//3154 2121//3137 2065//3135
f 2065//3135 2171//3153 2235//3154
f 2276//3155 2151//3139 2121//3137
f 2121//3137 2235//3154 2276//3155
f 2307//3156 2198//3141 2151//3139
f 2151//3139 2276//3155 2307//3156
f 2323//3157 2219//3143 2198//3141
f 2198//3141 2307//3156 2323//3157
f 2333//3158 2233//3145 2219//3143
f 2219//3143 2323//3157 2333//3158
f 2337//3159 2236//3147 2233//3145
f 2233//3145 2333//3158 2337//3159
f 1977//3160 1969//3149 1860//3150
f 1860//3150 1857//3161 1977//3160
f 2073//3162 2017//3151 1969//3149
f 1969//3149 1977//3160 2073//3162
f 2184//3163 2092//3152 2017//3151
f 2017//3151 2073//3162 2184//3163
f 2272//3164 2171//3153 2092//3152
f 2092//3152 2184//3163 2272//3164
f 2325//3165 2235//3154 2171//3153
f 2171//3153 2272//3164 2325//3165
f 2348//3166 2276//3155 2235//3154
f 2235//3154 2325//3165 2348//3166
f 2377//3167 2307//3156 2276//3155
f 2276//3155 2348//3166 2377//3167
f 2401//3168 2323//3157 2307//3156
f 2307//3156 2377//3167 2401//3168
f 2408//3169 2333//3158 2323//3157
f 2323//3157 2401//3168 2408//3169
f 2412//3170 2337//3159 2333//3158
f 2333//3158 2408//3169 2412//3170
f 1999//3171 1977//3160 1857//3161
f 1857//3161 1855//3172 1999//3171
f 2139//3173 2073//3162 1977//3160
f 1977//3160 1999//3171 2139//3173
f 2270//3174 2184//3163 2073//3162
f 2073//3162 2139//3173 2270//3174
f 2339//3175 2272//3164 2184//3163
f 2184//3163 2270//3174 2339//3175
f 2385//3176 2325//3165 2272//3164
f 2272//3164 2339//3175 2385//3176
f 2419//3177 2348//3166 2325//3165
f 2325//3165 2385//3176 2419//3177
f 2445//3178 2377//3167 2348//3166
f 2348//3166 2419//3177 2445//3178
f 2471//3179 2401//3168 2377//3167
f 2377//3167 2445//3178 2471//3179
f 2489//3180 2408//3169 2401//3168
f 2401//3168 2471//3179 2489//3180
f 2499//3181 2412//3170 2408//3169
f 2408//3169 2489//3180 2499//3181
f 2027//3182 1999//3171 1855//3172
f 1855//3172 1852//3183 2027//3182
f 2213//3184 2139//3173 1999//3171
f 1999//3171 2027//3182 2213//3184
f 2327//3185 2270//3174 2139//3173
f 2139//3173 2213//3184 2327//3185
f 2395//3186 2339//3175 2270//3174
f 2270//3174 2327//3185 2395//3186
f 2437//3187 2385//3176 2339//3175
f 2339//3175 2395//3186 2437//3187
f 2493//3188 2419//3177 2385//3176
f 2385//3176 2437//3187 2493//3188
f 2532//3189 2445//3178 2419//3177
f 2419//3177 2493//3188 2532//3189
f 2550//3190 2471//3179 2445//3178
f 2445//3178 2532//3189 2550//3190
f 2560//3191 2489//3180 2471//3179
f 2471//3179 2550//3190 2560//3191
f 2570//3192 2499//3181 2489//3180
f 2489//3180 2560//3191 2570//3192
f 2053//3193 2027//3182 1852//3183
f 1852//3183 1849//3194 2053//3193
f 2264//3195 2213//3184 2027//3182
f 2027//3182 2053//3193 2264//3195
f 2367//3196 2327//3185 2213//3184
f 2213//3184 2264//3195 2367//3196
f 2433//3197 2395//3186 2327//3185
f 2327//3185 2367//3196 2433//3197
f 2511//3198 2437//3187 2395//3186
f 2395//3186 2433//3197 2511//3198
f 2552//3199 2493//3188 2437//3187
f 2437//3187 2511//3198 2552//3199
f 2594//3200 2532//3189 2493//3188
f 2493//3188 2552//3199 2594//3200
f 2632//3201 2550//3190 2532//3189
f 2532//3189 2594//3200 2632//3201
f 2654//3202 2560//3191 2550//3190
f 2550//3190 2632//3201 2654//3202
f 2656//3203 2570//3192 2560//3191
f 2560//3191 2654//3202 2656//3203
f 2091//3204 2053//3193 1849//3194
f 1849//3194 1847//3205 2091//3204
f 2309//3206 2264//3195 2053//3193
f 2053//3193 2091//3204 2309//3206
f 2404//3207 2367//3196 2264//3195
f 2264//3195 2309//3206 2404//3207
f 2485//3208 2433//3197 2367//3196
f 2367//3196 2404//3207 2485//3208
f 2548//3209 2511//3198 2433//3197
f 2433//3197 2485//3208 2548//3209
f 2608//3210 2552//3199 2511//3198
f 2511//3198 2548//3209 2608//3210
f 2661//3211 2594//3200 2552//3199
f 2552//3199 2608//3210 2661//3211
f 2698//3212 2632//3201 2594//3200
f 2594//3200 2661//3211 2698//3212
f 2719//3213 2654//3202 2632//3201
f 2632//3201 2698//3212 2719//3213
f 2725//3214 2656//3203 2654//3202
f 2654//3202 2719//3213 2725//3214
f 2119//3215 2091//3204 1847//3205
f 1847//3205 1833//3216 2119//3215
f 2331//3217 2309//3206 2091//3204
f 2091//3204 2119//3215 2331//3217
f 2423//3218 2404//3207 2309//3206
f 2309//3206 2331//3217 2423//3218
f 2526//3219 2485//3208 2404//3207
f 2404//3207 2423//3218 2526//3219
f 2590//3220 2548//3209 2485//3208
f 2485//3208 2526//3219 2590//3220
f 2658//3221 2608//3210 2548//3209
f 2548//3209 2590//3220 2658//3221
f 2714//3222 2661//3211 2608//3210
f 2608//3210 2658//3221 2714//3222
f 2760//3223 2698//3212 2661//3211
f 2661//3211 2714//3222 2760//3223
f 2788//3224 2719//3213 2698//3212
f 2698//3212 2760//3223 2788//3224
f 2796//3225 2725//3214 2719//3213
f 2719//3213 2788//3224 2796//3225
f 2129//3226 2119//3215 1833//3216
f 1833//3216 1827//3227 2129//3226
f 2341//3228 2331//3217 2119//3215
f 2119//3215 2129//3226 2341//3228
f 2440//3229 2423//3218 2331//3217
f 2331//3217 2341//3228 2440//3229
f 2535//3230 2526//3219 2423//3218
f 2423//3218 2440//3229 2535//3230
f 2623//3231 2590//3220 2526//3219
f 2526//3219 2535//3230 2623//3231
f 2689//3232 2658//3221 2590//3220
f 2590//3220 2623//3231 2689//3232
f 2749//3233 2714//3222 2658//3221
f 2658//3221 2689//3232 2749//3233
f 2797//3234 2760//3223 2714//3222
f 2714//3222 2749//3233 2797//3234
f 2833//3235 2788//3224 2760//3223
f 2760//3223 2797//3234 2833//3235
f 2843//3236 2796//3225 2788//3224
f 2788//3224 2833//3235 2843//3236
f 2137//3237 2129//3226 1827//3227
f 1827//3227 1815//3238 2137//3237
f 2345//3239 2341//3228 2129//3226
f 2129//3226 2137//3237 2345//3239
f 2447//3240 2440//3229 2341//3228
f 2341//3228 2345//3239 2447//3240
f 2544//3241 2535//3230 2440//3229
f 2440//3229 2447//3240 2544//3241
f 2638//3242 2623//3231 2535//3230
f 2535//3230 2544//3241 2638//3242
f 2704//3243 2689//3232 2623//3231
f 2623//3231 2638//3242 2704//3243
f 2766//3244 2749//3233 2689//3232
f 2689//3232 2704//3243 2766//3244
f 2822//3245 2797//3234 2749//3233
f 2749//3233 2766//3244 2822//3245
f 2848//3246 2833//3235 2797//3234
f 2797//3234 2822//3245 2848//3246
f 2858//3247 2843//3236 2833//3235
f 2833//3235 2848//3246 2858//3247
f 1735//3248 2334//3249 2329//3250
f 1735//3248 2329//3250 2321//3251
f 1735//3248 2321//3251 2305//3252
f 1735//3248 2305//3252 2274//3253
f 1735//3248 2274//3253 2231//3254
f 1735//3248 2231//3254 2167//3255
f 1735//3248 2167//3255 2089//3256
f 1735//3248 2089//3256 2014//3257
f 1735//3248 2014//3257 1962//3258
f 1735//3248 1962//3258 1733//3259
f 2515//3260 2329//3250 2334//3249
f 2334//3249 2524//3261 2515//3260
f 2495//3262 2321//3251 2329//3250
f 2329//3250 2515//3260 2495//3262
f 2456//3263 2305//3252 2321//3251
f 2321//3251 2495//3262 2456//3263
f 2429//3264 2274//3253 2305//3252
f 2305//3252 2456//3263 2429//3264
f 2399//3265 2231//3254 2274//3253
f 2274//3253 2429//3264 2399//3265
f 2347//3266 2167//3255 2231//3254
f 2231//3254 2399//3265 2347//3266
f 2292//3267 2089//3256 2167//3255
f 2167//3255 2347//3266 2292//3267
f 2148//3268 2014//3257 2089//3256
f 2089//3256 2292//3267 2148//3268
f 2004//3269 1962//3258 2014//3257
f 2014//3257 2148//3268 2004//3269
f 1739//3270 1733//3259 1962//3258
f 1962//3258 2004//3269 1739//3270
f 2647//3271 2515//3260 2524//3261
f 2524//3261 2649//3272 2647//3271
f 2621//3273 2495//3262 2515//3260
f 2515//3260 2647//3271 2621//3273
f 2584//3274 2456//3263 2495//3262
f 2495//3262 2621//3273 2584//3274
f 2541//3275 2429//3264 2456//3263
f 2456//3263 2584//3274 2541//3275
f 2502//3276 2399//3265 2429//3264
f 2429//3264 2541//3275 2502//3276
f 2426//3277 2347//3266 2399//3265
f 2399//3265 2502//3276 2426//3277
f 2352//3278 2292//3267 2347//3266
f 2347//3266 2426//3277 2352//3278
f 2255//3279 2148//3268 2292//3267
f 2292//3267 2352//3278 2255//3279
f 2046//3280 2004//3269 2148//3268
f 2148//3268 2255//3279 2046//3280
f 1702//3281 1739//3270 2004//3269
f 2004//3269 2046//3280 1702//3281
f 2746//3282 2647//3271 2649//3272
f 2649//3272 2757//3283 2746//3282
f 2721//3284 2621//3273 2647//3271
f 2647//3271 2746//3282 2721//3284
f 2681//3285 2584//3274 2621//3273
f 2621//3273 2721//3284 2681//3285
f 2639//3286 2541//3275 2584//3274
f 2584//3274 2681//3285 2639//3286
f 2557//3287 2502//3276 2541//3275
f 2541//3275 2639//3286 2557//3287
f 2505//3288 2426//3277 2502//3276
f 2502//3276 2557//3287 2505//3288
f 2415//3289 2352//3278 2426//3277
f 2426//3277 2505//3288 2415//3289
f 2318//3290 2255//3279 2352//3278
f 2352//3278 2415//3289 2318//3290
f 2098//3291 2046//3280 2255//3279
f 2255//3279 2318//3290 2098//3291
f 1745//3292 1702//3281 2046//3280
f 2046//3280 2098//3291 1745//3292
f 2840//3293 2746//3282 2757//3283
f 2757//3283 2849//3294 2840//3293
f 2808//3295 2721//3284 2746//3282
f 2746//3282 2840//3293 2808//3295
f 2756//3296 2681//3285 2721//3284
f 2721//3284 2808//3295 2756//3296
f 2696//3297 2639//3286 2681//3285
f 2681//3285 2756//3296 2696//3297
f 2626//3298 2557//3287 2639//3286
f 2639//3286 2696//3297 2626//3298
f 2538//3299 2505//3288 2557//3287
f 2557//3287 2626//3298 2538//3299
f 2443//3300 2415//3289 2505//3288
f 2505//3288 2538//3299 2443//3300
f 2342//3301 2318//3290 2415//3289
f 2415//3289 2443//3300 2342//3301
f 2131//3302 2098//3291 2318//3290
f 2318//3290 2342//3301 2131//3302
f 1904//3303 1745//3292 2098//3291
f 2098//3291 2131//3302 1904//3303
f 2906//3304 2840//3293 2849//3294
f 2849//3294 2925//3305 2906//3304
f 2867//3306 2808//3295 2840//3293
f 2840//3293 2906//3304 2867//3306
f 2818//3307 2756//3296 2808//3295
f 2808//3295 2867//3306 2818//3307
f 2736//3308 2696//3297 2756//3296
f 2756//3296 2818//3307 2736//3308
f 2667//3309 2626//3298 2696//3297
f 2696//3297 2736//3308 2667//3309
f 2565//3310 2538//3299 2626//3298
f 2626//3298 2667//3309 2565//3310
f 2475//3311 2443//3300 2538//3299
f 2538//3299 2565//3310 2475//3311
f 2356//3312 2342//3301 2443//3300
f 2443//3300 2475//3311 2356//3312
f 2156//3313 2131//3302 2342//3301
f 2342//3301 2356//3312 2156//3313
f 1704//3314 1904//3303 2131//3302
f 2131//3302 2156//3313 1704//3314
f 2976//3315 2906//3304 2925//3305
f 2925//3305 2987//3316 2976//3315
f 2914//3317 2867//3306 2906//3304
f 2906//3304 2976//3315 2914//3317
f 2852//3318 2818//3307 2867//3306
f 2867//3306 2914//3317 2852//3318
f 2772//3319 2736//3308 2818//3307
f 2818//3307 2852//3318 2772//3319
f 2688//3320 2667//3309 2736//3308
f 2736//3308 2772//3319 2688//3320
f 2592//3321 2565//3310 2667//3309
f 2667//3309 2688//3320 2592//3321
f 2497//3322 2475//3311 2565//3310
f 2565//3310 2592//3321 2497//3322
f 2372//3323 2356//3312 2475//3311
f 2475//3311 2497//3322 2372//3323
f 2176//3324 2156//3313 2356//3312
f 2356//3312 2372//3323 2176//3324
f 1752//3325 1704//3314 2156//3313
f 2156//3313 2176//3324 1752//3325
f 2993//3326 2976//3315 2987//3316
f 2987//3316 3011//3327 2993//3326
f 2952//3328 2914//3317 2976//3315
f 2976//3315 2993//3326 2952//3328
f 2874//3329 2852//3318 2914//3317
f 2914//3317 2952//3328 2874//3329
f 2794//3330 2772//3319 2852//3318
f 2852//3318 2874//3329 2794//3330
f 2702//3331 2688//3320 2772//3319
f 2772//3319 2794//3330 2702//3331
f 2604//3332 2592//3321 2688//3320
f 2688//3320 2702//3331 2604//3332
f 2509//3333 2497//3322 2592//3321
f 2592//3321 2604//3332 2509//3333
f 2380//3334 2372//3323 2497//3322
f 2497//3322 2509//3333 2380//3334
f 2182//3335 2176//3324 2372//3323
f 2372//3323 2380//3334 2182//3335
f 1723//3336 1752//3325 2176//3324
f 2176//3324 2182//3335 1723//3336
f 3000//3337 2993//3326 3011//3327
f 3011//3327 3020//3338 3000//3337
f 2967//3339 2952//3328 2993//3326
f 2993//3326 3000//3337 2967//3339
f 2879//3340 2874//3329 2952//3328
f 2952//3328 2967//3339 2879//3340
f 2799//3341 2794//3330 2874//3329
f 2874//3329 2879//3340 2799//3341
f 2707//3342 2702//3331 2794//3330
f 2794//3330 2799//3341 2707//3342
f 2605//3343 2604//3332 2702//3331
f 2702//3331 2707//3342 2605//3343
f 2512//3344 2509//3333 2604//3332
f 2604//3332 2605//3343 2512//3344
f 2382//3345 2380//3334 2509//3333
f 2509//3333 2512//3344 2382//3345
f 2188//3346 2182//3335 2380//3334
f 2380//3334 2382//3345 2188//3346
f 1699//3347 1723//3336 2182//3335
f 2182//3335 2188//3346 1699//3347
f 3006//3348 3000//3337 3020//3338
f 3020//3338 3022//3349 3006//3348
f 2972//3350 2967//3339 3000//3337
f 3000//3337 3006//3348 2972//3350
f 2888//3351 2879//3340 2967//3339
f 2967//3339 2972//3350 2888//3351
f 2804//3352 2799//3341 2879//3340
f 2879//3340 2888//3351 2804//3352
f 2710//3353 2707//3342 2799//3341
f 2799//3341 2804//3352 2710//3353
f 2613//3354 2605//3343 2707//3342
f 2707//3342 2710//3353 2613//3354
f 2520//3355 2512//3344 2605//3343
f 2605//3343 2613//3354 2520//3355
f 2388//3356 2382//3345 2512//3344
f 2512//3344 2520//3355 2388//3356
f 2192//3357 2188//3346 2382//3345
f 2382//3345 2388//3356 2192//3357
f 1760//3358 1699//3347 2188//3346
f 2188//3346 2192//3357 1760//3358
f 1735//3359 1737//3360 1660//3361
f 1735//3359 1660//3361 1608//3362
f 1735//3359 1608//3362 1535//3363
f 1735//3359 1535//3363 1457//3364
f 1735//3359 1457//3364 1393//3365
f 1735//3359 1393//3365 1350//3366
f 1735//3359 1350//3366 1319//3367
f 1735//3359 1319//3367 1303//3368
f 1735//3359 1303//3368 1295//3369
f 1735//3359 1295//3369 1288//3370
f 1618//3371 1660//3361 1737//3360
f 1737//3360 1739//3372 1618//3371
f 1474//3373 1608//3362 1660//3361
f 1660//3361 1618//3371 1474//3373
f 1332//3374 1535//3363 1608//3362
f 1608//3362 1474//3373 1332//3374
f 1277//3375 1457//3364 1535//3363
f 1535//3363 1332//3374 1277//3375
f 1225//3376 1393//3365 1457//3364
f 1457//3364 1277//3375 1225//3376
f 1195//3377 1350//3366 1393//3365
f 1393//3365 1225//3376 1195//3377
f 1166//3378 1319//3367 1350//3366
f 1350//3366 1195//3377 1166//3378
f 1129//3379 1303//3368 1319//3367
f 1319//3367 1166//3378 1129//3379
f 1109//3380 1295//3369 1303//3368
f 1303//3368 1129//3379 1109//3380
f 1099//3381 1288//3370 1295//3369
f 1295//3369 1109//3380 1099//3381
f 1576//3382 1618//3371 1739//3372
f 1739//3372 1741//3383 1576//3382
f 1367//3384 1474//3373 1618//3371
f 1618//3371 1576//3382 1367//3384
f 1270//3385 1332//3374 1474//3373
f 1474//3373 1367//3384 1270//3385
f 1196//3386 1277//3375 1332//3374
f 1332//3374 1270//3385 1196//3386
f 1120//3387 1225//3376 1277//3375
f 1277//3375 1196//3386 1120//3387
f 1081//3388 1195//3377 1225//3376
f 1225//3376 1120//3387 1081//3388
f 1040//3389 1166//3378 1195//3377
f 1195//3377 1081//3388 1040//3389
f 1001//3390 1129//3379 1166//3378
f 1166//3378 1040//3389 1001//3390
f 975//3391 1109//3380 1129//3379
f 1129//3379 1001//3390 975//3391
f 973//3392 1099//3381 1109//3380
f 1109//3380 975//3391 973//3392
f 1524//3393 1576//3382 1741//3383
f 1741//3383 1744//3394 1524//3393
f 1304//3395 1367//3384 1576//3382
f 1576//3382 1524//3393 1304//3395
f 1209//3396 1270//3385 1367//3384
f 1367//3384 1304//3395 1209//3396
f 1119//3397 1196//3386 1270//3385
f 1270//3385 1209//3396 1119//3397
f 1065//3398 1120//3387 1196//3386
f 1196//3386 1119//3397 1065//3398
f 983//3399 1081//3388 1120//3387
f 1120//3387 1065//3398 983//3399
f 941//3400 1040//3389 1081//3388
f 1081//3388 983//3399 941//3400
f 901//3401 1001//3390 1040//3389
f 1040//3389 941//3400 901//3401
f 878//3402 975//3391 1001//3390
f 1001//3390 901//3401 878//3402
f 865//3403 973//3392 975//3391
f 975//3391 878//3402 865//3403
f 1493//3404 1524//3393 1744//3394
f 1744//3394 1747//3405 1493//3404
f 1280//3406 1304//3395 1524//3393
f 1524//3393 1493//3404 1280//3406
f 1181//3407 1209//3396 1304//3395
f 1304//3395 1280//3406 1181//3407
f 1086//3408 1119//3397 1209//3396
f 1209//3396 1181//3407 1086//3408
f 998//3409 1065//3398 1119//3397
f 1119//3397 1086//3408 998//3409
f 928//3410 983//3399 1065//3398
f 1065//3398 998//3409 928//3410
f 868//3411 941//3400 983//3399
f 983//3399 928//3410 868//3411
f 816//3412 901//3401 941//3400
f 941//3400 868//3411 816//3412
f 784//3413 878//3402 901//3401
f 901//3401 816//3412 784//3413
f 773//3414 865//3403 878//3402
f 878//3402 784//3413 773//3414
f 1466//3415 1493//3404 1747//3405
f 1747//3405 1749//3416 1466//3415
f 1266//3417 1280//3406 1493//3404
f 1493//3404 1466//3415 1266//3417
f 1149//3418 1181//3407 1280//3406
f 1280//3406 1266//3417 1149//3418
f 1057//3419 1086//3408 1181//3407
f 1181//3407 1149//3418 1057//3419
f 955//3420 998//3409 1086//3408
f 1086//3408 1057//3419 955//3420
f 888//3421 928//3410 998//3409
f 998//3409 955//3420 888//3421
f 806//3422 868//3411 928//3410
f 928//3410 888//3421 806//3422
f 755//3423 816//3412 868//3411
f 868//3411 806//3422 755//3423
f 718//3424 784//3413 816//3412
f 816//3412 755//3423 718//3424
f 697//3425 773//3414 784//3413
f 784//3413 718//3424 697//3425
f 1446//3426 1466//3415 1749//3416
f 1749//3416 1753//3427 1446//3426
f 1250//3428 1266//3417 1466//3415
f 1466//3415 1446//3426 1250//3428
f 1127//3429 1149//3418 1266//3417
f 1266//3417 1250//3428 1127//3429
f 1032//3430 1057//3419 1149//3418
f 1149//3418 1127//3429 1032//3430
f 936//3431 955//3420 1057//3419
f 1057//3419 1032//3430 936//3431
f 852//3432 888//3421 955//3420
f 955//3420 936//3431 852//3432
f 772//3433 806//3422 888//3421
f 888//3421 852//3432 772//3433
f 710//3434 755//3423 806//3422
f 806//3422 772//3433 710//3434
f 648//3435 718//3424 755//3423
f 755//3423 710//3434 648//3435
f 637//3436 697//3425 718//3424
f 718//3424 648//3435 637//3436
f 1440//3437 1446//3426 1753//3427
f 1753//3427 1755//3438 1440//3437
f 1242//3439 1250//3428 1446//3426
f 1446//3426 1440//3437 1242//3439
f 1115//3440 1127//3429 1250//3428
f 1250//3428 1242//3439 1115//3440
f 1020//3441 1032//3430 1127//3429
f 1127//3429 1115//3440 1020//3441
f 922//3442 936//3431 1032//3430
f 1032//3430 1020//3441 922//3442
f 830//3443 852//3432 936//3431
f 936//3431 922//3442 830//3443
f 750//3444 772//3433 852//3432
f 852//3432 830//3443 750//3444
f 672//3445 710//3434 772//3433
f 772//3433 750//3444 672//3445
f 631//3446 648//3435 710//3434
f 710//3434 672//3445 631//3446
f 613//3447 637//3436 648//3435
f 648//3435 631//3446 613//3447
f 1434//3448 1440//3437 1755//3438
f 1755//3438 1757//3449 1434//3448
f 1240//3450 1242//3439 1440//3437
f 1440//3437 1434//3448 1240//3450
f 1110//3451 1115//3440 1242//3439
f 1242//3439 1240//3450 1110//3451
f 1017//3452 1020//3441 1115//3440
f 1115//3440 1110//3451 1017//3452
f 915//3453 922//3442 1020//3441
f 1020//3441 1017//3452 915//3453
f 823//3454 830//3443 922//3442
f 922//3442 915//3453 823//3454
f 743//3455 750//3444 830//3443
f 830//3443 823//3454 743//3455
f 655//3456 672//3445 750//3444
f 750//3444 743//3455 655//3456
f 622//3457 631//3446 672//3445
f 672//3445 655//3456 622//3457
f 602//3458 613//3447 631//3446
f 631//3446 622//3457 602//3458
f 1428//3459 1434//3448 1757//3449
f 1757//3449 1760//3460 1428//3459
f 1232//3461 1240//3450 1434//3448
f 1434//3448 1428//3459 1232//3461
f 1105//3462 1110//3451 1240//3450
f 1240//3450 1232//3461 1105//3462
f 1010//3463 1017//3452 1110//3451
f 1110//3451 1105//3462 1010//3463
f 913//3464 915//3453 1017//3452
f 1017//3452 1010//3463 913//3464
f 821//3465 823//3454 915//3453
f 915//3453 913//3464 821//3465
f 736//3466 743//3455 823//3454
f 823//3454 821//3465 736//3466
f 652//3467 655//3456 743//3455
f 743//3455 736//3466 652//3467
f 619//3468 622//3457 655//3456
f 655//3456 652//3467 619//3468
f 601//3469 602//3458 622//3457
f 622//3457 619//3468 601//3469
f 1735//3470 1289//3471 1294//3472
f 1735//3470 1294//3472 1302//3473
f 1735//3470 1302//3473 1318//3474
f 1735//3470 1318//3474 1349//3475
f 1735//3470 1349//3475 1392//3476
f 1735//3470 1392//3476 1456//3477
f 1735//3470 1456//3477 1534//3478
f 1735//3470 1534//3478 1609//3479
f 1735//3470 1609//3479 1661//3480
f 1735//3470 1661//3480 1889//3481
f 1108//3482 1294//3472 1289//3471
f 1289//3471 1099//3483 1108//3482
f 1128//3484 1302//3473 1294//3472
f 1294//3472 1108//3482 1128//3484
f 1167//3485 1318//3474 1302//3473
f 1302//3473 1128//3484 1167//3485
f 1194//3486 1349//3475 1318//3474
f 1318//3474 1167//3485 1194//3486
f 1224//3487 1392//3476 1349//3475
f 1349//3475 1194//3486 1224//3487
f 1276//3488 1456//3477 1392//3476
f 1392//3476 1224//3487 1276//3488
f 1331//3489 1534//3478 1456//3477
f 1456//3477 1276//3488 1331//3489
f 1475//3490 1609//3479 1534//3478
f 1534//3478 1331//3489 1475//3490
f 1619//3491 1661//3480 1609//3479
f 1609//3479 1475//3490 1619//3491
f 1738//3492 1889//3481 1661//3480
f 1661//3480 1619//3491 1738//3492
f 976//3493 1108//3482 1099//3483
f 1099//3483 974//3494 976//3493
f 1002//3495 1128//3484 1108//3482
f 1108//3482 976//3493 1002//3495
f 1039//3496 1167//3485 1128//3484
f 1128//3484 1002//3495 1039//3496
f 1082//3497 1194//3486 1167//3485
f 1167//3485 1039//3496 1082//3497
f 1121//3498 1224//3487 1194//3486
f 1194//3486 1082//3497 1121//3498
f 1197//3499 1276//3488 1224//3487
f 1224//3487 1121//3498 1197//3499
f 1271//3500 1331//3489 1276//3488
f 1276//3488 1197//3499 1271//3500
f 1368//3501 1475//3490 1331//3489
f 1331//3489 1271//3500 1368//3501
f 1577//3502 1619//3491 1475//3490
f 1475//3490 1368//3501 1577//3502
f 1903//3503 1738//3492 1619//3491
f 1619//3491 1577//3502 1903//3503
f 877//3504 976//3493 974//3494
f 974//3494 866//3505 877//3504
f 902//3506 1002//3495 976//3493
f 976//3493 877//3504 902//3506
f 942//3507 1039//3496 1002//3495
f 1002//3495 902//3506 942//3507
f 984//3508 1082//3497 1039//3496
f 1039//3496 942//3507 984//3508
f 1066//3509 1121//3498 1082//3497
f 1082//3497 984//3508 1066//3509
f 1118//3510 1197//3499 1121//3498
f 1121//3498 1066//3509 1118//3510
f 1208//3511 1271//3500 1197//3499
f 1197//3499 1118//3510 1208//3511
f 1305//3512 1368//3501 1271//3500
f 1271//3500 1208//3511 1305//3512
f 1525//3513 1577//3502 1368//3501
f 1368//3501 1305//3512 1525//3513
f 1742//3514 1903//3503 1577//3502
f 1577//3502 1525//3513 1742//3514
f 783//3515 877//3504 866//3505
f 866//3505 774//3516 783//3515
f 815//3517 902//3506 877//3504
f 877//3504 783//3515 815//3517
f 867//3518 942//3507 902//3506
f 902//3506 815//3517 867//3518
f 927//3519 984//3508 942//3507
f 942//3507 867//3518 927//3519
f 997//3520 1066//3509 984//3508
f 984//3508 927//3519 997//3520
f 1085//3521 1118//3510 1066//3509
f 1066//3509 997//3520 1085//3521
f 1180//3522 1208//3511 1118//3510
f 1118//3510 1085//3521 1180//3522
f 1281//3523 1305//3512 1208//3511
f 1208//3511 1180//3522 1281//3523
f 1492//3524 1525//3513 1305//3512
f 1305//3512 1281//3523 1492//3524
f 1703//3525 1742//3514 1525//3513
f 1525//3513 1492//3524 1703//3525
f 717//3526 783//3515 774//3516
f 774//3516 698//3527 717//3526
f 756//3528 815//3517 783//3515
f 783//3515 717//3526 756//3528
f 805//3529 867//3518 815//3517
f 815//3517 756//3528 805//3529
f 887//3530 927//3519 867//3518
f 867//3518 805//3529 887//3530
f 956//3531 997//3520 927//3519
f 927//3519 887//3530 956//3531
f 1058//3532 1085//3521 997//3520
f 997//3520 956//3531 1058//3532
f 1148//3533 1180//3522 1085//3521
f 1085//3521 1058//3532 1148//3533
f 1267//3534 1281//3523 1180//3522
f 1180//3522 1148//3533 1267//3534
f 1467//3535 1492//3524 1281//3523
f 1281//3523 1267//3534 1467//3535
f 1905//3536 1703//3525 1492//3524
f 1492//3524 1467//3535 1905//3536
f 647//3537 717//3526 698//3527
f 698//3527 636//3538 647//3537
f 709//3539 756//3528 717//3526
f 717//3526 647//3537 709//3539
f 771//3540 805//3529 756//3528
f 756//3528 709//3539 771//3540
f 851//3541 887//3530 805//3529
f 805//3529 771//3540 851//3541
f 935//3542 956//3531 887//3530
f 887//3530 851//3541 935//3542
f 1031//3543 1058//3532 956//3531
f 956//3531 935//3542 1031//3543
f 1126//3544 1148//3533 1058//3532
f 1058//3532 1031//3543 1126//3544
f 1251//3545 1267//3534 1148//3533
f 1148//3533 1126//3544 1251//3545
f 1447//3546 1467//3535 1267//3534
f 1267//3534 1251//3545 1447//3546
f 1751//3547 1905//3536 1467//3535
f 1467//3535 1447//3546 1751//3547
f 630//3548 647//3537 636//3538
f 636//3538 612//3549 630//3548
f 671//3550 709//3539 647//3537
f 647//3537 630//3548 671//3550
f 749//3551 771//3540 709//3539
f 709//3539 671//3550 749//3551
f 829//3552 851//3541 771//3540
f 771//3540 749//3551 829//3552
f 921//3553 935//3542 851//3541
f 851//3541 829//3552 921//3553
f 1019//3554 1031//3543 935//3542
f 935//3542 921//3553 1019//3554
f 1114//3555 1126//3544 1031//3543
f 1031//3543 1019//3554 1114//3555
f 1243//3556 1251//3545 1126//3544
f 1126//3544 1114//3555 1243//3556
f 1441//3557 1447//3546 1251//3545
f 1251//3545 1243//3556 1441//3557
f 1896//3558 1751//3547 1447//3546
f 1447//3546 1441//3557 1896//3558
f 623//3559 630//3548 612//3549
f 612//3549 603//3560 623//3559
f 656//3561 671//3550 630//3548
f 630//3548 623//3559 656//3561
f 744//3562 749//3551 671//3550
f 671//3550 656//3561 744//3562
f 824//3563 829//3552 749//3551
f 749//3551 744//3562 824//3563
f 916//3564 921//3553 829//3552
f 829//3552 824//3563 916//3564
f 1018//3565 1019//3554 921//3553
f 921//3553 916//3564 1018//3565
f 1111//3566 1114//3555 1019//3554
f 1019//3554 1018//3565 1111//3566
f 1241//3567 1243//3556 1114//3555
f 1114//3555 1111//3566 1241//3567
f 1435//3568 1441//3557 1243//3556
f 1243//3556 1241//3567 1435//3568
f 1923//3569 1896//3558 1441//3557
f 1441//3557 1435//3568 1923//3569
f 617//3570 623//3559 603//3560
f 603//3560 601//3571 617//3570
f 650//3572 656//3561 623//3559
f 623//3559 617//3570 650//3572
f 734//3573 744//3562 656//3561
f 656//3561 650//3572 734//3573
f 818//3574 824//3563 744//3562
f 744//3562 734//3573 818//3574
f 912//3575 916//3564 824//3563
f 824//3563 818//3574 912//3575
f 1009//3576 1018//3565 916//3564
f 916//3564 912//3575 1009//3576
f 1102//3577 1111//3566 1018//3565
f 1018//3565 1009//3576 1102//3577
f 1235//3578 1241//3567 1111//3566
f 1111//3566 1102//3577 1235//3578
f 1431//3579 1435//3568 1241//3567
f 1241//3567 1235//3578 1431//3579
f 1759//3580 1923//3569 1435//3568
f 1435//3568 1431//3579 1759//3580
f 1735//3581 1736//3582 1963//3583
f 1735//3581 1963//3583 2015//3584
f 1735//3581 2015//3584 2088//3585
f 1735//3581 2088//3585 2166//3586
f 1735//3581 2166//3586 2230//3587
f 1735//3581 2230//3587 2273//3588
f 1735//3581 2273//3588 2304//3589
f 1735//3581 2304//3589 2320//3590
f 1735//3581 2320//3590 2328//3591
f 1735//3581 2328//3591 2335//3592
f 2005//3593 1963//3583 1736//3582
f 1736//3582 1738//3594 2005//3593
f 2149//3595 2015//3584 1963//3583
f 1963//3583 2005//3593 2149//3595
f 2291//3596 2088//3585 2015//3584
f 2015//3584 2149//3595 2291//3596
f 2346//3597 2166//3586 2088//3585
f 2088//3585 2291//3596 2346//3597
f 2398//3598 2230//3587 2166//3586
f 2166//3586 2346//3597 2398//3598
f 2428//3599 2273//3588 2230//3587
f 2230//3587 2398//3598 2428//3599
f 2457//3600 2304//3589 2273//3588
f 2273//3588 2428//3599 2457//3600
f 2494//3601 2320//3590 2304//3589
f 2304//3589 2457//3600 2494//3601
f 2514//3602 2328//3591 2320//3590
f 2320//3590 2494//3601 2514//3602
f 2524//3603 2335//3592 2328//3591
f 2328//3591 2514//3602 2524//3603
f 2047//3604 2005//3593 1738//3594
f 1738//3594 1740//3605 2047//3604
f 2256//3606 2149//3595 2005//3593
f 2005//3593 2047//3604 2256//3606
f 2353//3607 2291//3596 2149//3595
f 2149//3595 2256//3606 2353//3607
f 2427//3608 2346//3597 2291//3596
f 2291//3596 2353//3607 2427//3608
f 2503//3609 2398//3598 2346//3597
f 2346//3597 2427//3608 2503//3609
f 2542//3610 2428//3599 2398//3598
f 2398//3598 2503//3609 2542//3610
f 2583//3611 2457//3600 2428//3599
f 2428//3599 2542//3610 2583//3611
f 2622//3612 2494//3601 2457//3600
f 2457//3600 2583//3611 2622//3612
f 2648//3613 2514//3602 2494//3601
f 2494//3601 2622//3612 2648//3613
f 2650//3614 2524//3603 2514//3602
f 2514//3602 2648//3613 2650//3614
f 2099//3615 2047//3604 1740//3605
f 1740//3605 1743//3616 2099//3615
f 2319//3617 2256//3606 2047//3604
f 2047//3604 2099//3615 2319//3617
f 2414//3618 2353//3607 2256//3606
f 2256//3606 2319//3617 2414//3618
f 2504//3619 2427//3608 2353//3607
f 2353//3607 2414//3618 2504//3619
f 2558//3620 2503//3609 2427//3608
f 2427//3608 2504//3619 2558//3620
f 2640//3621 2542//3610 2503//3609
f 2503//3609 2558//3620 2640//3621
f 2682//3622 2583//3611 2542//3610
f 2542//3610 2640//3621 2682//3622
f 2722//3623 2622//3612 2583//3611
f 2583//3611 2682//3622 2722//3623
f 2745//3624 2648//3613 2622//3612
f 2622//3612 2722//3623 2745//3624
f 2758//3625 2650//3614 2648//3613
f 2648//3613 2745//3624 2758//3625
f 2130//3626 2099//3615 1743//3616
f 1743//3616 1746//3627 2130//3626
f 2343//3628 2319//3617 2099//3615
f 2099//3615 2130//3626 2343//3628
f 2442//3629 2414//3618 2319//3617
f 2319//3617 2343//3628 2442//3629
f 2537//3630 2504//3619 2414//3618
f 2414//3618 2442//3629 2537//3630
f 2625//3631 2558//3620 2504//3619
f 2504//3619 2537//3630 2625//3631
f 2695//3632 2640//3621 2558//3620
f 2558//3620 2625//3631 2695//3632
f 2755//3633 2682//3622 2640//3621
f 2640//3621 2695//3632 2755//3633
f 2807//3634 2722//3623 2682//3622
f 2682//3622 2755//3633 2807//3634
f 2839//3635 2745//3624 2722//3623
f 2722//3623 2807//3634 2839//3635
f 2850//3636 2758//3625 2745//3624
f 2745//3624 2839//3635 2850//3636
f 2157//3637 2130//3626 1746//3627
f 1746//3627 1748//3638 2157//3637
f 2357//3639 2343//3628 2130//3626
f 2130//3626 2157//3637 2357//3639
f 2474//3640 2442//3629 2343//3628
f 2343//3628 2357//3639 2474//3640
f 2566//3641 2537//3630 2442//3629
f 2442//3629 2474//3640 2566//3641
f 2668//3642 2625//3631 2537//3630
f 2537//3630 2566//3641 2668//3642
f 2735//3643 2695//3632 2625//3631
f 2625//3631 2668//3642 2735//3643
f 2817//3644 2755//3633 2695//3632
f 2695//3632 2735//3643 2817//3644
f 2868//3645 2807//3634 2755//3633
f 2755//3633 2817//3644 2868//3645
f 2905//3646 2839//3635 2807//3634
f 2807//3634 2868//3645 2905//3646
f 2926//3647 2850//3636 2839//3635
f 2839//3635 2905//3646 2926//3647
f 2177//3648 2157//3637 1748//3638
f 1748//3638 1750//3649 2177//3648
f 2373//3650 2357//3639 2157//3637
f 2157//3637 2177//3648 2373//3650
f 2496//3651 2474//3640 2357//3639
f 2357//3639 2373//3650 2496//3651
f 2591//3652 2566//3641 2474//3640
f 2474//3640 2496//3651 2591//3652
f 2687//3653 2668//3642 2566//3641
f 2566//3641 2591//3652 2687//3653
f 2771//3654 2735//3643 2668//3642
f 2668//3642 2687//3653 2771//3654
f 2851//3655 2817//3644 2735//3643
f 2735//3643 2771//3654 2851//3655
f 2913//3656 2868//3645 2817//3644
f 2817//3644 2851//3655 2913//3656
f 2975//3657 2905//3646 2868//3645
f 2868//3645 2913//3656 2975//3657
f 2986//3658 2926//3647 2905//3646
f 2905//3646 2975//3657 2986//3658
f 2183//3659 2177//3648 1750//3649
f 1750//3649 1754//3660 2183//3659
f 2381//3661 2373//3650 2177//3648
f 2177//3648 2183//3659 2381//3661
f 2508//3662 2496//3651 2373//3650
f 2373//3650 2381//3661 2508//3662
f 2603//3663 2591//3652 2496//3651
f 2496//3651 2508//3662 2603//3663
f 2701//3664 2687//3653 2591//3652
f 2591//3652 2603//3663 2701//3664
f 2793//3665 2771//3654 2687//3653
f 2687//3653 2701//3664 2793//3665
f 2873//3666 2851//3655 2771//3654
f 2771//3654 2793//3665 2873//3666
f 2951//3667 2913//3656 2851//3655
f 2851//3655 2873//3666 2951//3667
f 2992//3668 2975//3657 2913//3656
f 2913//3656 2951//3667 2992//3668
f 3010//3669 2986//3658 2975//3657
f 2975//3657 2992//3668 3010//3669
f 2189//3670 2183//3659 1754//3660
f 1754//3660 1756//3671 2189//3670
f 2383//3672 2381//3661 2183//3659
f 2183//3659 2189//3670 2383//3672
f 2513//3673 2508//3662 2381//3661
f 2381//3661 2383//3672 2513//3673
f 2606//3674 2603//3663 2508//3662
f 2508//3662 2513//3673 2606//3674
f 2708//3675 2701//3664 2603//3663
f 2603//3663 2606//3674 2708//3675
f 2800//3676 2793//3665 2701//3664
f 2701//3664 2708//3675 2800//3676
f 2880//3677 2873//3666 2793//3665
f 2793//3665 2800//3676 2880//3677
f 2968//3678 2951//3667 2873//3666
f 2873//3666 2880//3677 2968//3678
f 3001//3679 2992//3668 2951//3667
f 2951//3667 2968//3678 3001//3679
f 3021//3680 3010//3669 2992//3668
f 2992//3668 3001//3679 3021//3680
f 2195//3681 2189//3670 1756//3671
f 1756//3671 1759//3682 2195//3681
f 2390//3683 2383//3672 2189//3670
f 2189//3670 2195//3681 2390//3683
f 2517//3684 2513//3673 2383//3672
f 2383//3672 2390//3683 2517//3684
f 2612//3685 2606//3674 2513//3673
f 2513//3673 2517//3684 2612//3685
f 2709//3686 2708//3675 2606//3674
f 2606//3674 2612//3685 2709//3686
f 2801//3687 2800//3676 2708//3675
f 2708//3675 2709//3686 2801//3687
f 2886//3688 2880//3677 2800//3676
f 2800//3676 2801//3687 2886//3688
f 2970//3689 2968//3678 2880//3677
f 2880//3677 2886//3688 2970//3689
f 3004//3690 3001//3679 2968//3678
f 2968//3678 2970//3689 3004//3690
f 3022//3691 3021//3680 3001//3679
f 3001//3679 3004//3690 3022//3691
